Artist ID,Artist name,Region,Track ID,Track name,Release date,Genre,Popularity,Explicit,Duration,Acousticness,Danceability,Energy,Instrumentalness,Key,Liveness,Loudness,Mode,Speechiness,Tempo,Valence
4Z8W4fKeB5YxbusRsdQVPb,Radiohead,Europe,70LcF31zb1H0PyJoS1Sx1r,Creep,1993-02,art rock,85.0,True,238640,0.0097,0.515,0.43,0.000133,G,0.129,-9.935,Major,0.0372,91.844,0.104
4Z8W4fKeB5YxbusRsdQVPb,Radiohead,Europe,10nyNJ6zNy2YVYLrcwLccB,No Surprises,1997-05,art rock,82.0,False,229120,0.0577,0.255,0.393,0.00361,F,0.113,-10.654,Major,0.0278,76.426,0.118
0XNa1vTidXlvJ2gHSsRi4A,Franz Ferdinand,Europe,46gSk82duJtX3TTA182ruG,This fffire - New Version,2004-11,indie rock,76.0,False,218080,0.0259,0.442,0.887,4.57e-06,E,0.0655,-5.943,Minor,0.1,146.358,0.637
4Z8W4fKeB5YxbusRsdQVPb,Radiohead,Europe,63OQupATfueTdZMWTxW03A,Karma Police,1997-05,art rock,76.0,False,264066,0.0638,0.36,0.501,9.32e-05,G,0.172,-9.129,Major,0.0258,74.807,0.324
4Z8W4fKeB5YxbusRsdQVPb,Radiohead,Europe,2a1iMaoWQ5MnvLFBDv4qkf,High and Dry,1995-03,art rock,75.0,False,257480,0.0724,0.419,0.383,0.0176,E,0.0896,-11.782,Major,0.0256,87.568,0.35
4Z8W4fKeB5YxbusRsdQVPb,Radiohead,Europe,73CKjW3vsUXRpy3NnX4H7F,Fake Plastic Trees,1995-03,art rock,72.0,False,290706,0.167,0.463,0.229,0.0997,D,0.202,-12.592,Major,0.0297,73.543,0.135
4Z8W4fKeB5YxbusRsdQVPb,Radiohead,Europe,0z1o5L7HJx562xZSATcIpY,Exit Music (For A Film),1997-05,art rock,73.0,False,267186,0.224,0.293,0.276,0.122,E,0.167,-11.357,Minor,0.0349,121.603,0.195
4Z8W4fKeB5YxbusRsdQVPb,Radiohead,Europe,4wajJ1o7jWIg62YqpkHC7S,Weird Fishes/ Arpeggi,2007-12,art rock,71.0,False,318186,0.772,0.531,0.61,0.756,B,0.0908,-8.025,Minor,0.0387,152.958,0.199
0XNa1vTidXlvJ2gHSsRi4A,Franz Ferdinand,Europe,20I8RduZC2PWMWTDCZuuAN,Take Me Out,2004-02,indie rock,79.0,False,237026,0.000409,0.277,0.663,0.00051,E,0.136,-8.821,Minor,0.0377,104.561,0.527
4Z8W4fKeB5YxbusRsdQVPb,Radiohead,Europe,35YyxFpE0ZTOoqFx5bADW8,Nude,2007-12,art rock,69.0,False,255386,0.832,0.516,0.342,0.579,E,0.0857,-9.785,Major,0.0342,128.378,0.167
4Z8W4fKeB5YxbusRsdQVPb,Radiohead,Europe,6LgJvl0Xdtc73RJ1mmpotq,Paranoid Android,1997-05,art rock,70.0,False,387213,0.0377,0.251,0.848,0.00591,F,0.0545,-6.501,Major,0.0579,163.709,0.207
4Z8W4fKeB5YxbusRsdQVPb,Radiohead,Europe,2rtGaCAeYtmcIvuZsvgTf6,How to Disappear Completely,2000-10,art rock,67.0,False,356333,0.316,0.167,0.302,0.797,F#,0.11,-11.644,Minor,0.0345,102.026,0.19
4Z8W4fKeB5YxbusRsdQVPb,Radiohead,Europe,0YJ9FWWHn9EfnN0lHwbzvV,Jigsaw Falling Into Place,2007-12,art rock,69.0,False,248893,0.108,0.462,0.832,0.00416,B,0.0741,-6.085,Minor,0.0479,165.653,0.807
3PWp9R5HvbQgxI5KBx5kVd,KANA-BOON,Japan,1di1C0QI6Y92yZPYn6XYAZ,シルエット,2015-01,anime,73.0,False,240133,1.03e-05,0.436,0.934,0.14,D,0.321,-2.685,Major,0.0507,91.481,0.384
0blbVefuxOGltDBa00dspv,LiSA,Japan,4BvuZVf9KyBN3QiPfeI9hw,crossing field,2013-10,anime,69.0,False,248946,0.0186,0.45,0.983,0.0,F,0.265,-2.246,Major,0.282,179.041,0.314
0blbVefuxOGltDBa00dspv,LiSA,Japan,0cSkn2l67csUljEy0EEBPn,炎,2020-10,anime,67.0,False,275000,0.105,0.477,0.685,0.0,D,0.277,-4.554,Major,0.0325,152.04,0.308
0blbVefuxOGltDBa00dspv,LiSA,Japan,0qMip0B2D4ePEjBJvAtYre,紅蓮華,2020-10,anime,74.0,False,237586,0.00321,0.541,0.977,5.13e-05,E,0.0796,-2.828,Minor,0.157,134.938,0.263
3w2HqkKa6upwuXEULtGvnY,FLOW,Japan,0xmWQKzc5m9rLv2ucDWxwD,Sign,2010-06,anime,67.0,False,236426,0.00183,0.363,0.914,0.0,B,0.335,-2.899,Minor,0.0983,177.968,0.678
0bAsR2unSRpn6BQPEnNlZm,Aimer,Japan,7v8wKvNQQIxkugCFFjrkaO,残響散歌,2021-12,anime,77.0,False,184893,0.000627,0.367,0.896,0.0,B,0.207,-4.002,Major,0.091,170.863,0.38
0blbVefuxOGltDBa00dspv,LiSA,Japan,5Xs2wcsqZwZ6bfLSpAs08G,紅蓮華 -TV ver.-,2019-07,anime,60.0,False,89946,0.0573,0.559,0.973,0.0,E,0.558,-3.386,Minor,0.088,135.012,0.632
0bAsR2unSRpn6BQPEnNlZm,Aimer,Japan,2HovXsvcdJur52BOcYGydz,カタオモイ,2016-09,anime,67.0,False,207360,0.78,0.621,0.533,0.0,C#,0.333,-5.974,Major,0.0342,96.981,0.791
0blbVefuxOGltDBa00dspv,LiSA,Japan,3SlQVRQAgsc6ac6UBM9dIk,unlasting,2020-10,anime,59.0,False,296813,0.53,0.637,0.447,0.0,G,0.0977,-5.893,Minor,0.0302,113.256,0.343
4rqJz9fE9prZvQd8WsQv6q,THE ORAL CIGARETTES,Japan,38kcwx5znepLWCIBID0Bwm,Kyouran Hey Kids!!,2016-01,j-rock,69.0,False,250973,0.00318,0.526,0.981,0.00161,G#,0.187,-1.82,Major,0.111,142.016,0.781
0MK8l3nURwwQIjafvXoJJt,ASIAN KUNG-FU GENERATION,Japan,5ORPYXJKlpHWIdceavSGrL,遥か彼方,2012-01,j-rock,64.0,False,243346,2.39e-05,0.308,0.955,0.113,E,0.166,-3.763,Major,0.111,174.991,0.237
3w2HqkKa6upwuXEULtGvnY,FLOW,Japan,6bPPyigCphBBQ9781j6eKM,COLORS,2006-01,anime,62.0,False,218493,0.0353,0.457,0.877,0.0,C#,0.106,-4.229,Major,0.0504,136.03,0.387
0blbVefuxOGltDBa00dspv,LiSA,Japan,3J34JtfZNylVXSKN4TDf12,明け星,2021-10,anime,61.0,False,269000,0.000303,0.389,0.867,0.0,C#,0.347,-3.604,Major,0.048,94.952,0.215
0bAsR2unSRpn6BQPEnNlZm,Aimer,Japan,46YSff2Rq1ZtN1YVk5cwbZ,Brave Shine,2015-07,anime,63.0,False,233493,0.00272,0.38,0.889,2.07e-06,G#,0.152,-5.911,Major,0.0801,171.083,0.514
0blbVefuxOGltDBa00dspv,LiSA,Japan,6RpBs7BsS9oiHKtzJXsMOS,ADAMAS,2018-12,anime,63.0,False,225000,0.00906,0.514,0.991,1.28e-05,C#,0.316,-1.768,Minor,0.115,95.528,0.298
0blbVefuxOGltDBa00dspv,LiSA,Japan,0nUKU6e9COOCgO5tAUtlST,紅蓮華,2019-07,anime,56.0,False,238586,0.00336,0.544,0.979,0.000116,E,0.0775,-2.8,Minor,0.153,135.001,0.31
0bAsR2unSRpn6BQPEnNlZm,Aimer,Japan,6MNY72T605kPIOH3hnioxu,Ref:rain,2019-04,anime,60.0,False,289986,0.0343,0.472,0.672,0.0,G,0.0936,-4.297,Major,0.0287,77.982,0.313
3w2HqkKa6upwuXEULtGvnY,FLOW,Japan,30WNOfFRiqgebO4eRkCii8,GO!!!,2004-01,anime,63.0,False,236160,0.075,0.61,0.963,0.0,B,0.256,-4.451,Major,0.0576,133.747,0.839
1YLxQZIGsaZq9rvFu8zeRz,Sayuri,Japan,1yt4wO7dKCwsfjch8SN9aU,花の塔,2022-07,anime,67.0,False,275614,0.0242,0.486,0.948,0.0286,A,0.137,-1.59,Major,0.122,170.015,0.507
0bAsR2unSRpn6BQPEnNlZm,Aimer,Japan,0wVjZVd9dwTdaHmtypsNr6,Torches,2021-04,anime,51.0,False,294760,0.577,0.525,0.665,0.0,C,0.142,-6.579,Major,0.0274,82.044,0.36
24b231EnCM3BkpiuWs5VBE,SID,Japan,5XmWr9rlKvjMLmnq2A5HF5,乱舞のメロディ,2016-01,anime,60.0,False,232666,0.00224,0.417,0.966,1.97e-06,E,0.145,-3.072,Major,0.194,192.067,0.623
0MK8l3nURwwQIjafvXoJJt,ASIAN KUNG-FU GENERATION,Japan,0WaaPFt4Qy8sVfxKz43bCD,Re:Re:,2004-10,j-rock,59.0,False,228760,0.000318,0.537,0.864,0.123,E,0.108,-5.049,Major,0.0369,153.035,0.727
0bAsR2unSRpn6BQPEnNlZm,Aimer,Japan,6Mq4q5OIMO25vBsKpFdlnH,朝が来る,2022-01,anime,57.0,False,294933,0.00118,0.335,0.92,0.0,C#,0.354,-4.086,Major,0.0986,83.117,0.246
24b231EnCM3BkpiuWs5VBE,SID,Japan,0ODOmKxO0CKv4DzoP3HHIC,嘘,2009-07,anime,60.0,False,205973,0.0118,0.438,0.939,0.0,B,0.212,-3.545,Minor,0.0586,179.853,0.842
1YLxQZIGsaZq9rvFu8zeRz,Sayuri,Japan,4KQTgmkSEBzsGS3qL1aX7G,それは小さな光のような,2016-03,anime,36.0,False,272916,0.109,0.492,0.959,0.0,G,0.0796,0.698,Minor,0.0535,143.966,0.349
0bAsR2unSRpn6BQPEnNlZm,Aimer,Japan,3NEuSQZbVmfQwRuDKol40Y,SPARK-AGAIN,2020-09,anime,58.0,False,244160,0.000913,0.399,0.946,0.00462,B,0.356,-3.397,Minor,0.15,90.068,0.502
0MK8l3nURwwQIjafvXoJJt,ASIAN KUNG-FU GENERATION,Japan,2sFBiCSUNc3ptKrCR8JABx,ブラッドサーキュレーター,2018-03,j-rock,57.0,False,222826,0.0493,0.372,0.975,0.0,C,0.331,-2.856,Major,0.126,181.017,0.3
3w2HqkKa6upwuXEULtGvnY,FLOW,Japan,6xUBXdVdzs50AvqARndD1A,COLORS -CODE GEASS OPENING MIX-,2006-01,anime,53.0,False,93786,0.0482,0.524,0.815,0.0,C#,0.122,-5.414,Major,0.0369,136.072,0.638
0blbVefuxOGltDBa00dspv,LiSA,Japan,4cDm9C5jhBiIyYxVhQmMwB,往け,2021-10,anime,59.0,False,228266,0.135,0.56,0.952,0.0,C#,0.162,-2.579,Minor,0.162,89.872,0.689
0blbVefuxOGltDBa00dspv,LiSA,Japan,7LqQO6uWQHDEue1ejeUVhF,Rising Hope,2015-03,anime,57.0,False,251213,0.0626,0.547,0.978,0.0,G#,0.0735,-2.732,Major,0.254,94.703,0.647
3PWp9R5HvbQgxI5KBx5kVd,KANA-BOON,Japan,6NAtVhZ5LrvoKy2Gijr5gj,スターマーカー (Album Mix),2022-03,anime,57.0,False,213640,0.0107,0.502,0.872,0.0,E,0.313,-3.449,Major,0.0421,134.047,0.808
0bAsR2unSRpn6BQPEnNlZm,Aimer,Japan,0ZiO07cHvb675UDaKB1iix,コイワズライ,2019-04,anime,61.0,False,235160,0.3,0.675,0.5,0.0,A#,0.312,-5.825,Major,0.0258,93.917,0.773
0bAsR2unSRpn6BQPEnNlZm,Aimer,Japan,5SIvk89WNJKsl02ojARSYh,LAST STARDUST,2015-07,anime,56.0,False,318666,0.0105,0.473,0.845,2.87e-05,D,0.13,-5.13,Minor,0.0455,121.963,0.223
0blbVefuxOGltDBa00dspv,LiSA,Japan,45UI1yzA7vjkWHoAUZ8nGp,だってアタシのヒーロー。,2017-08,anime,55.0,False,234093,0.0365,0.394,0.99,0.0,A#,0.174,-0.589,Minor,0.188,188.954,0.269
0blbVefuxOGltDBa00dspv,LiSA,Japan,6vRkYTrWDzzVrZTqBJFR0u,Catch the Moment,2017-05,anime,58.0,False,282626,0.0578,0.401,0.978,1.87e-06,G,0.331,-1.875,Major,0.147,190.083,0.446
3PWp9R5HvbQgxI5KBx5kVd,KANA-BOON,Japan,4ESlJoWBExtFumtISwPabd,バトンロード,2017-09,anime,51.0,False,280240,0.000504,0.361,0.946,0.000172,C#,0.343,-3.516,Major,0.0759,161.92,0.39
24b231EnCM3BkpiuWs5VBE,SID,Japan,2LZ9iobmtiQa52mZMIebuH,レイン,2011-02,anime,55.0,False,255533,0.0286,0.585,0.795,0.0,C#,0.122,-4.905,Minor,0.0293,94.964,0.666
0blbVefuxOGltDBa00dspv,LiSA,Japan,4WRoLfCYJ4sLMhXgQJnI2N,oath sign,2012-02,anime,55.0,False,250800,0.0705,0.528,0.935,0.0,F#,0.326,-1.114,Minor,0.0678,152.06,0.55
3w2HqkKa6upwuXEULtGvnY,FLOW,Japan,4ebKRYnUm7pSy5xEnHhjs3,GO!!! 〜NARUTO OPENING MIX〜,2004-04,anime,51.0,False,93133,0.0701,0.601,0.972,0.0,B,0.165,-1.767,Major,0.0563,133.74,0.941
0MK8l3nURwwQIjafvXoJJt,ASIAN KUNG-FU GENERATION,Japan,6XsJTpZwPKMcG8QK8k14Z6,アフターダーク,2008-03,j-rock,57.0,False,192026,0.00193,0.387,0.95,0.0,C#,0.0689,-3.747,Major,0.0475,191.006,0.541
1YLxQZIGsaZq9rvFu8zeRz,Sayuri,Japan,206gqT4spFnIoGwuCpwR79,平行線,2017-05,anime,51.0,False,298760,0.102,0.387,0.879,0.0139,G#,0.0338,-0.684,Major,0.0706,191.027,0.604
3w2HqkKa6upwuXEULtGvnY,FLOW,Japan,0xbykMkzdiCQr6lJ1vTtHB,Sign -NARUTO Opening Mix-,2010-01,anime,48.0,False,93773,0.00122,0.384,0.855,0.0,B,0.127,-3.191,Minor,0.105,177.999,0.749
0bAsR2unSRpn6BQPEnNlZm,Aimer,Japan,1CAhaSy2odeJoPIkFndCIB,星屑ビーナス,2012-10,anime,55.0,False,252226,0.411,0.521,0.621,0.0,F,0.211,-5.268,Major,0.0289,72.982,0.377
0blbVefuxOGltDBa00dspv,LiSA,Japan,08c9t8xZCZt7lVVTNeXpzn,炎,2020-10,anime,51.0,False,274412,0.105,0.477,0.685,0.0,D,0.282,-4.554,Major,0.0325,152.04,0.308
1YLxQZIGsaZq9rvFu8zeRz,Sayuri,Japan,7FOeR1X65DEG4KjpVhNC4Z,それは小さな光のような,2016-02,anime,52.0,False,272906,0.109,0.492,0.959,0.0,G,0.0796,0.698,Minor,0.0535,143.966,0.349
0bAsR2unSRpn6BQPEnNlZm,Aimer,Japan,7c7iiyRHZQB2VUxyUQA8ZI,SPARK-AGAIN,2021-04,anime,54.0,False,242733,0.000715,0.444,0.961,0.00577,F#,0.31,-3.835,Minor,0.112,90.036,0.667
0bAsR2unSRpn6BQPEnNlZm,Aimer,Japan,5kKSQULHCPFE7CKMPrkAtP,I beg you,2019-04,anime,53.0,False,267213,0.00321,0.456,0.893,0.0,F,0.121,-2.825,Minor,0.0813,127.884,0.478
3PWp9R5HvbQgxI5KBx5kVd,KANA-BOON,Japan,3YblgwBrb747gUzuh2CgYF,Torch of Liberty,2020-10,anime,54.0,False,185166,0.00422,0.447,0.934,0.0,F,0.337,-1.998,Major,0.066,94.983,0.356
0bAsR2unSRpn6BQPEnNlZm,Aimer,Japan,2rizK3oastlZwyoYwrcLgC,春はゆく,2021-04,anime,52.0,False,305386,0.186,0.397,0.427,0.0,F,0.0976,-6.954,Minor,0.0271,80.035,0.227
24b231EnCM3BkpiuWs5VBE,SID,Japan,4hKUNjXvTRp1Xpv9n4O8IK,レイン,2010-06,anime,49.0,False,256213,0.0271,0.597,0.793,0.0,C#,0.134,-4.829,Minor,0.0272,94.996,0.641
3w2HqkKa6upwuXEULtGvnY,FLOW,Japan,1hoQxGi3ujVYUzQDhXfvkN,Re:member,2006-01,anime,55.0,False,199560,0.0035,0.404,0.901,0.0,G#,0.0924,-5.991,Minor,0.0616,171.948,0.715
0blbVefuxOGltDBa00dspv,LiSA,Japan,60iYkEAcSpAFcsjRrgTlrc,明け星,2021-11,anime,50.0,False,269000,0.000303,0.389,0.867,0.0,C#,0.347,-3.604,Major,0.048,94.952,0.215
6cutt8thPFUICMfxaYerWd,MY FIRST STORY,Japan,3TeMXdcKef8xeWrjepm2IP,King & Ashley,2019-07,j-rock,51.0,False,203786,0.000127,0.528,0.957,0.0,F,0.119,-4.358,Major,0.11,107.556,0.444
0bAsR2unSRpn6BQPEnNlZm,Aimer,Japan,3E5HwkuvaaW60z6lLHj5D4,オアイコ,2022-08,anime,60.0,False,234541,0.0629,0.64,0.718,0.0,C#,0.0946,-5.088,Major,0.0649,92.989,0.735
0blbVefuxOGltDBa00dspv,LiSA,Japan,0essQdYYWaolOQq1MfVZ2o,NEW ME,2022-09,anime,53.0,False,261238,0.00386,0.274,0.719,2.03e-06,G#,0.0715,-5.459,Major,0.173,185.038,0.281
0bAsR2unSRpn6BQPEnNlZm,Aimer,Japan,3QrRKBM0VEI2aVIW29Fkp2,Blind to you (Remaster for 星の消えた夜に 2022),2022-01,anime,48.0,False,281560,0.145,0.502,0.488,8.06e-06,A#,0.102,-8.125,Minor,0.0304,81.01,0.42
3PWp9R5HvbQgxI5KBx5kVd,KANA-BOON,Japan,4GQjav2jvs9tmbC0KkYtCj,きらりらり,2022-08,anime,52.0,False,222900,0.00378,0.385,0.932,0.00782,C,0.314,-2.27,Major,0.0405,177.093,0.725
0blbVefuxOGltDBa00dspv,LiSA,Japan,0f5hcKLCRgpdVV424X4XDQ,白銀,2021-11,anime,51.0,False,264666,0.00277,0.485,0.888,1.16e-06,B,0.373,-3.326,Major,0.0489,142.983,0.282
0blbVefuxOGltDBa00dspv,LiSA,Japan,2N1pcj1jkiRtDjpMwo0k4H,白銀,2021-11,anime,46.0,False,264666,0.00277,0.485,0.888,1.16e-06,B,0.373,-3.326,Major,0.0489,142.983,0.282
1YLxQZIGsaZq9rvFu8zeRz,Sayuri,Japan,6jZBvlt3xG6gdPh1vFMBhs,航海の唄,2019-11,anime,48.0,False,284133,0.0124,0.359,0.949,0.00511,F#,0.0352,-0.413,Minor,0.0841,180.025,0.302
568ZhdwyaiCyOGJRtNYhWf,Deep Purple,Europe,0OxDGZakSMFjEHSoQHEjfy,Perfect Strangers,2022-10,hard rock,1.0,False,328426,0.00352,0.521,0.72,0.0114,D,0.391,-7.699,Major,0.0254,97.577,0.609
568ZhdwyaiCyOGJRtNYhWf,Deep Purple,Europe,5MMnwYs0hIxkENRsbkWJ2G,Smoke On The Water - Remastered 2012,1972-03,hard rock,73.0,False,340742,0.13,0.598,0.676,0.225,C,0.112,-9.211,Major,0.0279,114.169,0.805
568ZhdwyaiCyOGJRtNYhWf,Deep Purple,Europe,60ifqqPhbselSwXyGrGyMK,Soldier Of Fortune - 2009 Digital Remaster,1974-11,hard rock,59.0,False,204880,0.386,0.533,0.313,4.64e-06,D,0.0868,-13.007,Minor,0.0298,133.615,0.225
568ZhdwyaiCyOGJRtNYhWf,Deep Purple,Europe,3uMmllZo1AfoEnVT4ENCD3,Highway Star - Remastered 2012,1972-03,hard rock,67.0,False,366136,0.135,0.307,0.909,0.0336,A,0.125,-7.08,Minor,0.0574,173.674,0.443
568ZhdwyaiCyOGJRtNYhWf,Deep Purple,Europe,0JtcFIgrkSagrM5JdFakeO,When A Blind Man Cries - Remastered,1972-03,hard rock,60.0,False,209246,0.843,0.52,0.274,0.0165,B,0.0724,-10.661,Minor,0.0363,64.21,0.222
568ZhdwyaiCyOGJRtNYhWf,Deep Purple,Europe,0XHWClSz0v6RIaRSGqJH3X,Smoke on the Water,1990-07,hard rock,59.0,False,337613,0.169,0.616,0.612,0.434,C,0.101,-11.084,Major,0.0275,114.558,0.897
568ZhdwyaiCyOGJRtNYhWf,Deep Purple,Europe,2JhJOPGvtqMpj5RQC8cIYf,Perfect Strangers,1984-09,hard rock,66.0,False,328426,0.00348,0.521,0.721,0.0113,D,0.391,-7.699,Major,0.0254,97.578,0.611
568ZhdwyaiCyOGJRtNYhWf,Deep Purple,Europe,7uRcUUmZpU4YVZFNVZnyXd,Soldier of Fortune,2005-06,hard rock,50.0,False,195160,0.359,0.456,0.395,0.000173,D,0.0984,-10.129,Minor,0.0293,132.611,0.243
22bE4uQ6baNwSHPVcDxLCe,The Rolling Stones,Europe,3J5pA2wR1GJa17a8vHwW23,"Paint It, Black",2022-10,classic rock,1.0,False,224133,0.0133,0.496,0.858,0.0675,F,0.349,-7.927,Minor,0.0922,159.69,0.773
22bE4uQ6baNwSHPVcDxLCe,The Rolling Stones,Europe,0rGKn11s2zrmePIA82ldEP,"Paint It, Black",2022-10,classic rock,1.0,False,224133,0.0133,0.496,0.858,0.0675,F,0.349,-7.927,Minor,0.0922,159.69,0.773
22bE4uQ6baNwSHPVcDxLCe,The Rolling Stones,Europe,66llZ6MdjJy5q2jWwgJpcW,Sympathy For The Devil,2022-10,classic rock,1.0,False,377746,0.582,0.636,0.67,0.0,A,0.0453,-10.958,Major,0.257,115.577,0.572
22bE4uQ6baNwSHPVcDxLCe,The Rolling Stones,Europe,3NUl4ypMgMQcRDvAJkHzOy,Sympathy For The Devil,2022-10,classic rock,0.0,False,377746,0.582,0.636,0.67,0.0,A,0.0453,-10.958,Major,0.257,115.577,0.572
22bE4uQ6baNwSHPVcDxLCe,The Rolling Stones,Europe,6dsmAUGQAng00srCMvfd8z,As Tears Go By - Mono Version,2022-10,classic rock,3.0,False,165213,0.71,0.329,0.282,0.00265,G,0.158,-10.863,Major,0.0294,112.944,0.393
22bE4uQ6baNwSHPVcDxLCe,The Rolling Stones,Europe,4DTjE0HuAiFebTHvt6XOIn,Sympathy For The Devil,2022-10,classic rock,0.0,False,377746,0.582,0.636,0.67,0.0,A,0.0453,-10.958,Major,0.257,115.577,0.572
22bE4uQ6baNwSHPVcDxLCe,The Rolling Stones,Europe,1ELYwM8YlN3CavWlE1pwqy,Sympathy For The Devil,2022-10,classic rock,5.0,False,377746,0.582,0.636,0.67,0.0,A,0.0453,-10.958,Major,0.257,115.577,0.572
22bE4uQ6baNwSHPVcDxLCe,The Rolling Stones,Europe,5pov3V37DnTkVV93lWgHqo,Beast Of Burden - Remastered 1994,2022-10,classic rock,0.0,False,265173,0.39,0.784,0.879,0.000848,C#,0.0426,-3.862,Minor,0.0308,100.622,0.893
22bE4uQ6baNwSHPVcDxLCe,The Rolling Stones,Europe,4CgJCGujC2fsKwuUyBNlc5,Gimme Shelter,2022-10,classic rock,0.0,False,270773,0.447,0.634,0.63,0.0374,C#,0.169,-8.277,Minor,0.031,118.642,0.489
22bE4uQ6baNwSHPVcDxLCe,The Rolling Stones,Europe,6WISfiNXEcOMBFEQ5Gla1H,Fool To Cry - Remastered 2009,2022-10,classic rock,0.0,False,305920,0.9,0.384,0.448,0.0561,F,0.114,-7.397,Major,0.043,135.128,0.27
22bE4uQ6baNwSHPVcDxLCe,The Rolling Stones,Europe,0llVmVvhhn5vS5OdiYhq8C,Too Much Blood - Remastered,2022-10,classic rock,0.0,False,374240,0.0149,0.592,0.909,0.177,F#,0.0571,-5.887,Minor,0.051,116.433,0.479
22bE4uQ6baNwSHPVcDxLCe,The Rolling Stones,Europe,32kz93hA4ac01juOqcSItF,Start Me Up - Remastered 2009,2022-10,classic rock,0.0,False,213066,0.0429,0.631,0.932,0.137,F,0.0918,-4.142,Major,0.0354,122.431,0.971
22bE4uQ6baNwSHPVcDxLCe,The Rolling Stones,Europe,5qn8lrBA1qlgfzPEVDiDRg,Sympathy For The Devil - 50th Anniversary Edition / Remastered 2018,2022-10,classic rock,0.0,False,378146,0.516,0.703,0.668,0.0,A,0.0588,-9.237,Major,0.22,116.039,0.561
22bE4uQ6baNwSHPVcDxLCe,The Rolling Stones,Europe,63T7DJ1AFDD6Bn8VzG6JE8,"Paint It, Black",1966-04,classic rock,80.0,False,202266,0.0493,0.464,0.795,0.00244,C#,0.399,-9.267,Major,0.0926,158.691,0.612
22bE4uQ6baNwSHPVcDxLCe,The Rolling Stones,Europe,2PzU4IB8Dr6mxV3lHuaG34,(I Can't Get No) Satisfaction - Mono Version,1965-07,classic rock,77.0,False,222813,0.0383,0.723,0.863,0.0317,D,0.128,-7.89,Major,0.0338,136.302,0.931
22bE4uQ6baNwSHPVcDxLCe,The Rolling Stones,Europe,6H3kDe7CGoWYBabAeVWGiD,Gimme Shelter,1969-12,classic rock,77.0,False,270773,0.447,0.634,0.63,0.039,C#,0.17,-8.277,Minor,0.031,118.628,0.489
22bE4uQ6baNwSHPVcDxLCe,The Rolling Stones,Europe,1GcVa4jFySlun4jLSuMhiq,Angie,1973-08,classic rock,72.0,False,272000,0.67,0.429,0.554,0.000152,A,0.105,-6.128,Minor,0.0291,136.302,0.407
22bE4uQ6baNwSHPVcDxLCe,The Rolling Stones,Europe,7HKez549fwJQDzx3zLjHKC,Start Me Up - Remastered 2009,1981-08,classic rock,77.0,False,213066,0.0436,0.631,0.932,0.137,F,0.0918,-4.142,Major,0.0354,122.429,0.971
22bE4uQ6baNwSHPVcDxLCe,The Rolling Stones,Europe,77oU2rjC5XbjQfNe3bD6so,Beast Of Burden - Remastered 1994,1978-06,classic rock,73.0,False,265173,0.39,0.783,0.878,0.000778,C#,0.0426,-3.864,Minor,0.0308,100.626,0.885
22bE4uQ6baNwSHPVcDxLCe,The Rolling Stones,Europe,52dm9op3rbfAkc1LGXgipW,Wild Horses - 2009 Mix,1971-04,classic rock,69.0,False,341773,0.687,0.432,0.389,0.0107,G,0.0788,-6.517,Major,0.0255,139.506,0.158
22bE4uQ6baNwSHPVcDxLCe,The Rolling Stones,Europe,1Ud6moTC0KyXMq1Oxfien0,Sympathy For The Devil - 50th Anniversary Edition,1968-12,classic rock,74.0,False,378146,0.518,0.702,0.668,0.0,A,0.0588,-9.237,Major,0.214,116.063,0.561
22bE4uQ6baNwSHPVcDxLCe,The Rolling Stones,Europe,6KOtheMY0KN4s9TrQHr9It,She's A Rainbow,2020-10,classic rock,67.0,False,253720,0.467,0.464,0.824,0.018,A#,0.33,-7.359,Major,0.0374,109.298,0.539
22bE4uQ6baNwSHPVcDxLCe,The Rolling Stones,Europe,6lFZbCc7pn6Lme1NP7qQqQ,You Can't Always Get What You Want,1969-12,classic rock,68.0,False,448720,0.64,0.32,0.62,6.36e-05,C,0.253,-9.686,Major,0.0594,86.327,0.472
22bE4uQ6baNwSHPVcDxLCe,The Rolling Stones,Europe,75zMKn5euxQdlkZgu4P42J,Sympathy For The Devil,1989-08,classic rock,64.0,False,376800,0.61,0.728,0.681,0.0,A,0.0559,-10.943,Major,0.221,115.944,0.578
22bE4uQ6baNwSHPVcDxLCe,The Rolling Stones,Europe,3hJLKtTpgct9Y9wKww0BiR,Miss You - Remastered,1978-06,classic rock,69.0,False,288666,0.443,0.795,0.71,0.0215,A,0.344,-4.746,Minor,0.0392,109.689,0.845
22bE4uQ6baNwSHPVcDxLCe,The Rolling Stones,Europe,1RJeiAIwR9pZBgJA8ndZLL,"Paint It, Black - Mono",1966-01,classic rock,63.0,False,204480,0.0103,0.505,0.836,0.0771,F,0.295,-7.384,Minor,0.101,159.669,0.764
22bE4uQ6baNwSHPVcDxLCe,The Rolling Stones,Europe,1hIQPCM3oWXrpnXmgTDaKG,Can't You Hear Me Knocking - 2009 Mix,1971-04,classic rock,64.0,False,436000,0.408,0.545,0.757,0.045,C,0.16,-5.228,Major,0.0396,152.217,0.714
22bE4uQ6baNwSHPVcDxLCe,The Rolling Stones,Europe,4hq0S6wznq7SHDyMOFXL9i,Tumbling Dice,1972-05,classic rock,64.0,False,226333,0.5,0.615,0.91,0.511,B,0.281,-4.248,Major,0.0347,111.013,0.77
22bE4uQ6baNwSHPVcDxLCe,The Rolling Stones,Europe,34OVMKNbZGdYT04LRMx5w9,Happy,2019-04,classic rock,34.0,False,185933,0.328,0.552,0.894,0.938,E,0.515,-3.835,Major,0.0292,131.71,0.968
22bE4uQ6baNwSHPVcDxLCe,The Rolling Stones,Europe,1uBsu3PbD2909UBIfEMLvK,Jumpin' Jack Flash,2021-05,classic rock,65.0,False,222933,0.0744,0.595,0.885,0.534,D#,0.0844,-7.688,Major,0.0518,137.243,0.643
22bE4uQ6baNwSHPVcDxLCe,The Rolling Stones,Europe,4hupcimlg3UBbW1kAQ6vrT,Ruby Tuesday,1967-01,classic rock,63.0,False,196493,0.831,0.524,0.553,0.0,C,0.174,-10.767,Major,0.0292,104.578,0.517
22bE4uQ6baNwSHPVcDxLCe,The Rolling Stones,Europe,61UuPxxYUvacEH6SHIK3sU,Brown Sugar - 2009 Remaster,1971-04,classic rock,67.0,False,228666,0.219,0.633,0.934,0.00021,C,0.0592,-3.594,Major,0.0344,128.606,0.963
22bE4uQ6baNwSHPVcDxLCe,The Rolling Stones,Europe,5lmGgOaixbwKHtpTzjJoqx,Under My Thumb,1966-04,classic rock,65.0,False,221533,0.299,0.732,0.494,0.205,F#,0.0919,-13.571,Minor,0.0406,126.986,0.799
22bE4uQ6baNwSHPVcDxLCe,The Rolling Stones,Europe,1LD75COdR1n8jTIjommyS2,As Tears Go By - Mono Version,1965-12,classic rock,56.0,False,165213,0.723,0.331,0.277,0.00263,G,0.181,-11.035,Major,0.0295,112.78,0.366
22bE4uQ6baNwSHPVcDxLCe,The Rolling Stones,Europe,4pODICyT0skWqpXC2FrJ9o,Ruby Tuesday - Live / Remastered 2009,1991-04,classic rock,30.0,False,213466,0.704,0.446,0.878,0.00153,C,0.99,-4.238,Major,0.0469,107.843,0.435
22bE4uQ6baNwSHPVcDxLCe,The Rolling Stones,Europe,4M4Q3JLsUbyTkd5WHty1WB,Wild Horses,1971-12,classic rock,55.0,False,342586,0.774,0.435,0.295,0.0247,G,0.0769,-9.773,Major,0.0264,141.293,0.15
22bE4uQ6baNwSHPVcDxLCe,The Rolling Stones,Europe,5FKkbyGm42hw1y08l2knlO,(I Can't Get No) Satisfaction - Mono Version,1971-12,classic rock,59.0,False,222746,0.000287,0.731,0.837,0.15,A,0.0978,-8.673,Major,0.0477,135.603,0.832
22bE4uQ6baNwSHPVcDxLCe,The Rolling Stones,Europe,3fnPv1LRMxENr63afVhaz1,Honky Tonk Women,2019-11,classic rock,64.0,False,182706,0.225,0.56,0.721,0.0339,G,0.0453,-6.669,Major,0.0629,119.285,0.966
22bE4uQ6baNwSHPVcDxLCe,The Rolling Stones,Europe,7Kz6rjH1WcXbmWSMCVHMqv,Midnight Rambler - Mono,1966-01,classic rock,29.0,False,412640,0.701,0.497,0.649,1.33e-05,E,0.138,-10.09,Major,0.0741,128.248,0.52
22bE4uQ6baNwSHPVcDxLCe,The Rolling Stones,Europe,0lO9vvpJdd2ZNAq61ga9wy,Doom And Gloom,2019-04,classic rock,50.0,False,238546,0.000596,0.611,0.837,0.0169,C,0.173,-4.558,Major,0.0328,131.599,0.783
22bE4uQ6baNwSHPVcDxLCe,The Rolling Stones,Europe,7cSrZ9Uu1c4JImssIyqsvP,Sympathy For The Devil - Live,2016-11,classic rock,28.0,False,475217,0.405,0.614,0.929,0.109,A,0.954,-5.471,Major,0.0446,107.978,0.551
22bE4uQ6baNwSHPVcDxLCe,The Rolling Stones,Europe,30V02AmDYMRvrHE4L8cZAo,Play With Fire - Mono Version,1965-07,classic rock,55.0,False,133320,0.178,0.578,0.429,6.01e-05,D,0.171,-9.601,Major,0.0268,108.738,0.0889
22bE4uQ6baNwSHPVcDxLCe,The Rolling Stones,Europe,3RZMzCvYsmJ0u2ioKTOsmJ,Honky Tonk Women - Mono Version,1971-12,classic rock,59.0,False,179386,0.363,0.562,0.779,0.0292,G,0.066,-6.705,Major,0.0592,119.602,0.967
22bE4uQ6baNwSHPVcDxLCe,The Rolling Stones,Europe,1hJrWWK74fKL7eeV3CFOvF,Sweet Virginia,1972-05,classic rock,57.0,False,266560,0.502,0.477,0.74,1.31e-06,A,0.263,-5.397,Major,0.0446,107.384,0.56
22bE4uQ6baNwSHPVcDxLCe,The Rolling Stones,Europe,3oJtUnnt5uYPtzulIbLw3D,Dead Flowers - 2009 Mix,1971-04,classic rock,59.0,False,244533,0.33,0.54,0.862,1.7e-05,D,0.156,-4.599,Major,0.0284,130.34,0.931
22bE4uQ6baNwSHPVcDxLCe,The Rolling Stones,Europe,11g6Vge6CMPQAYILNsEV8y,Lady Jane - Mono,2022-02,classic rock,27.0,False,189506,0.357,0.378,0.464,0.000116,G,0.0952,-12.006,Major,0.0506,206.377,0.312
22bE4uQ6baNwSHPVcDxLCe,The Rolling Stones,Europe,4tXr9v3K7nWW1aebWqR1B7,Anybody Seen My Baby? - Remastered,1997-09,classic rock,62.0,False,271160,0.00286,0.605,0.742,0.00105,E,0.256,-4.363,Minor,0.0327,105.04,0.47
22bE4uQ6baNwSHPVcDxLCe,The Rolling Stones,Europe,5xysTyNKpX7HnUykxNP0fb,Honky Tonk Women - Live,2016-11,classic rock,27.0,False,297110,0.0172,0.476,0.975,0.0436,G,0.872,-4.198,Major,0.0757,116.957,0.522
0MK8l3nURwwQIjafvXoJJt,ASIAN KUNG-FU GENERATION,Japan,3rxLb8cYhEnv3ZEoluDdpA,Re:Re: (Single ver.),2016-03,j-rock,55.0,False,332240,0.000249,0.464,0.868,0.00042,F#,0.248,-5.051,Minor,0.0502,155.008,0.512
7Ln80lUS6He07XvHI8qqHH,Arctic Monkeys,Europe,5XeFesFbtLpXzIVDNQP22n,I Wanna Be Yours,2013-09,indie,92.0,False,183956,0.136,0.464,0.417,0.022,C,0.0974,-9.345,Minor,0.0256,67.528,0.479
7Ln80lUS6He07XvHI8qqHH,Arctic Monkeys,Europe,5FVd6KXrgO9B3JPmC8OPst,Do I Wanna Know?,2013-09,indie,88.0,False,272394,0.186,0.548,0.532,0.000263,F,0.217,-7.596,Major,0.0323,85.03,0.405
7Ln80lUS6He07XvHI8qqHH,Arctic Monkeys,Europe,0BxE4FqsDD1Ot4YuBXwAPp,505,2007-04,indie,88.0,False,253586,0.00287,0.526,0.866,7.78e-05,C,0.0945,-5.822,Major,0.0568,140.266,0.248
7Ln80lUS6He07XvHI8qqHH,Arctic Monkeys,Europe,086myS9r57YsLbJpU0TgK9,Why'd You Only Call Me When You're High?,2013-09,indie,88.0,False,161123,0.0483,0.691,0.631,1.13e-05,D,0.104,-6.478,Major,0.0368,92.004,0.8
7Ln80lUS6He07XvHI8qqHH,Arctic Monkeys,Europe,2AT8iROs4FQueDv2c8q2KE,R U Mine?,2013-09,indie,83.0,False,201726,0.00616,0.288,0.758,0.0,F#,0.303,-5.692,Minor,0.0371,97.094,0.619
7Ln80lUS6He07XvHI8qqHH,Arctic Monkeys,Europe,0SzvmWfOhoxZVGrmvb56YL,Baby I'm Yours,2006-08,indie,69.0,False,152613,0.215,0.462,0.595,0.0,D,0.184,-9.363,Major,0.0347,113.719,0.64
7Ln80lUS6He07XvHI8qqHH,Arctic Monkeys,Europe,5TTGoX70AFrTvuEtqHK37S,No. 1 Party Anthem,2013-09,indie,71.0,False,243131,0.33,0.505,0.698,0.0887,C,0.0966,-5.563,Major,0.0297,115.013,0.599
7Ln80lUS6He07XvHI8qqHH,Arctic Monkeys,Europe,2LGdO5MtFdyphi2EihANZG,Knee Socks,2013-09,indie,76.0,False,257563,0.123,0.665,0.542,0.00291,B,0.342,-8.323,Minor,0.033,97.975,0.587
7Ln80lUS6He07XvHI8qqHH,Arctic Monkeys,Europe,0NdTUS4UiNYCNn5FgVqKQY,Snap Out Of It,2013-09,indie,80.0,False,193030,0.249,0.728,0.638,0.0,F,0.116,-6.455,Minor,0.0336,130.014,0.872
7Ln80lUS6He07XvHI8qqHH,Arctic Monkeys,Europe,7nzsY8vlnKdvGOEE0rjAXZ,Arabella,2013-09,indie,78.0,False,207356,0.0202,0.579,0.558,1.26e-06,D,0.212,-6.986,Major,0.0895,179.949,0.506
7Ln80lUS6He07XvHI8qqHH,Arctic Monkeys,Europe,11jRCxY01k9jvCdUru0EeP,Body Paint,2022-09,indie,77.0,False,290584,0.567,0.56,0.313,0.0,G,0.0767,-11.653,Minor,0.0627,144.745,0.254
7Ln80lUS6He07XvHI8qqHH,Arctic Monkeys,Europe,2x8evxqUlF0eRabbW2JBJd,Fluorescent Adolescent,2007-04,indie,79.0,False,183893,0.00146,0.654,0.828,0.000144,C#,0.122,-5.377,Minor,0.0281,112.056,0.79
7Ln80lUS6He07XvHI8qqHH,Arctic Monkeys,Europe,2fyIS6GXMgUcSv4oejx63f,Mardy Bum,2006-01,indie,74.0,False,175440,0.0288,0.634,0.599,0.0,D,0.197,-5.447,Major,0.0365,112.215,0.312
7Ln80lUS6He07XvHI8qqHH,Arctic Monkeys,Europe,0yowbJnnbTLpr99f9l1uba,There’d Better Be A Mirrorball,2022-08,indie,77.0,False,265798,0.634,0.513,0.369,0.0139,D#,0.186,-10.899,Major,0.0307,72.062,0.311
7Ln80lUS6He07XvHI8qqHH,Arctic Monkeys,Europe,2zzLRQ78kKfPTx8FJQCdC2,When The Sun Goes Down,2006-01,indie,76.0,True,202133,0.0341,0.348,0.875,0.0,B,0.117,-4.758,Minor,0.199,169.152,0.407
7Ln80lUS6He07XvHI8qqHH,Arctic Monkeys,Europe,7A7FsIDnBMnz1PAnSOxUdh,Body Paint,2022-10,indie,58.0,False,290584,0.568,0.556,0.315,0.0,G,0.0774,-11.651,Minor,0.0625,143.327,0.256
7Ln80lUS6He07XvHI8qqHH,Arctic Monkeys,Europe,6wVWJl64yoTzU27EI8ep20,Crying Lightning,2009-08,indie,72.0,False,224826,0.0148,0.498,0.885,0.00041,E,0.239,-4.423,Minor,0.0461,106.719,0.67
7Ln80lUS6He07XvHI8qqHH,Arctic Monkeys,Europe,7DPhusadsTZ2VrXOGcuX2y,I Ain’t Quite Where I Think I Am,2022-10,indie,63.0,False,191173,0.357,0.544,0.337,6.34e-05,A#,0.085,-9.846,Major,0.0653,192.685,0.667
7Ln80lUS6He07XvHI8qqHH,Arctic Monkeys,Europe,03mHinvLdrdSTd7w4GPXwH,There’d Better Be A Mirrorball,2022-10,indie,56.0,False,265798,0.642,0.511,0.367,0.0122,D#,0.186,-10.891,Major,0.0319,143.698,0.323
7Ln80lUS6He07XvHI8qqHH,Arctic Monkeys,Europe,3DQVgcqaP3iSMbaKsd57l5,I Bet You Look Good On The Dancefloor,2006-01,indie,75.0,False,173680,0.00225,0.535,0.948,0.0,F#,0.376,-4.19,Minor,0.0356,103.183,0.778
7Ln80lUS6He07XvHI8qqHH,Arctic Monkeys,Europe,0C6dSPCqwKqwos6s1CrDrh,The Car,2022-10,indie,0.0,False,198554,0.78,0.428,0.365,0.0033,E,0.113,-11.889,Minor,0.0276,94.033,0.236
7Ln80lUS6He07XvHI8qqHH,Arctic Monkeys,Europe,5fClRRa7P9nPIpstj50veV,Mr Schwartz,2022-10,indie,0.0,False,210012,0.802,0.569,0.335,0.018,B,0.0834,-13.637,Minor,0.0322,127.587,0.388
7Ln80lUS6He07XvHI8qqHH,Arctic Monkeys,Europe,0z5x3VmmQ7cyTeOP7VAf3T,Perfect Sense,2022-10,indie,0.0,False,167379,0.61,0.52,0.478,0.00122,E,0.105,-10.862,Major,0.0276,82.932,0.545
7Ln80lUS6He07XvHI8qqHH,Arctic Monkeys,Europe,42GuKw49pPxNAkIhWGwgFs,Body Paint,2022-10,indie,0.0,False,290584,0.568,0.556,0.315,0.0,G,0.0774,-11.651,Minor,0.0625,143.327,0.256
7Ln80lUS6He07XvHI8qqHH,Arctic Monkeys,Europe,5hljqZrl0h7RcIhUnOPuve,Sculptures Of Anything Goes,2022-10,indie,0.0,False,239151,0.704,0.591,0.309,0.0122,E,0.102,-11.087,Minor,0.0287,71.573,0.257
7Ln80lUS6He07XvHI8qqHH,Arctic Monkeys,Europe,5ygEUpyZy5qtZ1423zymBW,Hello You,2022-10,indie,0.0,False,244932,0.276,0.394,0.452,0.00998,E,0.193,-9.923,Minor,0.0321,169.298,0.653
7Ln80lUS6He07XvHI8qqHH,Arctic Monkeys,Europe,1zx6GSqLYI2ynzAHnPRKBR,There’d Better Be A Mirrorball,2022-10,indie,0.0,False,265798,0.626,0.521,0.365,0.012,D#,0.185,-10.914,Major,0.0317,143.789,0.324
7Ln80lUS6He07XvHI8qqHH,Arctic Monkeys,Europe,4KPi4VNvPOfKqIp1sx19Xf,Big Ideas,2022-10,indie,0.0,False,237984,0.663,0.548,0.328,0.00365,A,0.0972,-9.973,Minor,0.0296,67.023,0.343
7Ln80lUS6He07XvHI8qqHH,Arctic Monkeys,Europe,1UwUhKmFxGKs59xiWO60Sx,I Ain’t Quite Where I Think I Am,2022-10,indie,0.0,False,191173,0.357,0.544,0.337,6.34e-05,A#,0.085,-9.846,Major,0.0653,192.685,0.667
7Ln80lUS6He07XvHI8qqHH,Arctic Monkeys,Europe,6mOiT65GFmXgBAviM3lrsE,No Buses,2006-04,indie,65.0,False,197320,0.155,0.481,0.524,0.000147,E,0.0523,-9.051,Major,0.0369,101.883,0.425
7Ln80lUS6He07XvHI8qqHH,Arctic Monkeys,Europe,6wNUBZNWFxdUGof6vkaykE,One For The Road,2013-09,indie,70.0,False,206051,0.212,0.415,0.668,0.0615,C,0.27,-6.849,Major,0.036,180.048,0.842
7Ln80lUS6He07XvHI8qqHH,Arctic Monkeys,Europe,2QUlMbvD9bL8wHqfsoqoet,Stop The World I Wanna Get Off With You,2013-09,indie,70.0,False,191040,0.0537,0.661,0.73,3.44e-05,F#,0.14,-6.779,Minor,0.0574,95.027,0.53
7Ln80lUS6He07XvHI8qqHH,Arctic Monkeys,Europe,4atMrAadB7dS8xn9vfk9PQ,Fireside,2013-09,indie,69.0,False,181049,0.0234,0.538,0.953,0.00126,A,0.113,-5.611,Minor,0.056,100.033,0.74
7Ln80lUS6He07XvHI8qqHH,Arctic Monkeys,Europe,4Ai0ANRDYwx6mCD4Uty1WS,Piledriver Waltz,2011-06,indie,63.0,False,203880,0.00724,0.443,0.865,0.000116,E,0.468,-4.547,Major,0.0391,110.008,0.474
7Ln80lUS6He07XvHI8qqHH,Arctic Monkeys,Europe,1LSwssG5oIAMXYcvpOoPLC,Too Much To Ask,2007-07,indie,64.0,False,183253,0.00777,0.724,0.757,0.000154,A,0.215,-4.787,Minor,0.0274,109.98,0.878
7Ln80lUS6He07XvHI8qqHH,Arctic Monkeys,Europe,0S6CXA5LpRDX6b4akgrOot,Love is a Laserquest,2011-06,indie,65.0,False,191426,0.00197,0.349,0.662,0.908,B,0.136,-6.873,Major,0.0402,169.926,0.554
7Ln80lUS6He07XvHI8qqHH,Arctic Monkeys,Europe,5Z5nbOXhsSbySVC7WUc6y9,Four Out Of Five,2018-05,indie,61.0,False,312346,0.0626,0.601,0.863,0.0,C,0.0717,-4.31,Major,0.0685,130.189,0.676
7Ln80lUS6He07XvHI8qqHH,Arctic Monkeys,Europe,4B4GwsjpJKPVN65J59ecfB,There’d Better Be A Mirrorball,2022-09,indie,67.0,False,265798,0.628,0.523,0.367,0.0118,D#,0.186,-10.896,Major,0.0309,71.998,0.327
7Ln80lUS6He07XvHI8qqHH,Arctic Monkeys,Europe,2vQQfWTanvD99OeHLAoyhW,From The Ritz To The Rubble,2006-01,indie,69.0,False,193426,0.00147,0.216,0.882,0.0,B,0.308,-5.176,Minor,0.0439,189.286,0.656
7Ln80lUS6He07XvHI8qqHH,Arctic Monkeys,Europe,2BqfIlpahcebJPeu1IUTEo,Do Me a Favour,2007-04,indie,69.0,True,209253,0.00013,0.469,0.738,0.0577,B,0.078,-6.638,Minor,0.0619,180.15,0.624
7Ln80lUS6He07XvHI8qqHH,Arctic Monkeys,Europe,0LxeKwg9t7HOnyfv4bTALT,Suck It and See,2011-06,indie,64.0,False,225986,0.00105,0.339,0.932,0.114,E,0.255,-5.017,Major,0.057,128.291,0.586
7Ln80lUS6He07XvHI8qqHH,Arctic Monkeys,Europe,75n7mraeMycQOl2sDGYaTe,Mad Sounds,2013-09,indie,66.0,False,215011,0.279,0.532,0.462,0.196,A#,0.101,-10.71,Major,0.03,80.001,0.485
7Ln80lUS6He07XvHI8qqHH,Arctic Monkeys,Europe,5KGbRvZyVyKP2AEJMHErB4,Old Yellow Bricks,2007-04,indie,69.0,False,193226,0.000147,0.66,0.837,6.62e-06,C,0.0788,-4.315,Major,0.0682,135.158,0.757
7Ln80lUS6He07XvHI8qqHH,Arctic Monkeys,Europe,1j9rezdE3YeC7yktZXC1em,I Want It All,2013-09,indie,67.0,False,185406,0.000637,0.499,0.81,0.0748,F,0.0625,-5.579,Major,0.0347,131.052,0.288
7Ln80lUS6He07XvHI8qqHH,Arctic Monkeys,Europe,4dtP86vkhzwNXCFpCtizce,Secret Door,2009-08,indie,64.0,True,223066,0.0314,0.323,0.806,1.11e-05,G,0.181,-6.554,Minor,0.0769,124.615,0.548
7Ln80lUS6He07XvHI8qqHH,Arctic Monkeys,Europe,5bsnLiT00hG37qd8p2jdVl,Cornerstone,2009-08,indie,68.0,False,197973,0.00764,0.287,0.721,0.0,A,0.328,-5.81,Major,0.0387,169.252,0.763
7Ln80lUS6He07XvHI8qqHH,Arctic Monkeys,Europe,7f9I5WdyXm5q1XqnSYgQZb,Brianstorm,2007-04,indie,71.0,False,172866,8.15e-05,0.42,0.974,0.00155,C#,0.0871,-4.706,Major,0.191,165.182,0.463
7Ln80lUS6He07XvHI8qqHH,Arctic Monkeys,Europe,0eDQj41kzBhMKQIkTt6OJR,A Certain Romance,2006-01,indie,67.0,False,331200,0.000566,0.455,0.881,6.06e-05,B,0.11,-5.587,Major,0.0401,137.949,0.201
7Ln80lUS6He07XvHI8qqHH,Arctic Monkeys,Europe,5kxVyCgEUND7E2QKG7JmoF,Teddy Picker,2007-04,indie,72.0,False,165000,0.000286,0.637,0.963,0.000889,A,0.0449,-5.116,Major,0.0882,150.1,0.823
7Ln80lUS6He07XvHI8qqHH,Arctic Monkeys,Europe,2amJsWuU8ohAth78f2QOLD,The Bakery,2007-07,indie,61.0,False,176520,0.00814,0.574,0.793,0.00874,B,0.161,-6.059,Minor,0.0321,119.977,0.678
7Ln80lUS6He07XvHI8qqHH,Arctic Monkeys,Europe,605E2oDpy3uSIhbRFcrQyn,Despair In The Departure Lounge,2006-04,indie,60.0,False,202853,0.676,0.316,0.306,0.0025,D,0.0809,-13.322,Major,0.0411,85.255,0.284
7Ln80lUS6He07XvHI8qqHH,Arctic Monkeys,Europe,4TC0dnB5DxvoKcsalffFZe,Bigger Boys and Stolen Sweethearts,2005-10,indie,63.0,False,180640,0.00518,0.494,0.587,0.0,A,0.0892,-7.323,Major,0.0324,131.774,0.605
7Ln80lUS6He07XvHI8qqHH,Arctic Monkeys,Europe,5RrHzXKmwVd5BCq4UzyJPd,D is for Dangerous,2007-04,indie,63.0,False,138106,1.09e-05,0.555,0.925,0.000161,C#,0.0659,-4.689,Major,0.0362,145.061,0.77
7Ln80lUS6He07XvHI8qqHH,Arctic Monkeys,Europe,2URDbWGmPz3vhagl25p8OC,Tranquility Base Hotel & Casino,2018-05,indie,59.0,True,211967,0.0411,0.584,0.835,0.0147,A,0.199,-4.326,Minor,0.0297,142.2,0.781
7Ln80lUS6He07XvHI8qqHH,Arctic Monkeys,Europe,3u16Clmxz7dJpnQWXXynok,Dance Little Liar,2009-08,indie,61.0,False,283493,0.0586,0.538,0.607,0.769,C#,0.0975,-9.133,Minor,0.0352,100.158,0.543
7Ln80lUS6He07XvHI8qqHH,Arctic Monkeys,Europe,2hmHlBM0kPBm17Y7nVIW9f,My Propeller,2009-08,indie,63.0,False,205746,0.052,0.415,0.657,0.0552,A,0.233,-6.758,Minor,0.0295,115.752,0.69
7Ln80lUS6He07XvHI8qqHH,Arctic Monkeys,Europe,0b93tWwuoAC0nXe1CfR30I,Star Treatment,2018-05,indie,59.0,False,354640,0.243,0.581,0.767,0.00131,G,0.141,-5.026,Minor,0.0527,120.07,0.673
7Ln80lUS6He07XvHI8qqHH,Arctic Monkeys,Europe,7EUcOIbJSePmXGvAe7G79C,Black Treacle,2011-06,indie,60.0,False,217440,0.000821,0.343,0.89,0.0,G,0.0912,-5.759,Major,0.0655,100.061,0.525
7Ln80lUS6He07XvHI8qqHH,Arctic Monkeys,Europe,7BuzJmV2h6eBbSDdRaDY7C,Fake Tales Of San Francisco,2006-01,indie,66.0,False,177946,0.00998,0.454,0.778,0.0,A,0.0427,-4.225,Major,0.0449,127.158,0.704
7Ln80lUS6He07XvHI8qqHH,Arctic Monkeys,Europe,5xw2cHVLw1rlDPp3cL9Zuv,She's Thunderstorms,2011-06,indie,61.0,False,234920,0.000518,0.505,0.898,0.00236,G,0.173,-4.906,Major,0.0329,118.929,0.731
7Ln80lUS6He07XvHI8qqHH,Arctic Monkeys,Europe,0ftMOhVfFm5Wbs5sZdEtsC,Balaclava,2007-04,indie,62.0,False,171226,0.00133,0.414,0.811,0.000129,B,0.333,-4.4,Minor,0.0919,137.617,0.762
7Ln80lUS6He07XvHI8qqHH,Arctic Monkeys,Europe,45n7uujqwmMyBMjBu9SwRu,Pretty Visitors,2009-08,indie,62.0,False,220506,0.0614,0.244,0.896,2.83e-05,F#,0.127,-5.576,Minor,0.464,83.354,0.142
7Ln80lUS6He07XvHI8qqHH,Arctic Monkeys,Europe,4Du0BRUJvKybzxcRplp7HF,Leave Before The Lights Come On,2006-08,indie,62.0,False,233946,0.00272,0.365,0.887,2.18e-05,C,0.0923,-4.579,Major,0.0417,150.718,0.916
7Ln80lUS6He07XvHI8qqHH,Arctic Monkeys,Europe,40DwUg5zPX8H23WpTdD2iW,You're So Dark,2013-12,indie,58.0,False,182751,0.258,0.484,0.649,0.0116,B,0.0898,-7.479,Minor,0.0561,151.537,0.838
7Ln80lUS6He07XvHI8qqHH,Arctic Monkeys,Europe,3PhbzvTllkq1rkULafc6ns,The Ultracheese,2018-05,indie,55.0,False,217720,0.624,0.476,0.555,3.98e-05,A,0.126,-6.551,Major,0.0404,131.497,0.426
7Ln80lUS6He07XvHI8qqHH,Arctic Monkeys,Europe,05FVS9qqWq2A82fYCtblkt,Who The Fuck Are Arctic Monkeys?,2006-04,indie,59.0,True,336826,0.000216,0.348,0.896,0.0173,E,0.168,-7.63,Minor,0.0397,132.577,0.572
7Ln80lUS6He07XvHI8qqHH,Arctic Monkeys,Europe,0idZZsnM7nuSYanlpKTuwV,"If You Were There, Beware",2007-04,indie,59.0,False,276200,0.000938,0.328,0.805,0.048,E,0.104,-6.74,Minor,0.0383,135.546,0.264
7Ln80lUS6He07XvHI8qqHH,Arctic Monkeys,Europe,0DKvcH4SCRdhVYTxStKx9h,This House is a Circus,2007-04,indie,60.0,True,191680,1.81e-05,0.476,0.844,0.00196,G,0.272,-5.253,Major,0.0431,155.322,0.658
7Ln80lUS6He07XvHI8qqHH,Arctic Monkeys,Europe,3czdA0j4iaLDJJCoT5D8iP,Don't Sit Down 'Cause I've Moved Your Chair,2011-06,indie,62.0,False,183506,0.0191,0.434,0.912,0.278,A,0.326,-5.148,Major,0.0451,119.729,0.315
7Ln80lUS6He07XvHI8qqHH,Arctic Monkeys,Europe,4wMR4fRKMTyUJG6VAsmccv,Riot Van,2006-01,indie,61.0,False,134933,0.358,0.593,0.333,0.0,A,0.245,-14.342,Major,0.046,103.537,0.258
7Ln80lUS6He07XvHI8qqHH,Arctic Monkeys,Europe,5IKz3HfzRT3EAhxCsrBqwf,7,2006-01,indie,58.0,False,128506,0.00171,0.466,0.976,8.37e-06,A,0.0729,-4.104,Minor,0.105,98.377,0.541
7Ln80lUS6He07XvHI8qqHH,Arctic Monkeys,Europe,4N2yjWLIxZjOXDrCu2VlJe,The Bad Thing,2007-04,indie,59.0,False,145213,0.00103,0.55,0.952,0.0,D,0.257,-3.638,Major,0.075,111.066,0.538
7Ln80lUS6He07XvHI8qqHH,Arctic Monkeys,Europe,0hAMkY2kwdXPPDfQ1e3BmJ,Dancing Shoes,2006-01,indie,63.0,False,141133,0.00328,0.522,0.889,0.0,C#,0.345,-4.137,Major,0.0461,144.499,0.852
7Ln80lUS6He07XvHI8qqHH,Arctic Monkeys,Europe,5eyTC5GZzpzlN7YRO9AoPf,The View From The Afternoon,2006-01,indie,63.0,False,222946,0.00487,0.387,0.922,0.0,A,0.187,-5.192,Minor,0.0674,146.478,0.417
7Ln80lUS6He07XvHI8qqHH,Arctic Monkeys,Europe,1bXLpqe49cqEpj88uPR4pu,Reckless Serenade,2011-06,indie,54.0,False,162746,0.00037,0.585,0.694,0.0144,D,0.0724,-6.632,Major,0.0392,127.966,0.785
7Ln80lUS6He07XvHI8qqHH,Arctic Monkeys,Europe,2fgQ8COnxtEvaTcNbEtsUf,That's Where You're Wrong,2011-06,indie,55.0,False,256800,0.000679,0.481,0.883,0.558,E,0.145,-5.554,Major,0.0638,135.937,0.46
7Ln80lUS6He07XvHI8qqHH,Arctic Monkeys,Europe,2HbYLDA1SigY1ilC94ieVu,American Sports,2018-05,indie,54.0,False,158040,0.00169,0.372,0.865,0.00293,G,0.127,-4.288,Minor,0.0513,176.689,0.594
7Ln80lUS6He07XvHI8qqHH,Arctic Monkeys,Europe,7aiKdAM9WYW3GzWSA9OXIl,Batphone,2018-05,indie,51.0,False,271613,0.312,0.675,0.681,0.0,F,0.304,-5.728,Minor,0.0356,106.521,0.675
7Ln80lUS6He07XvHI8qqHH,Arctic Monkeys,Europe,4PDPn7HosIycoXeoeibFc5,The Jeweller's Hands,2009-08,indie,53.0,False,344053,0.137,0.51,0.8,0.0834,C,0.118,-8.116,Minor,0.0488,96.935,0.391
7Ln80lUS6He07XvHI8qqHH,Arctic Monkeys,Europe,6Slvi85s1hIaeykjvDe1xk,Perhaps Vampires Is A Bit Strong But…,2006-01,indie,58.0,False,268626,0.000293,0.371,0.914,8.75e-05,B,0.0852,-4.917,Minor,0.081,134.982,0.394
7Ln80lUS6He07XvHI8qqHH,Arctic Monkeys,Europe,111SaDBbcHW0zedi4RBHDp,You Probably Couldn't See For The Lights But You Were Staring Straight At Me,2006-01,indie,58.0,False,130813,0.00384,0.58,0.972,0.0,B,0.296,-4.274,Minor,0.0589,105.492,0.926
7Ln80lUS6He07XvHI8qqHH,Arctic Monkeys,Europe,60T4FDF1tTcFlXkI08FFhL,She Looks Like Fun,2018-05,indie,51.0,True,182560,0.00944,0.514,0.773,0.00326,C,0.387,-3.754,Major,0.0388,103.943,0.445
7Ln80lUS6He07XvHI8qqHH,Arctic Monkeys,Europe,0U6Vg6RUmzADUO0Y9fVKft,Golden Trunks,2018-05,indie,51.0,False,173626,0.129,0.492,0.564,1.73e-05,D,0.131,-5.811,Major,0.0278,92.544,0.0896
7Ln80lUS6He07XvHI8qqHH,Arctic Monkeys,Europe,0qfGWpvJGlp17wdTm19ioK,Library Pictures,2011-06,indie,54.0,False,142173,0.000142,0.304,0.939,0.00601,C#,0.136,-5.836,Major,0.0549,96.954,0.402
7Ln80lUS6He07XvHI8qqHH,Arctic Monkeys,Europe,6hkfgHhYXyDVYahUOZhGRd,Science Fiction,2018-05,indie,50.0,False,185906,0.0295,0.542,0.766,0.0802,G,0.396,-5.411,Major,0.0282,88.062,0.643
7Ln80lUS6He07XvHI8qqHH,Arctic Monkeys,Europe,0pdp3VrR4WQaswf0GyT0Y0,Dangerous Animals,2009-08,indie,55.0,False,210666,0.0129,0.34,0.922,2.39e-06,D#,0.226,-5.189,Major,0.18,125.363,0.532
7Ln80lUS6He07XvHI8qqHH,Arctic Monkeys,Europe,64a5XZCVDWwvC7gwPPCsH6,Still Take You Home,2006-01,indie,59.0,False,173666,0.000669,0.599,0.946,0.0,G#,0.0973,-4.192,Major,0.0378,108.934,0.653
7Ln80lUS6He07XvHI8qqHH,Arctic Monkeys,Europe,5zDoSmh06F7kjXGIHFhQzh,Do I Wanna Know? - Live,2020-12,indie,54.0,False,281093,0.0924,0.252,0.77,2.97e-05,C,0.688,-7.925,Major,0.0489,84.366,0.305
7Ln80lUS6He07XvHI8qqHH,Arctic Monkeys,Europe,4p2hMNZn99j1awX7EsxO8u,Cigarette Smoker Fiona,2006-04,indie,54.0,False,176546,0.000654,0.372,0.841,2.36e-05,A,0.0633,-7.184,Minor,0.206,143.283,0.322
7Ln80lUS6He07XvHI8qqHH,Arctic Monkeys,Europe,52M1FvGd0AkoUwcHL2L8jv,The Hellcat Spangled Shalalala,2011-06,indie,54.0,True,180373,0.000793,0.449,0.872,0.00062,B,0.0642,-4.992,Major,0.0507,130.22,0.788
7Ln80lUS6He07XvHI8qqHH,Arctic Monkeys,Europe,5rqQTEIVK2PTuXU9GI2wT0,The World's First Ever Monster Truck Front Flip,2018-05,indie,50.0,True,180013,0.346,0.602,0.601,0.349,A#,0.0735,-5.742,Major,0.0303,145.075,0.553
7Ln80lUS6He07XvHI8qqHH,Arctic Monkeys,Europe,56GFlp1dkt7dw56pQdTwqW,Red Light Indicates Doors Are Secured,2006-01,indie,58.0,False,143626,0.00316,0.622,0.846,0.0,B,0.0989,-4.831,Minor,0.0311,110.683,0.914
7Ln80lUS6He07XvHI8qqHH,Arctic Monkeys,Europe,7xmwLmkoWpghkq8jyEhtbx,Do I Wanna Know?,2013-07,indie,54.0,False,273424,0.35,0.535,0.574,9.96e-05,D,0.12,-6.865,Minor,0.0372,84.984,0.445
7Ln80lUS6He07XvHI8qqHH,Arctic Monkeys,Europe,5dthj0uH1DJAbxC6B9n4Co,Four Out Of Five - Live,2020-12,indie,54.0,False,331520,0.0887,0.463,0.802,0.0,A,0.949,-7.804,Minor,0.0711,129.643,0.451
7Ln80lUS6He07XvHI8qqHH,Arctic Monkeys,Europe,0R194013qdfjeFiap76Nzs,Red Right Hand,2009-08,indie,50.0,False,259813,0.000484,0.422,0.819,0.0412,D,0.185,-7.698,Major,0.051,139.784,0.598
7Ln80lUS6He07XvHI8qqHH,Arctic Monkeys,Europe,6EMhO2CuQZ3u7ZKDRuf560,Fire And The Thud,2009-08,indie,53.0,False,237533,0.165,0.566,0.61,0.006,D,0.215,-11.228,Major,0.0388,114.904,0.406
7Ln80lUS6He07XvHI8qqHH,Arctic Monkeys,Europe,1VUcb7Ik5bYw0SzXBH9rLr,Why'd You Only Call Me When You're High? - Live,2020-12,indie,53.0,False,183680,0.175,0.371,0.811,0.00012,E,0.722,-7.591,Minor,0.0577,91.691,0.533
7Ln80lUS6He07XvHI8qqHH,Arctic Monkeys,Europe,49HYB8tppaxOsbBfeozPxu,Brick By Brick,2011-06,indie,53.0,False,179906,0.00123,0.285,0.807,0.00368,D,0.317,-4.741,Major,0.0528,132.206,0.542
7Ln80lUS6He07XvHI8qqHH,Arctic Monkeys,Europe,3RHHXwyRtskFx87sX80xEy,Potion Approaching,2009-08,indie,55.0,False,212133,0.0062,0.421,0.758,0.0673,E,0.0905,-8.945,Minor,0.0429,103.659,0.767
7Ln80lUS6He07XvHI8qqHH,Arctic Monkeys,Europe,4Q2vbGXSU28xWveWKp4wra,505 - Live,2020-12,indie,51.0,False,275733,0.0133,0.343,0.724,3.89e-05,C,0.325,-9.384,Major,0.0753,139.451,0.186
7Ln80lUS6He07XvHI8qqHH,Arctic Monkeys,Europe,5j2LDsUsxbCnZkhJwLkbKp,Catapult,2009-11,indie,51.0,False,206944,0.000212,0.483,0.937,0.0,A,0.295,-7.832,Minor,0.0759,150.998,0.673
7Ln80lUS6He07XvHI8qqHH,Arctic Monkeys,Europe,4Xb9WKmzyiPeQSRqNQ2djU,Evil Twin,2011-10,indie,50.0,False,197373,0.0016,0.479,0.752,1.78e-05,E,0.0599,-4.99,Minor,0.0793,175.997,0.741
7Ln80lUS6He07XvHI8qqHH,Arctic Monkeys,Europe,1RJxGCTCROHUFVWMFOWPYM,Brianstorm - Live,2020-12,indie,52.0,False,209906,0.0197,0.291,0.934,0.000707,C,0.833,-8.238,Major,0.17,80.602,0.244
7Ln80lUS6He07XvHI8qqHH,Arctic Monkeys,Europe,7cRR82VFtvy3FeqIrjEeFy,All My Own Stunts,2011-06,indie,51.0,False,232280,0.00135,0.511,0.943,0.0181,D,0.187,-4.934,Major,0.0537,127.283,0.531
7Ln80lUS6He07XvHI8qqHH,Arctic Monkeys,Europe,1oXsmzLhOxjYgWFXZqfyV8,Plastic Tramp,2007-07,indie,49.0,False,173520,0.00102,0.361,0.87,0.000896,G,0.438,-4.527,Major,0.136,175.133,0.472
7Ln80lUS6He07XvHI8qqHH,Arctic Monkeys,Europe,6uV5q0yxaOujbxkwUCUEEf,I Bet You Look Good On The Dancefloor,2005-10,indie,53.0,False,176466,0.000112,0.538,0.966,0.0,F#,0.334,-3.621,Minor,0.0358,103.172,0.733
7Ln80lUS6He07XvHI8qqHH,Arctic Monkeys,Europe,38mecB29TH0gTqIxhM4OK1,Crying Lightning - Live,2020-12,indie,51.0,False,240706,0.0167,0.329,0.867,0.0,A,0.442,-7.588,Minor,0.116,104.671,0.324
7Ln80lUS6He07XvHI8qqHH,Arctic Monkeys,Europe,69GXaKmq1wdZ8zFedogQKg,One For The Road,2013-12,indie,48.0,False,206051,0.212,0.415,0.668,0.0615,C,0.27,-6.849,Major,0.036,180.048,0.842
7Ln80lUS6He07XvHI8qqHH,Arctic Monkeys,Europe,1CIlKWhwH35XcCzpofRjux,Why'd You Only Call Me When You're High?,2013-09,indie,49.0,False,161123,0.0483,0.691,0.631,1.13e-05,D,0.104,-6.478,Major,0.0368,92.004,0.8
36QJpDe2go2KgaRleHCDTp,Led Zeppelin,Europe,78lgmZwycJ3nzsdgmPPGNx,Immigrant Song - Remaster,1970-01,classic rock,78.0,False,146250,0.013,0.564,0.932,0.169,B,0.349,-10.068,Major,0.0554,112.937,0.619
36QJpDe2go2KgaRleHCDTp,Led Zeppelin,Europe,5CQ30WqJwcep0pYcV4AMNc,Stairway to Heaven - Remaster,1971-11,classic rock,79.0,False,482830,0.58,0.338,0.34,0.0032,A,0.116,-12.049,Minor,0.0339,82.433,0.197
36QJpDe2go2KgaRleHCDTp,Led Zeppelin,Europe,0hCB0YR03f6AmQaHbwWDe8,Whole Lotta Love - 1990 Remaster,1969-10,classic rock,77.0,False,333893,0.0484,0.412,0.902,0.131,A,0.405,-11.6,Major,0.405,89.74,0.422
36QJpDe2go2KgaRleHCDTp,Led Zeppelin,Europe,3qT4bUD1MaWpGrTwcvguhb,Black Dog - Remaster,1971-11,classic rock,74.0,False,295386,0.396,0.437,0.864,0.0314,E,0.242,-7.842,Minor,0.0904,81.394,0.749
36QJpDe2go2KgaRleHCDTp,Led Zeppelin,Europe,6Vjk8MNXpQpi0F4BefdTyq,Kashmir - Remaster,1975-02,classic rock,71.0,False,517125,0.452,0.483,0.615,0.000414,D,0.0512,-8.538,Major,0.0497,80.576,0.594
36QJpDe2go2KgaRleHCDTp,Led Zeppelin,Europe,4PRGxHpCpF2yoOHYKQIEwD,Rock and Roll - Remaster,1971-11,classic rock,71.0,False,220560,0.000582,0.317,0.887,0.00258,A,0.0891,-7.292,Major,0.0375,169.613,0.871
36QJpDe2go2KgaRleHCDTp,Led Zeppelin,Europe,0QwZfbw26QeUoIy82Z2jYp,Good Times Bad Times - 1993 Remaster,1969-01,classic rock,69.0,False,166266,0.0382,0.476,0.717,7.61e-05,A,0.0818,-9.192,Major,0.0949,93.584,0.753
36QJpDe2go2KgaRleHCDTp,Led Zeppelin,Europe,05f8Hg3RSfiPSCBQOtxl3i,When the Levee Breaks - Remaster,1971-11,classic rock,64.0,False,428851,0.00217,0.271,0.766,0.52,F,0.0707,-8.03,Major,0.0329,142.914,0.803
36QJpDe2go2KgaRleHCDTp,Led Zeppelin,Europe,3MODES4TNtygekLl146Dxd,Ramble On - 1990 Remaster,1969-10,classic rock,71.0,False,263333,0.072,0.468,0.607,0.000852,A,0.225,-11.367,Major,0.0336,98.429,0.886
36QJpDe2go2KgaRleHCDTp,Led Zeppelin,Europe,4ywWJqYKOwaVVh9xXARWUS,Tangerine - Remaster,1970-01,classic rock,64.0,False,191827,0.0857,0.306,0.398,6.02e-05,F#,0.0756,-12.767,Major,0.0412,85.622,0.0948
36QJpDe2go2KgaRleHCDTp,Led Zeppelin,Europe,0RO9W1xJoUEpq5MEelddFb,Stairway to Heaven - Remaster,1971-11,classic rock,61.0,False,482830,0.58,0.338,0.34,0.0032,A,0.116,-12.049,Minor,0.0339,82.433,0.197
36QJpDe2go2KgaRleHCDTp,Led Zeppelin,Europe,1SDiiE3v2z89VxC3aVRKHQ,Since I've Been Loving You - Remaster,1970-01,classic rock,62.0,False,444148,0.0021,0.393,0.364,0.0703,F,0.121,-10.945,Minor,0.0345,118.566,0.308
36QJpDe2go2KgaRleHCDTp,Led Zeppelin,Europe,1HNJU5jqp2LlIHqsdrjVUo,The Immigrant Song - Alternate Mix,1970-10,classic rock,59.0,False,147272,0.0353,0.623,0.849,0.109,B,0.279,-10.03,Major,0.0458,113.014,0.746
36QJpDe2go2KgaRleHCDTp,Led Zeppelin,Europe,4OMu5a8sFpcRCPCcsoEaov,Babe I'm Gonna Leave You - 1990 Remaster,1969-01,classic rock,62.0,False,401066,0.246,0.404,0.435,0.00074,E,0.156,-12.045,Minor,0.0323,136.058,0.156
36QJpDe2go2KgaRleHCDTp,Led Zeppelin,Europe,5hhVpGIBlqAU5yJEOmrk5o,All My Love - Remaster,1979-08,classic rock,65.0,False,353720,0.113,0.554,0.791,1.76e-05,G,0.166,-8.326,Major,0.0288,91.108,0.697
36QJpDe2go2KgaRleHCDTp,Led Zeppelin,Europe,6WE7jSshLCuVKoCmobVKVf,Heartbreaker - 1990 Remaster,1969-10,classic rock,64.0,False,254133,0.0746,0.403,0.709,0.494,A,0.132,-9.366,Major,0.0885,97.161,0.654
36QJpDe2go2KgaRleHCDTp,Led Zeppelin,Europe,4ItljeeAXtHsnsnnQojaO2,D'yer Mak'er - Remaster,1973-03,classic rock,66.0,False,262748,0.262,0.525,0.929,2.9e-05,A,0.0754,-8.56,Minor,0.0784,163.503,0.556
36QJpDe2go2KgaRleHCDTp,Led Zeppelin,Europe,2uuMXKKmdXrY2XxsqTsGp0,Immigrant Song - Remaster,2007-01,classic rock,57.0,False,146746,0.0119,0.567,0.931,0.159,B,0.342,-10.361,Major,0.0544,112.948,0.623
36QJpDe2go2KgaRleHCDTp,Led Zeppelin,Europe,6hu1f1cXSw7OAqhpSQ2zDy,Dazed and Confused - 1990 Remaster,1969-01,classic rock,63.0,False,386373,0.044,0.271,0.553,0.0096,D,0.0999,-9.526,Major,0.0472,86.762,0.433
36QJpDe2go2KgaRleHCDTp,Led Zeppelin,Europe,3JLrri1xSCui3bzITDJbkk,The Rain Song - Remaster,1973-03,classic rock,60.0,False,459093,0.317,0.336,0.318,0.0716,C,0.111,-11.412,Major,0.0263,79.66,0.24
36QJpDe2go2KgaRleHCDTp,Led Zeppelin,Europe,2eDdFHgqNJltzlvlZFVDWd,Over the Hills and Far Away - Remaster,1973-03,classic rock,64.0,False,290933,0.0679,0.402,0.691,0.133,G,0.0955,-10.274,Major,0.0691,96.95,0.206
36QJpDe2go2KgaRleHCDTp,Led Zeppelin,Europe,3i25w2HOWoafnTIiWJCL71,Fool in the Rain - Remaster,1979-08,classic rock,64.0,False,370920,0.124,0.52,0.912,0.00151,C,0.239,-7.512,Major,0.0487,131.403,0.702
36QJpDe2go2KgaRleHCDTp,Led Zeppelin,Europe,6M5m8gfTj3rhYEPDzLmdL4,Ten Years Gone - Remaster,1975-02,classic rock,59.0,False,394920,0.559,0.545,0.416,0.00496,D,0.0369,-11.979,Major,0.0433,76.872,0.295
568ZhdwyaiCyOGJRtNYhWf,Deep Purple,Europe,2Vim06YsRb4uJRpbeq6NR6,Hush - 1998 Remaster,1968-07,hard rock,59.0,False,266840,0.00459,0.57,0.635,0.176,A#,0.0901,-10.231,Major,0.0482,108.431,0.196
6cutt8thPFUICMfxaYerWd,MY FIRST STORY,Japan,1p6WtbNY4bDjiFBmSZolJY,REVIVER,2018-10,j-rock,55.0,False,290400,0.000401,0.431,0.993,0.0,G,0.39,-2.67,Minor,0.119,99.999,0.26
00DuPiLri3mNomvvM3nZvU,Ling tosite sigure,Japan,00nmZvZRyzQiYe2tAcDDUb,abnormalize,2013-04,j-rock,51.0,False,216666,7.51e-06,0.373,0.897,0.151,A#,0.0676,-4.052,Major,0.0702,87.477,0.369
6cutt8thPFUICMfxaYerWd,MY FIRST STORY,Japan,7lFzS8uBjpXckGjQQcpJrW,不可逆リプレイス,2016-06,j-rock,55.0,False,231000,0.000143,0.502,0.931,0.0,D,0.54,-3.676,Major,0.0577,99.955,0.365
7Ln80lUS6He07XvHI8qqHH,Arctic Monkeys,Europe,2HReNSxrMRcJ0cYMzKAJK6,Jet Skis On The Moat,2022-10,indie,0.0,False,197576,0.856,0.651,0.244,0.00165,G,0.0895,-11.925,Major,0.0544,149.759,0.395
64tJ2EAv1R6UaZqc4iOCyj,YOASOBI,Japan,3dPtXHP0oXQ4HCWHsOA9js,夜に駆ける,2019-12,j-pop,74.0,False,261013,0.00231,0.67,0.874,1.72e-05,G#,0.3,-5.221,Major,0.0305,130.041,0.789
64tJ2EAv1R6UaZqc4iOCyj,YOASOBI,Japan,6MCjmGYlw6mQVWRFVgBRvB,夜に駆ける,2021-01,j-pop,75.0,False,258838,0.00299,0.663,0.871,1.8e-06,G#,0.337,-5.287,Major,0.03,130.025,0.826
64tJ2EAv1R6UaZqc4iOCyj,YOASOBI,Japan,62Lv9WcrfzJqhvYDbilJy3,たぶん,2020-07,j-pop,66.0,False,258666,0.146,0.747,0.666,0.000912,F,0.0981,-6.395,Major,0.0324,90.008,0.731
64tJ2EAv1R6UaZqc4iOCyj,YOASOBI,Japan,06XQvnJb53SUYmlWIhUXUi,怪物,2021-01,j-pop,71.0,False,206000,0.0699,0.627,0.824,6.57e-05,C#,0.31,-3.419,Major,0.118,169.935,0.774
64tJ2EAv1R6UaZqc4iOCyj,YOASOBI,Japan,398dL22bDbKbAmiOnPaq7o,たぶん,2021-01,j-pop,68.0,False,256773,0.157,0.748,0.661,0.00102,F,0.101,-6.702,Major,0.0334,90.003,0.743
64tJ2EAv1R6UaZqc4iOCyj,YOASOBI,Japan,7ajpbW6tBpqUI9foCtwlLw,祝福,2022-10,j-pop,76.0,False,196235,0.0186,0.553,0.958,3.08e-05,E,0.297,-3.159,Minor,0.073,170.045,0.541
64tJ2EAv1R6UaZqc4iOCyj,YOASOBI,Japan,2vjY3jGKElvqXoaGNEuYef,怪物,2021-12,j-pop,65.0,False,205480,0.0655,0.598,0.847,9.92e-05,C#,0.307,-2.54,Major,0.205,169.959,0.728
64tJ2EAv1R6UaZqc4iOCyj,YOASOBI,Japan,1zd35Y44Blc1CwwVbW3Qnk,群青,2021-01,j-pop,74.0,False,248026,0.305,0.725,0.853,0.0,A#,0.115,-3.193,Major,0.0516,134.991,0.707
64tJ2EAv1R6UaZqc4iOCyj,YOASOBI,Japan,0JyJVPi4IBCgj2wTRKb0yN,Into The Night,2021-07,j-pop,60.0,False,262153,0.00496,0.647,0.859,0.0,C,0.312,-5.558,Minor,0.0295,130.024,0.78
64tJ2EAv1R6UaZqc4iOCyj,YOASOBI,Japan,7HneEBTvTra2CRYsxgMOAi,ハルジオン,2020-05,j-pop,62.0,False,198000,0.0591,0.686,0.902,0.0,C,0.333,-2.657,Minor,0.034,130.02,0.901
64tJ2EAv1R6UaZqc4iOCyj,YOASOBI,Japan,0T4AitQuq8IJhWBWuZwkFA,群青,2020-09,j-pop,66.0,False,248444,0.321,0.719,0.87,0.0,A#,0.187,-3.073,Major,0.0472,134.979,0.732
64tJ2EAv1R6UaZqc4iOCyj,YOASOBI,Japan,4BE1OloRc9xwjyqA4wFFuN,あの夢をなぞって,2020-01,j-pop,65.0,False,242666,0.217,0.537,0.793,0.000361,G#,0.143,-3.446,Major,0.04,180.029,0.73
64tJ2EAv1R6UaZqc4iOCyj,YOASOBI,Japan,465JzFiajJO59sUrDFsxdC,アンコール,2021-01,j-pop,66.0,False,271440,0.283,0.682,0.669,1e-06,D,0.145,-4.741,Major,0.0275,81.999,0.831
64tJ2EAv1R6UaZqc4iOCyj,YOASOBI,Japan,5ptl2PXkiSth54HCuGO7vN,あの夢をなぞって,2021-01,j-pop,65.0,False,240746,0.334,0.534,0.794,0.00093,G#,0.159,-3.738,Major,0.0402,179.976,0.711
64tJ2EAv1R6UaZqc4iOCyj,YOASOBI,Japan,7M9lc2hHXKQobbHQ31Yg2v,Monster,2021-07,j-pop,56.0,False,205000,0.0681,0.615,0.868,0.0,C#,0.234,-3.571,Major,0.105,170.054,0.69
64tJ2EAv1R6UaZqc4iOCyj,YOASOBI,Japan,5WYTSyhKonzQZ3hu14LNr6,もしも命が描けたら,2021-12,j-pop,57.0,False,201626,0.175,0.698,0.795,0.000752,A#,0.158,-4.516,Minor,0.0337,99.987,0.356
64tJ2EAv1R6UaZqc4iOCyj,YOASOBI,Japan,2vwzbB62VEfzCARNu9Nrrm,Into The Night,2021-11,j-pop,57.0,False,259661,0.0112,0.638,0.868,0.0,C,0.342,-5.701,Minor,0.0292,130.046,0.824
64tJ2EAv1R6UaZqc4iOCyj,YOASOBI,Japan,2YbNZLoiREBYZo4HeKB8Np,ミスター,2022-02,j-pop,65.0,False,187000,0.0674,0.732,0.933,3.67e-05,C#,0.202,-3.51,Minor,0.0548,119.971,0.611
64tJ2EAv1R6UaZqc4iOCyj,YOASOBI,Japan,19fhOFi6pNGeZe5uiFlm7c,優しい彗星,2021-01,j-pop,64.0,False,215333,0.197,0.715,0.722,0.0,F,0.114,-4.62,Major,0.0348,89.995,0.522
64tJ2EAv1R6UaZqc4iOCyj,YOASOBI,Japan,7537JfhvVpEqkrY2CIY7zu,好きだ,2022-05,j-pop,67.0,False,217512,0.174,0.771,0.935,1.06e-06,E,0.404,-3.366,Minor,0.0327,120.032,0.86
64tJ2EAv1R6UaZqc4iOCyj,YOASOBI,Japan,08YwAPnX8sygJUXG9rvhDv,ハルジオン,2021-01,j-pop,62.0,False,198600,0.0545,0.687,0.873,0.0,G#,0.318,-3.852,Major,0.0335,130.024,0.884
64tJ2EAv1R6UaZqc4iOCyj,YOASOBI,Japan,2pXmohBUnD5Li93sgpbPSg,もう少しだけ,2021-05,j-pop,63.0,False,220200,0.12,0.675,0.746,0.0,G#,0.121,-5.531,Major,0.0288,99.99,0.533
64tJ2EAv1R6UaZqc4iOCyj,YOASOBI,Japan,2F9iSs6DypVQu26t5uaeFM,三原色,2021-12,j-pop,57.0,False,220253,0.0836,0.666,0.923,0.0,F,0.315,-2.362,Minor,0.0712,128.014,0.861
64tJ2EAv1R6UaZqc4iOCyj,YOASOBI,Japan,185Wm4Mx09dQG0fUktklDm,ラブレター,2021-08,j-pop,62.0,False,212400,0.447,0.662,0.86,0.0,G,0.339,-3.534,Major,0.0286,100.016,0.69
64tJ2EAv1R6UaZqc4iOCyj,YOASOBI,Japan,0dSPApaBoWn6SA4GKWq9QK,Romance,2021-12,j-pop,58.0,False,166426,0.0889,0.643,0.945,0.0,C#,0.271,-2.095,Minor,0.0445,130.001,0.853
64tJ2EAv1R6UaZqc4iOCyj,YOASOBI,Japan,3FUCuf498nFHJXFYR1V9Bd,三原色,2021-07,j-pop,64.0,False,224066,0.128,0.443,0.893,0.0,F,0.328,-3.496,Minor,0.154,127.999,0.826
64tJ2EAv1R6UaZqc4iOCyj,YOASOBI,Japan,5MUb136to9lnJLfIy5FZKI,優しい彗星,2021-12,j-pop,57.0,False,213240,0.179,0.707,0.709,0.0,F,0.142,-4.293,Major,0.033,89.989,0.59
64tJ2EAv1R6UaZqc4iOCyj,YOASOBI,Japan,4RKXTsCXXXl9G06CqqJCBo,もしも命が描けたら,2022-08,j-pop,52.0,False,201626,0.175,0.698,0.795,0.000752,A#,0.158,-4.516,Minor,0.0337,99.987,0.356
64tJ2EAv1R6UaZqc4iOCyj,YOASOBI,Japan,6wKmxUeMJAoz2GpMrw95z5,ハルカ,2020-12,j-pop,61.0,False,243613,0.0717,0.712,0.817,7.21e-06,C#,0.146,-5.123,Major,0.0279,100.016,0.679
64tJ2EAv1R6UaZqc4iOCyj,YOASOBI,Japan,5D9MPWdY2hjSeTIGE5n5kv,ハルカ,2021-01,j-pop,62.0,False,243613,0.0717,0.712,0.817,7.21e-06,C#,0.146,-5.123,Major,0.0279,100.016,0.679
3PWp9R5HvbQgxI5KBx5kVd,KANA-BOON,Japan,1dsh4buvcBs2u7YtHy29c7,ないものねだり,2013-04,anime,55.0,False,262693,0.0002,0.471,0.77,0.00308,F#,0.0974,-3.783,Minor,0.102,174.85,0.529
3PWp9R5HvbQgxI5KBx5kVd,KANA-BOON,Japan,1o9Tn1pO1bVIJBEAcmG0If,スパイラル,2018-03,anime,53.0,False,181786,2.61e-05,0.479,0.947,0.109,F,0.167,-3.36,Minor,0.0906,90.032,0.411
0k17h0D3J5VfsdmQ1iZtE9,Pink Floyd,Europe,6mFkJmJqdDVQ1REhVfGgd1,Wish You Were Here,1975-09,progressive rock,77.0,False,334743,0.735,0.481,0.262,0.0114,G,0.832,-15.73,Major,0.0414,122.861,0.375
0k17h0D3J5VfsdmQ1iZtE9,Pink Floyd,Europe,5HNCy40Ni5BZJFw1TKzRsC,Comfortably Numb,1979-11,progressive rock,74.0,False,382296,0.15,0.472,0.366,0.312,B,0.0837,-12.595,Minor,0.0286,127.163,0.171
0k17h0D3J5VfsdmQ1iZtE9,Pink Floyd,Europe,4gMgiXfqyzZLMhsksGmbQV,"Another Brick in the Wall, Pt. 2",1979-11,progressive rock,76.0,False,238746,0.0782,0.693,0.394,0.000694,C,0.247,-15.882,Major,0.0428,104.114,0.721
0k17h0D3J5VfsdmQ1iZtE9,Pink Floyd,Europe,3TO7bbrUKrOSPGRTB5MeCz,Time,1973-03,progressive rock,71.0,False,413947,0.521,0.359,0.48,0.0043,A,0.178,-11.79,Major,0.0841,120.285,0.355
0k17h0D3J5VfsdmQ1iZtE9,Pink Floyd,Europe,2ctvdKmETyOzPb2GiJJT53,Breathe (In the Air),1973-03,progressive rock,71.0,False,169534,0.389,0.431,0.373,0.728,B,0.143,-15.142,Minor,0.0346,128.153,0.253
0k17h0D3J5VfsdmQ1iZtE9,Pink Floyd,Europe,6pnwfWyaWjQiHCKTiZLItr,Shine On You Crazy Diamond (Pts. 1-5),1975-09,progressive rock,67.0,False,811077,0.772,0.264,0.294,0.686,G,0.107,-11.941,Minor,0.028,137.937,0.0402
0k17h0D3J5VfsdmQ1iZtE9,Pink Floyd,Europe,5a4MgIUSf9K8wXLSm6xPEx,High Hopes,1994-01,progressive rock,57.0,False,510964,0.205,0.519,0.413,0.152,C,0.351,-12.535,Minor,0.0251,75.219,0.267
0k17h0D3J5VfsdmQ1iZtE9,Pink Floyd,Europe,0vFOzaXqZHahrZp6enQwQb,Money,1973-03,progressive rock,73.0,False,382834,0.024,0.468,0.536,0.00199,B,0.269,-10.422,Minor,0.144,126.256,0.785
0k17h0D3J5VfsdmQ1iZtE9,Pink Floyd,Europe,1bQ4zbP8Fo0qAePTSOfYji,Coming Back to Life,1994-01,progressive rock,58.0,False,379241,0.464,0.287,0.499,0.000652,C,0.102,-11.094,Major,0.0437,176.437,0.142
0k17h0D3J5VfsdmQ1iZtE9,Pink Floyd,Europe,05uGBKRCuePsf43Hfm0JwX,Brain Damage,1973-03,progressive rock,66.0,False,226666,0.0732,0.324,0.265,0.341,D,0.366,-13.398,Major,0.0302,133.568,0.208
0k17h0D3J5VfsdmQ1iZtE9,Pink Floyd,Europe,7F02x6EKYIQV3VcTaTm7oN,Hey You,1979-11,progressive rock,68.0,False,278440,0.223,0.587,0.302,0.00216,C,0.128,-14.976,Major,0.0293,112.46,0.19
0k17h0D3J5VfsdmQ1iZtE9,Pink Floyd,Europe,3CmHvyZQQAGkKkTjTBFWN6,Have a Cigar,1975-09,progressive rock,66.0,False,307733,0.407,0.454,0.65,0.0488,E,0.589,-10.191,Minor,0.0437,120.155,0.72
0k17h0D3J5VfsdmQ1iZtE9,Pink Floyd,Europe,1TKTiKp3zbNgrBH2IwSwIx,Us and Them,1973-03,progressive rock,66.0,False,469224,0.862,0.357,0.302,0.559,D,0.634,-14.526,Major,0.0303,72.518,0.135
0k17h0D3J5VfsdmQ1iZtE9,Pink Floyd,Europe,7kriFJLY2KOhw5en9iI2jb,Echoes,1971-11,progressive rock,57.0,False,1412451,0.367,0.285,0.322,0.649,F#,0.107,-16.58,Minor,0.0445,133.577,0.138
0k17h0D3J5VfsdmQ1iZtE9,Pink Floyd,Europe,3ieDOGcOqVxScs2VZBzidt,Learning to Fly,1987-09,progressive rock,63.0,False,292080,0.252,0.442,0.56,0.0322,C,0.151,-13.681,Major,0.0361,166.585,0.475
0k17h0D3J5VfsdmQ1iZtE9,Pink Floyd,Europe,7AalBKBoLDR4UmRYRJpdbj,Fearless,1971-11,progressive rock,60.0,False,367933,0.161,0.381,0.341,0.0403,G,0.448,-15.719,Major,0.0414,143.756,0.178
0k17h0D3J5VfsdmQ1iZtE9,Pink Floyd,Europe,5VWC7v2dC2K0SIIjT9WTLN,Welcome to the Machine,1975-09,progressive rock,61.0,False,451680,0.524,0.381,0.358,0.169,C,0.0747,-12.423,Major,0.0365,133.271,0.036
0k17h0D3J5VfsdmQ1iZtE9,Pink Floyd,Europe,1tDWVeCR9oWGX8d5J9rswk,Eclipse,1973-03,progressive rock,62.0,False,130427,0.0589,0.359,0.577,0.751,A#,0.0686,-10.804,Major,0.0397,68.064,0.141
0k17h0D3J5VfsdmQ1iZtE9,Pink Floyd,Europe,1GEOSS415bZVHNuXWlCT6b,Mother,1979-11,progressive rock,63.0,False,334893,0.243,0.578,0.15,0.00707,G,0.0825,-17.335,Major,0.0334,135.22,0.12
0k17h0D3J5VfsdmQ1iZtE9,Pink Floyd,Europe,4Ev1LZ4uzjnSvDHpgdyBZK,Lost for Words,1994-01,progressive rock,55.0,True,314960,0.128,0.599,0.399,0.00337,C,0.712,-14.014,Major,0.0248,96.329,0.222
0k17h0D3J5VfsdmQ1iZtE9,Pink Floyd,Europe,2ZUSWhE5jP7CvNItpLyZwA,Hey Hey Rise Up - feat. Andriy Khlyvnyuk of Boombox,2022-07,progressive rock,56.0,False,206493,0.0116,0.517,0.463,9.65e-05,C#,0.0742,-9.664,Minor,0.0354,114.891,0.49
0k17h0D3J5VfsdmQ1iZtE9,Pink Floyd,Europe,3xGJuHvSxFJxxYlHj5BIoT,Young Lust,1979-11,progressive rock,63.0,False,209956,0.0546,0.615,0.55,0.19,B,0.747,-13.858,Minor,0.0349,95.488,0.549
0k17h0D3J5VfsdmQ1iZtE9,Pink Floyd,Europe,3Tsh9pjiJ5cvmuiZALdgVz,What Do You Want from Me,1994-01,progressive rock,57.0,False,261587,0.113,0.515,0.565,1.35e-05,E,0.122,-9.547,Major,0.0304,104.372,0.374
0k17h0D3J5VfsdmQ1iZtE9,Pink Floyd,Europe,6FBPOJLxUZEair6x4kLDhf,Any Colour You Like,1973-03,progressive rock,61.0,False,206429,0.197,0.277,0.672,0.936,C,0.423,-12.582,Major,0.0901,150.587,0.505
0k17h0D3J5VfsdmQ1iZtE9,Pink Floyd,Europe,2jvuMDqBK04WvCYYz5qjvG,Dogs,1977-01,progressive rock,60.0,False,1025280,0.076,0.321,0.479,0.00475,D,0.151,-11.395,Minor,0.05,109.289,0.14
0k17h0D3J5VfsdmQ1iZtE9,Pink Floyd,Europe,0GqGrPWhmiRX9BU93AYFOW,Wish You Were Here,2011-01,progressive rock,58.0,False,305507,0.731,0.497,0.278,0.000508,G,0.284,-15.557,Major,0.0513,120.931,0.293
0k17h0D3J5VfsdmQ1iZtE9,Pink Floyd,Europe,73OIUNKRi2y24Cu9cOLrzM,On the Run,1973-03,progressive rock,61.0,False,225384,0.65,0.389,0.563,0.903,A,0.104,-21.191,Major,0.0622,165.393,0.134
0k17h0D3J5VfsdmQ1iZtE9,Pink Floyd,Europe,6bIPHR8AJG5HAcn9oF21Ma,Marooned,1994-01,progressive rock,56.0,False,330385,0.384,0.396,0.341,0.568,G,0.12,-14.836,Major,0.0303,74.203,0.148
0k17h0D3J5VfsdmQ1iZtE9,Pink Floyd,Europe,21j1PsCiTaO8ZW88UZrh3A,Shine On You Crazy Diamond (Pts. 6-9),1975-09,progressive rock,58.0,False,747325,0.576,0.288,0.485,0.9,G,0.322,-13.162,Minor,0.0491,135.87,0.124
0k17h0D3J5VfsdmQ1iZtE9,Pink Floyd,Europe,0ESdtt9cjGZUkUbaubSrv2,Goodbye Blue Sky,1979-11,progressive rock,59.0,False,167239,0.879,0.638,0.0811,0.00313,G,0.314,-22.646,Major,0.0335,109.154,0.0503
0k17h0D3J5VfsdmQ1iZtE9,Pink Floyd,Europe,0gEaeqVRHPzRc7HMXtOKc7,Pigs (Three Different Ones),1977-01,progressive rock,59.0,True,685880,0.103,0.419,0.575,0.459,E,0.895,-12.22,Minor,0.0897,129.267,0.354
0k17h0D3J5VfsdmQ1iZtE9,Pink Floyd,Europe,19tHmIQsRnebkyK09m2UXE,Pigs on the Wing 1,1977-01,progressive rock,58.0,False,84280,0.3,0.664,0.171,0.001,G,0.264,-20.731,Major,0.0452,128.631,0.378
0k17h0D3J5VfsdmQ1iZtE9,Pink Floyd,Europe,7krbQbYq63hcwVMNW1R0tD,A Pillow of Winds,1971-11,progressive rock,52.0,False,312893,0.452,0.361,0.211,0.00174,A,0.0857,-16.114,Major,0.0313,142.625,0.222
0k17h0D3J5VfsdmQ1iZtE9,Pink Floyd,Europe,6uE9hF8fIb6shBXrrzA12U,Poles Apart,1994-01,progressive rock,54.0,False,423064,0.3,0.162,0.411,0.0769,G,0.687,-11.333,Major,0.0346,61.418,0.246
0k17h0D3J5VfsdmQ1iZtE9,Pink Floyd,Europe,5y1Uc72BAKxaleTEXpcJJq,The Final Cut,1983-03,progressive rock,53.0,False,282602,0.787,0.462,0.364,0.000682,F,0.118,-9.831,Major,0.0335,58.588,0.0781
0k17h0D3J5VfsdmQ1iZtE9,Pink Floyd,Europe,2O3l4X1yTua8oMMCtazkyo,The Happiest Days of Our Lives,1979-11,progressive rock,59.0,False,110826,0.551,0.74,0.231,0.747,A,0.249,-18.91,Minor,0.0415,103.994,0.546
0k17h0D3J5VfsdmQ1iZtE9,Pink Floyd,Europe,6zGFOp6rJZbYSp9DQO5AHY,Wot's...Uh the Deal,1972-06,progressive rock,53.0,False,309106,0.204,0.479,0.324,0.0,G,0.0675,-16.001,Major,0.0255,86.75,0.57
0k17h0D3J5VfsdmQ1iZtE9,Pink Floyd,Europe,3kbUFmLV5SHVQonfOpNgkd,San Tropez,1971-11,progressive rock,54.0,False,223066,0.171,0.691,0.324,0.0223,C,0.0674,-15.366,Major,0.0446,121.664,0.543
0k17h0D3J5VfsdmQ1iZtE9,Pink Floyd,Europe,62zuXt6X5B6YQOBNFV2eXG,The Thin Ice,1979-11,progressive rock,56.0,False,146321,0.359,0.406,0.128,0.0019,A,0.656,-16.983,Minor,0.0349,110.272,0.191
0k17h0D3J5VfsdmQ1iZtE9,Pink Floyd,Europe,7KA6U0WOHdGxWWLGPYN2Sb,On the Turning Away,1987-09,progressive rock,55.0,False,341666,0.365,0.448,0.402,0.000746,G,0.076,-12.135,Major,0.03,100.454,0.244
0k17h0D3J5VfsdmQ1iZtE9,Pink Floyd,Europe,6EDNT1kMvZuCppLS0IJ3tc,Pigs on the Wing 1 - 2018 Remix,1977-01,progressive rock,54.0,False,84960,0.514,0.671,0.0721,0.000276,G,0.131,-23.773,Major,0.0468,128.279,0.334
0k17h0D3J5VfsdmQ1iZtE9,Pink Floyd,Europe,6uU0Hu8oVk9gBihokcrDMH,One of These Days,1971-11,progressive rock,55.0,False,354613,0.00613,0.381,0.508,0.846,E,0.535,-15.094,Major,0.0465,103.804,0.403
0k17h0D3J5VfsdmQ1iZtE9,Pink Floyd,Europe,24YmWQgunJGAU8El3ndkyn,In the Flesh?,1979-11,progressive rock,58.0,False,198221,0.416,0.316,0.49,0.367,A,0.0537,-14.578,Major,0.0391,152.1,0.267
0k17h0D3J5VfsdmQ1iZtE9,Pink Floyd,Europe,5A7eooPKJHtr0UJmatjH4a,"Another Brick in the Wall, Pt. 3",1979-11,progressive rock,56.0,False,74411,0.0554,0.653,0.472,7.69e-05,D,0.397,-14.797,Major,0.0353,102.558,0.448
0k17h0D3J5VfsdmQ1iZtE9,Pink Floyd,Europe,55e99bv2wlgTYtNEYHWtN1,Sheep,1977-01,progressive rock,57.0,False,619079,0.0652,0.28,0.716,0.52,A,0.512,-12.095,Minor,0.0983,135.378,0.0618
0k17h0D3J5VfsdmQ1iZtE9,Pink Floyd,Europe,2GoeLsETNdx8lRoWW2aeNj,Wearing the Inside Out,1994-01,progressive rock,50.0,False,409255,0.306,0.602,0.426,0.0473,A#,0.104,-15.317,Major,0.0404,122.4,0.363
0k17h0D3J5VfsdmQ1iZtE9,Pink Floyd,Europe,0u90NnJ2p3Q2MIP9IaAsg5,Sorrow,1987-09,progressive rock,49.0,False,524753,0.174,0.464,0.65,0.377,A,0.0728,-12.541,Major,0.0366,96.313,0.15
0k17h0D3J5VfsdmQ1iZtE9,Pink Floyd,Europe,325toqbCzE1g1pYIED7U4C,Take It Back,1994-01,progressive rock,52.0,False,372225,0.132,0.469,0.6,0.00606,G,0.273,-11.155,Major,0.0288,112.426,0.135
0k17h0D3J5VfsdmQ1iZtE9,Pink Floyd,Europe,7DDvRmOSP2Yx28CfL6W7aw,Green Is the Colour,1969-07,progressive rock,46.0,False,178906,0.807,0.503,0.148,0.706,G,0.119,-18.267,Major,0.0349,74.868,0.521
0k17h0D3J5VfsdmQ1iZtE9,Pink Floyd,Europe,5HAjss9faCAowGY8dM24r6,Is There Anybody Out There?,1979-11,progressive rock,55.0,False,161595,0.72,0.307,0.0742,0.315,A,0.11,-27.159,Minor,0.0359,118.682,0.0394
0k17h0D3J5VfsdmQ1iZtE9,Pink Floyd,Europe,1ABSzfyYSTmSrUx5NBxYaV,Dogs - 2018 Remix,1977-01,progressive rock,53.0,False,1026853,0.0237,0.315,0.428,0.000187,D,0.162,-13.587,Minor,0.0475,130.108,0.17
0k17h0D3J5VfsdmQ1iZtE9,Pink Floyd,Europe,0vI64OhYqTo6KYswDlx0yT,Keep Talking,1994-01,progressive rock,50.0,False,370666,0.187,0.497,0.771,0.00895,E,0.0788,-11.938,Minor,0.0528,100.302,0.24
568ZhdwyaiCyOGJRtNYhWf,Deep Purple,Europe,1iW2ktyrQHNKZwFTvgP0Ta,Burn - Remastered 2004,1974-02,hard rock,58.0,False,364933,0.0155,0.387,0.94,0.023,G,0.327,-6.192,Major,0.0376,98.533,0.582
0k17h0D3J5VfsdmQ1iZtE9,Pink Floyd,Europe,21L1dVOTGhvAKvBXXnTIHj,Stop,1979-11,progressive rock,53.0,False,30622,0.917,0.555,0.0193,0.00136,A,0.0658,-29.867,Minor,0.0432,76.113,0.31
0k17h0D3J5VfsdmQ1iZtE9,Pink Floyd,Europe,7ajPDMxJkj2UCCGE2tnC9u,Comfortably Numb - Live,1995-05,progressive rock,49.0,False,570560,0.0364,0.219,0.453,0.0036,B,0.82,-13.599,Minor,0.0368,123.169,0.239
0k17h0D3J5VfsdmQ1iZtE9,Pink Floyd,Europe,077OhUjy58qkjscrXjW696,The Show Must Go On,1979-11,progressive rock,54.0,False,96560,0.435,0.571,0.198,0.125,G,0.262,-16.919,Major,0.0294,129.024,0.326
0k17h0D3J5VfsdmQ1iZtE9,Pink Floyd,Europe,3xyTufSSGLP3oZnomceAVW,Interstellar Overdrive,1967-08,progressive rock,48.0,False,580715,0.767,0.23,0.704,0.869,A,0.112,-10.975,Major,0.0566,94.227,0.308
0k17h0D3J5VfsdmQ1iZtE9,Pink Floyd,Europe,3Y8gNcoJu1uJ5L1BZuGvqB,Astronomy Domine,1967-08,progressive rock,49.0,False,251278,0.376,0.348,0.633,0.473,D,0.346,-11.527,Major,0.048,124.096,0.0805
0k17h0D3J5VfsdmQ1iZtE9,Pink Floyd,Europe,3QEWEv1tvHmVgsT5THpGDn,Don't Leave Me Now,1979-11,progressive rock,53.0,False,255934,0.0847,0.324,0.11,0.777,A,0.621,-19.78,Minor,0.0351,123.534,0.0393
0k17h0D3J5VfsdmQ1iZtE9,Pink Floyd,Europe,5MZALWjwQRX0RsZt31HlNP,Summer '68,1970-10,progressive rock,48.0,False,328960,0.417,0.23,0.429,0.49,D,0.0911,-10.624,Major,0.0278,165.179,0.324
0k17h0D3J5VfsdmQ1iZtE9,Pink Floyd,Europe,66YHxyGAUGjMBDdrDlWIMD,One of My Turns,1979-11,progressive rock,55.0,False,216800,0.305,0.315,0.218,0.0012,C,0.226,-15.215,Major,0.0728,175.868,0.156
0k17h0D3J5VfsdmQ1iZtE9,Pink Floyd,Europe,5xUz3xvyPPrNfnBrh9IOZa,Let There Be More Light,1968-06,progressive rock,46.0,False,336727,0.689,0.158,0.615,0.861,C,0.153,-8.897,Major,0.0367,77.238,0.303
568ZhdwyaiCyOGJRtNYhWf,Deep Purple,Europe,79q7xFOodcfIVbpNHjE2gB,Highway Star,1990-07,hard rock,50.0,False,367946,0.00307,0.252,0.874,0.014,A,0.122,-6.596,Minor,0.0602,172.804,0.377
0k17h0D3J5VfsdmQ1iZtE9,Pink Floyd,Europe,37PW3wtNKS20b9gUicwqfb,Pigs (Three Different Ones) - 2018 Remix,1977-01,progressive rock,52.0,True,686640,0.00586,0.423,0.407,0.498,E,0.41,-13.359,Minor,0.0389,132.588,0.368
568ZhdwyaiCyOGJRtNYhWf,Deep Purple,Europe,573Z2Dty5epeNgKsgoDOlr,Child in Time - 1995 Remaster,1970-06,hard rock,57.0,False,613440,0.0167,0.344,0.497,0.453,A,0.108,-9.295,Minor,0.0366,127.707,0.356
0k17h0D3J5VfsdmQ1iZtE9,Pink Floyd,Europe,2dxfyqdrI8XVOT3H1YcOsU,A Great Day for Freedom,1994-01,progressive rock,49.0,False,256986,0.626,0.386,0.348,0.00123,C,0.236,-12.239,Major,0.0291,84.376,0.265
0k17h0D3J5VfsdmQ1iZtE9,Pink Floyd,Europe,2gTnu5RZNVFVnWdjLnyUA5,Nobody Home,1979-11,progressive rock,54.0,False,203360,0.713,0.251,0.148,0.432,C,0.106,-21.056,Major,0.0432,206.542,0.0569
0k17h0D3J5VfsdmQ1iZtE9,Pink Floyd,Europe,5OFi9CIyD6s1oENyHapK2W,In the Flesh,1979-11,progressive rock,54.0,False,255546,0.371,0.292,0.454,0.509,A,0.719,-14.89,Major,0.0316,150.916,0.105
0k17h0D3J5VfsdmQ1iZtE9,Pink Floyd,Europe,1dBubDq1rKvxmPAWN2dXmC,"Shine On You Crazy Diamond (Pts. 1-5, 7) - Live",1995-05,progressive rock,51.0,False,816733,0.211,0.204,0.401,0.000488,G,0.446,-15.2,Minor,0.0372,143.397,0.103
568ZhdwyaiCyOGJRtNYhWf,Deep Purple,Europe,21cp8L9Pei4AgysZVihjSv,Child in Time,1990-07,hard rock,55.0,False,619266,0.313,0.331,0.34,0.607,A,0.234,-14.784,Minor,0.0369,126.672,0.365
0k17h0D3J5VfsdmQ1iZtE9,Pink Floyd,Europe,7FCiDC7ojdm19CJePq6QAe,Vera,1979-11,progressive rock,52.0,False,93356,0.678,0.179,0.162,0.022,E,0.119,-22.191,Minor,0.162,34.821,0.0869
568ZhdwyaiCyOGJRtNYhWf,Deep Purple,Europe,3eTyKCPNAILqn6yMZQFgmr,Sometimes I Feel Like Screaming,1990-01,hard rock,42.0,False,449133,0.00623,0.467,0.704,0.107,C,0.0861,-8.313,Major,0.0293,89.658,0.188
568ZhdwyaiCyOGJRtNYhWf,Deep Purple,Europe,2c1ccPqUnFYD8W7LY65bKG,Black Night - 1995 Remaster,1970-06,hard rock,56.0,False,209400,0.0546,0.507,0.886,0.363,A,0.0919,-8.889,Major,0.0873,134.719,0.826
0k17h0D3J5VfsdmQ1iZtE9,Pink Floyd,Europe,5Y09vbg5vzqoXFPrVvimbS,Sheep - 2018 Remix,1977-01,progressive rock,50.0,False,617466,0.00678,0.285,0.655,0.0992,A,0.898,-13.128,Minor,0.102,136.582,0.0397
0k17h0D3J5VfsdmQ1iZtE9,Pink Floyd,Europe,3KvKMHMlRj30a7IjHXQVzu,Two Suns in the Sunset,1983-03,progressive rock,47.0,False,315444,0.189,0.714,0.224,0.201,D,0.243,-15.596,Major,0.0319,135.269,0.339
0k17h0D3J5VfsdmQ1iZtE9,Pink Floyd,Europe,4MPkQ1BppSZR0PnZ5HWL0i,Julia Dream,1971-05,progressive rock,40.0,False,157333,0.522,0.368,0.28,0.132,A,0.602,-13.153,Minor,0.0323,115.986,0.408
0k17h0D3J5VfsdmQ1iZtE9,Pink Floyd,Europe,63brgJhrcNFW8ncUhM1mhG,If,1970-10,progressive rock,45.0,False,270773,0.918,0.508,0.103,0.618,F#,0.108,-21.981,Minor,0.0293,102.977,0.196
0k17h0D3J5VfsdmQ1iZtE9,Pink Floyd,Europe,6JTYg0H6jvDMtpnP11NpE0,Coming Back to Life - Live,1995-05,progressive rock,46.0,False,417413,0.39,0.259,0.45,0.00134,C,0.988,-14.278,Major,0.0354,76.922,0.142
0k17h0D3J5VfsdmQ1iZtE9,Pink Floyd,Europe,1YZuigG1YcdgbfD7XJoCU5,See Emily Play,1971-05,progressive rock,47.0,False,173800,0.203,0.456,0.711,6.61e-06,D,0.13,-9.205,Major,0.0362,124.021,0.412
0k17h0D3J5VfsdmQ1iZtE9,Pink Floyd,Europe,0qeWe2cEpQ7OeBXEJhtb6H,Eclipse,2011-01,progressive rock,42.0,False,111631,0.00633,0.311,0.493,0.0733,A#,0.0947,-12.346,Major,0.0453,136.58,0.0931
0k17h0D3J5VfsdmQ1iZtE9,Pink Floyd,Europe,1057KuzIH4fWCyI5Gb5kX2,The Gunner's Dream,1983-03,progressive rock,46.0,False,318239,0.687,0.428,0.284,0.00444,G,0.104,-14.264,Major,0.054,132.667,0.169
568ZhdwyaiCyOGJRtNYhWf,Deep Purple,Europe,07W9HcJyjXPnKQSMbUcWZU,Wasted Sunsets,1984-09,hard rock,47.0,False,235960,0.0156,0.374,0.67,0.000414,G,0.0924,-7.694,Major,0.0307,136.548,0.362
0k17h0D3J5VfsdmQ1iZtE9,Pink Floyd,Europe,4TUStFzBGQqn0GrkzVWFV4,Bring the Boys Back Home,1979-11,progressive rock,51.0,False,87207,0.575,0.33,0.283,0.0947,C,0.235,-15.971,Major,0.061,157.963,0.287
0k17h0D3J5VfsdmQ1iZtE9,Pink Floyd,Europe,08ZP6LzduiKEURYbNex8SH,A Great Day For Freedom 2022,2022-07,progressive rock,42.0,False,247506,0.0545,0.456,0.318,0.0,C,0.437,-11.153,Major,0.0279,89.605,0.203
0k17h0D3J5VfsdmQ1iZtE9,Pink Floyd,Europe,4fnJmewCdmTfErfSYSysyM,Childhood's End,1972-06,progressive rock,47.0,False,273386,0.242,0.673,0.386,0.000165,A,0.0872,-13.486,Major,0.0411,125.08,0.194
0k17h0D3J5VfsdmQ1iZtE9,Pink Floyd,Europe,2Dsy7Ls7OuvG1fpjrKI5AE,Arnold Layne,1971-05,progressive rock,45.0,False,176866,0.234,0.309,0.49,9.9e-06,D,0.0887,-9.333,Major,0.0304,132.618,0.212
0k17h0D3J5VfsdmQ1iZtE9,Pink Floyd,Europe,1UMXtudajhlocMzXVSngDU,The Trial,1979-11,progressive rock,52.0,False,318846,0.696,0.414,0.37,0.000129,E,0.211,-15.748,Minor,0.0573,76.846,0.33
0k17h0D3J5VfsdmQ1iZtE9,Pink Floyd,Europe,2DVkYfl2YuOMlRfC98srEG,Waiting for the Worms,1979-11,progressive rock,52.0,False,237097,0.582,0.568,0.413,0.00541,G,0.535,-13.594,Major,0.0339,75.866,0.634
0k17h0D3J5VfsdmQ1iZtE9,Pink Floyd,Europe,4IAY70cIvZx9Btx9XB5XPX,"Another Brick in the Wall, (Pt. 2) - Live",1995-05,progressive rock,46.0,False,416293,0.0355,0.628,0.473,0.146,C,0.997,-15.252,Major,0.041,101.783,0.303
568ZhdwyaiCyOGJRtNYhWf,Deep Purple,Europe,5S126DaCBZ8z6yh7B1Lszr,Space Truckin' - Remastered 2012,1972-03,hard rock,52.0,False,272996,0.0264,0.62,0.878,0.776,A,0.235,-9.064,Major,0.0443,129.236,0.708
0k17h0D3J5VfsdmQ1iZtE9,Pink Floyd,Europe,5qlckstqDQ2RskL0SJsDYx,Fat Old Sun,1970-10,progressive rock,44.0,False,323733,0.352,0.365,0.204,0.424,C,0.823,-15.778,Major,0.0314,72.689,0.201
0k17h0D3J5VfsdmQ1iZtE9,Pink Floyd,Europe,1OzTJHmUMMYPQpMLxZYHlU,Pigs on the Wing 2,1977-01,progressive rock,50.0,False,86696,0.256,0.596,0.17,4.39e-05,G,0.0772,-19.58,Major,0.043,128.585,0.486
568ZhdwyaiCyOGJRtNYhWf,Deep Purple,Europe,0Q7sFMIqfp3eMtjF3w3S6F,Love Conquers All,1990-10,hard rock,46.0,False,224680,0.264,0.233,0.42,8.7e-05,A,0.0884,-8.104,Minor,0.0286,107.779,0.0704
0k17h0D3J5VfsdmQ1iZtE9,Pink Floyd,Europe,1cy4FxrVbTfYRMlAF0n6LX,High Hopes - Live,1995-05,progressive rock,45.0,False,474066,0.479,0.445,0.332,0.00503,C,0.968,-16.167,Minor,0.0265,74.93,0.144
568ZhdwyaiCyOGJRtNYhWf,Deep Purple,Europe,27WqFiOFm2u1hax2ksdyqK,Lazy - Remastered 2012,1972-03,hard rock,51.0,False,442840,0.371,0.32,0.732,0.622,F,0.2,-9.957,Minor,0.0666,188.02,0.458
0k17h0D3J5VfsdmQ1iZtE9,Pink Floyd,Europe,0Uy1VmHJOqQlEkSyYfs5mO,Hey You - Live,1995-05,progressive rock,46.0,False,278893,0.239,0.315,0.405,0.000667,E,0.784,-14.468,Minor,0.0325,111.411,0.215
568ZhdwyaiCyOGJRtNYhWf,Deep Purple,Europe,1VJBQdDrOblSLmoZMeh1xh,Knocking At Your Back Door,1984-09,hard rock,54.0,False,425200,0.000915,0.524,0.818,4.47e-05,B,0.0916,-6.701,Minor,0.0406,121.699,0.525
1dfeR4HaWDbWqFHLkxsg1d,Queen,Europe,4Qhrm7g3QItkvInW5zgvaV,Scandal - Remastered 2011,2022-10,classic rock,3.0,False,282920,0.0383,0.639,0.805,0.00244,E,0.312,-5.961,Minor,0.032,103.451,0.507
1dfeR4HaWDbWqFHLkxsg1d,Queen,Europe,5PQ2KpEc2jkJ1gNCnYVzwN,I Want It All - Remastered 2011,2022-10,classic rock,5.0,False,241253,0.0287,0.402,0.835,2.94e-06,B,0.385,-5.734,Minor,0.05,92.029,0.43
1dfeR4HaWDbWqFHLkxsg1d,Queen,Europe,2zkfyPrPY0OlFJuui5j5FE,Was It All Worth It - Remastered 2011,2022-10,classic rock,2.0,False,347800,0.207,0.16,0.866,4.44e-05,A,0.0894,-5.277,Minor,0.088,179.739,0.13
5NGO30tJxFlKixkPSgXcFE,The Police,Europe,1JSTJqkT5qHq8MDJnJbRE1,Every Breath You Take,1983-06,rock,86.0,False,253920,0.543,0.82,0.452,0.00294,C#,0.0714,-9.796,Major,0.0348,117.401,0.74
1dfeR4HaWDbWqFHLkxsg1d,Queen,Europe,4pbJqGIASGPr0ZpGpnWkDn,We Will Rock You - Remastered 2011,1977-10,classic rock,79.0,False,122066,0.676,0.692,0.497,0.0,D,0.259,-7.316,Major,0.119,81.308,0.475
5NGO30tJxFlKixkPSgXcFE,The Police,Europe,6YhmCXNLuVzvfc44ZB1uhM,Message In A Bottle - Remastered 2003,2022-10,rock,3.0,False,290280,0.0327,0.568,0.808,1.08e-05,C#,0.218,-7.042,Minor,0.0378,151.12,0.849
5NGO30tJxFlKixkPSgXcFE,The Police,Europe,7l0RDBx1upgIHwwMSRunGE,Behind My Camel - Remastered 2003,2022-10,rock,1.0,False,173600,0.0618,0.509,0.326,0.805,C,0.293,-9.59,Minor,0.0254,86.829,0.229
5NGO30tJxFlKixkPSgXcFE,The Police,Europe,4CssSWXr2YEmNUOAMn1lDb,Behind My Camel - Remastered 2003,2022-10,rock,0.0,False,173600,0.0618,0.509,0.326,0.805,C,0.293,-9.59,Minor,0.0254,86.829,0.229
5NGO30tJxFlKixkPSgXcFE,The Police,Europe,5jdwRmRqpnzFpjz3IVNFDl,Behind My Camel - Remastered 2003,2022-10,rock,0.0,False,173600,0.0618,0.509,0.326,0.805,C,0.293,-9.59,Minor,0.0254,86.829,0.229
5NGO30tJxFlKixkPSgXcFE,The Police,Europe,4Pqw6z0vsDvGeuxFmSorBN,Behind My Camel - Remastered 2003,2022-10,rock,0.0,False,173600,0.0618,0.509,0.326,0.805,C,0.293,-9.59,Minor,0.0254,86.829,0.229
5NGO30tJxFlKixkPSgXcFE,The Police,Europe,2DfbcpMNUvXHfCTXKPbYsh,Roxanne - Remastered 2003,2022-10,rock,2.0,False,191506,0.0397,0.615,0.752,1.37e-06,C,0.0479,-8.91,Major,0.391,133.977,0.66
5NGO30tJxFlKixkPSgXcFE,The Police,Europe,34i7NHDEXFHbmbT8Zc9LRO,Can't Stand Losing You - Remastered 2003,2022-10,rock,0.0,False,178426,0.0633,0.736,0.793,0.000815,D,0.0531,-5.305,Minor,0.29,141.96,0.912
1dfeR4HaWDbWqFHLkxsg1d,Queen,Europe,4u7EnebtmKWzUH433cf5Qv,Bohemian Rhapsody - Remastered 2011,1975-11,classic rock,82.0,False,354320,0.271,0.414,0.404,0.0,C,0.3,-9.928,Minor,0.0499,71.105,0.224
7t0rwkOPGlDPEhaOcVtOt9,The Cranberries,Europe,5QuGjFrnKqRnyOVIanRAgP,Zombie,2022-10,rock,0.0,False,307440,0.0145,0.252,0.738,0.000497,G,0.375,-5.326,Major,0.0446,165.187,0.256
7t0rwkOPGlDPEhaOcVtOt9,The Cranberries,Europe,0puCOCSanni13tgXPVq192,Ode To My Family,2022-10,rock,1.0,False,270786,0.0622,0.365,0.517,0.0,G,0.265,-6.635,Major,0.0243,93.862,0.0777
7t0rwkOPGlDPEhaOcVtOt9,The Cranberries,Europe,0B20hWBraHLh8d8GEedTX2,Zombie,2022-10,rock,0.0,False,307440,0.0145,0.252,0.738,0.000497,G,0.375,-5.326,Major,0.0446,165.187,0.256
7t0rwkOPGlDPEhaOcVtOt9,The Cranberries,Europe,0ZbM1R59Myxx7VRyXDQkmi,Zombie,2022-10,rock,2.0,False,307440,0.0145,0.252,0.738,0.000497,G,0.375,-5.326,Major,0.0446,165.187,0.256
7t0rwkOPGlDPEhaOcVtOt9,The Cranberries,Europe,6ZkwokCipkGiqvpnIt2APo,Linger,2022-10,rock,0.0,False,273600,0.0953,0.201,0.762,1.46e-05,G,0.358,-6.376,Major,0.0337,94.832,0.131
7t0rwkOPGlDPEhaOcVtOt9,The Cranberries,Europe,6zHbBMt2yeF5eXqdk3nQtG,Zombie,2022-10,rock,1.0,False,307440,0.0145,0.252,0.738,0.000497,G,0.375,-5.326,Major,0.0446,165.187,0.256
7t0rwkOPGlDPEhaOcVtOt9,The Cranberries,Europe,1to2itVmTyZfiDWah0rAzW,Zombie,2022-10,rock,0.0,False,307440,0.0145,0.252,0.738,0.000497,G,0.375,-5.326,Major,0.0446,165.187,0.256
7t0rwkOPGlDPEhaOcVtOt9,The Cranberries,Europe,3lwgTWlafjM1VGG8AsRl9u,Zombie,2022-10,rock,0.0,False,307440,0.0145,0.252,0.738,0.000497,G,0.375,-5.326,Major,0.0446,165.187,0.256
7t0rwkOPGlDPEhaOcVtOt9,The Cranberries,Europe,0JX7QqX997G7fyqkZZiYfz,Zombie,2022-10,rock,0.0,False,307440,0.0145,0.252,0.738,0.000497,G,0.375,-5.326,Major,0.0446,165.187,0.256
7t0rwkOPGlDPEhaOcVtOt9,The Cranberries,Europe,1qDoWU4x0bS41eNKS9tTvy,Zombie,2022-10,rock,0.0,False,307440,0.0145,0.252,0.738,0.000497,G,0.375,-5.326,Major,0.0446,165.187,0.256
7t0rwkOPGlDPEhaOcVtOt9,The Cranberries,Europe,0GrK2fO1EOBrH7WPseI32X,Zombie,2022-10,rock,1.0,False,307440,0.0145,0.252,0.738,0.000497,G,0.375,-5.326,Major,0.0446,165.187,0.256
7t0rwkOPGlDPEhaOcVtOt9,The Cranberries,Europe,2rabcDOcCXXHOZx2pOZZRu,Zombie,2022-10,rock,1.0,False,307440,0.0145,0.252,0.738,0.000497,G,0.375,-5.326,Major,0.0446,165.187,0.256
7t0rwkOPGlDPEhaOcVtOt9,The Cranberries,Europe,1jPijDsI6ckkSqdQs3Za09,Zombie,2022-10,rock,0.0,False,307440,0.0145,0.252,0.738,0.000497,G,0.375,-5.326,Major,0.0446,165.187,0.256
7t0rwkOPGlDPEhaOcVtOt9,The Cranberries,Europe,7HVcmt5g7XFV3TPxVXo5N2,Zombie,2022-10,rock,0.0,False,307440,0.0145,0.252,0.738,0.000497,G,0.375,-5.326,Major,0.0446,165.187,0.256
7t0rwkOPGlDPEhaOcVtOt9,The Cranberries,Europe,6CkcFu7QpeY6lGTs3OXCww,Zombie,2022-10,rock,0.0,False,307440,0.0145,0.252,0.738,0.000497,G,0.375,-5.326,Major,0.0446,165.187,0.256
7t0rwkOPGlDPEhaOcVtOt9,The Cranberries,Europe,5nNQahs5mbb10bdHqcznWT,Zombie,2022-10,rock,0.0,False,307440,0.0145,0.252,0.738,0.000497,G,0.375,-5.326,Major,0.0446,165.187,0.256
7t0rwkOPGlDPEhaOcVtOt9,The Cranberries,Europe,7xsnFEgiTGz6Zk4oSZ7Olx,Ode To My Family,2022-10,rock,1.0,False,270786,0.0622,0.365,0.517,0.0,G,0.265,-6.635,Major,0.0243,93.862,0.0777
7t0rwkOPGlDPEhaOcVtOt9,The Cranberries,Europe,7EZC6E7UjZe63f1jRmkWxt,Zombie,1994-10,rock,82.0,False,306440,0.0158,0.309,0.649,0.00591,G,0.367,-8.994,Major,0.035,166.915,0.312
1dfeR4HaWDbWqFHLkxsg1d,Queen,Europe,5T8EDUDqKcs6OSOwEsfqG7,Don't Stop Me Now - Remastered 2011,1978-11,classic rock,82.0,False,209413,0.0475,0.559,0.868,0.000176,F,0.776,-5.276,Major,0.17,156.295,0.609
1dfeR4HaWDbWqFHLkxsg1d,Queen,Europe,3z8h0TU7ReDPLIbEnYhWZb,Bohemian Rhapsody,2018-10,classic rock,75.0,False,354947,0.287,0.39,0.397,0.0,C,0.207,-9.963,Minor,0.0513,144.031,0.246
1dfeR4HaWDbWqFHLkxsg1d,Queen,Europe,7iAqvWLgZzXvH38lA06QZg,I Want To Break Free,2018-10,classic rock,72.0,False,223080,0.105,0.807,0.414,2.57e-05,E,0.0813,-8.903,Major,0.0352,108.944,0.502
4Z8W4fKeB5YxbusRsdQVPb,Radiohead,Europe,6b2oQwSGFkzsMtQruIWm2p,Creep,1993-02,art rock,78.0,True,238640,0.0102,0.515,0.43,0.000141,G,0.129,-9.935,Major,0.0369,91.841,0.104
0XNa1vTidXlvJ2gHSsRi4A,Franz Ferdinand,Europe,6ooluO7DiEhI1zmK94nRCM,Take Me Out,2004-01,indie rock,71.0,False,237027,0.000423,0.278,0.676,0.000899,A,0.136,-8.821,Major,0.0371,104.545,0.494
4Z8W4fKeB5YxbusRsdQVPb,Radiohead,Europe,3SVAN3BRByDmHOhKyIDxfC,Karma Police,1997-05,art rock,71.0,False,264067,0.0626,0.36,0.505,9.22e-05,G,0.172,-9.129,Major,0.026,74.807,0.317
4Z8W4fKeB5YxbusRsdQVPb,Radiohead,Europe,5jafMI8FLibnjkYTZ33m0c,High And Dry,1995-03,art rock,70.0,False,257480,0.0718,0.418,0.383,0.0177,E,0.0896,-11.782,Major,0.0257,87.773,0.352
4Z8W4fKeB5YxbusRsdQVPb,Radiohead,Europe,045sp2JToyTaaKyXkGejPy,Fake Plastic Trees,1995-03,art rock,67.0,False,290707,0.167,0.454,0.229,0.102,D,0.202,-12.592,Major,0.0297,73.552,0.134
4Z8W4fKeB5YxbusRsdQVPb,Radiohead,Europe,1bSpwPhAxZwlR2enJJsv7U,No Surprises,1997-05,art rock,67.0,False,229120,0.0577,0.255,0.393,0.00361,F,0.113,-10.654,Major,0.0278,76.426,0.118
4Z8W4fKeB5YxbusRsdQVPb,Radiohead,Europe,2nTsKOXIVGDf2iPeVQO2Gm,Paranoid Android,1997-05,art rock,64.0,False,387213,0.0377,0.252,0.849,0.00592,F,0.0545,-6.501,Major,0.0581,163.704,0.194
4Z8W4fKeB5YxbusRsdQVPb,Radiohead,Europe,4Iyo50UoYhuuYORMLrGDci,Weird Fishes/ Arpeggi,2007-12,art rock,63.0,False,318187,0.774,0.538,0.61,0.749,B,0.0909,-8.027,Minor,0.0392,152.999,0.199
4Z8W4fKeB5YxbusRsdQVPb,Radiohead,Europe,5AiNZnMDCWwujIENPj9PV9,Everything In Its Right Place,2000-10,art rock,60.0,False,251427,0.699,0.293,0.462,0.0444,F,0.0954,-11.412,Minor,0.0453,124.004,0.0623
4Z8W4fKeB5YxbusRsdQVPb,Radiohead,Europe,4Na0siMtWOW9pJoWJ1Ponv,Exit Music (For a Film),1997-05,art rock,61.0,False,267187,0.229,0.293,0.276,0.119,G,0.167,-11.353,Major,0.0351,121.603,0.196
4Z8W4fKeB5YxbusRsdQVPb,Radiohead,Europe,6dsq7Nt5mIFzvm5kIYNORy,15 Step,2007-12,art rock,58.0,False,237293,0.0489,0.6,0.853,0.346,C#,0.0934,-7.584,Major,0.0423,94.457,0.847
4Z8W4fKeB5YxbusRsdQVPb,Radiohead,Europe,56Z7hbyMrndw1naxb6I5Oi,Reckoner,2007-12,art rock,59.0,False,290213,0.511,0.518,0.656,0.156,E,0.0679,-7.438,Minor,0.0264,104.282,0.203
4Z8W4fKeB5YxbusRsdQVPb,Radiohead,Europe,15ea10YpJIl3mJq75yzqsD,Jigsaw Falling Into Place,2007-12,art rock,59.0,False,248893,0.105,0.461,0.833,0.00419,B,0.0741,-6.082,Minor,0.0481,165.635,0.808
4Z8W4fKeB5YxbusRsdQVPb,Radiohead,Europe,5k7VKj1Xwy5DjO4B0PdAOb,Nude,2007-12,art rock,58.0,False,255387,0.833,0.537,0.342,0.6,E,0.0856,-9.785,Major,0.0338,128.331,0.156
4Z8W4fKeB5YxbusRsdQVPb,Radiohead,Europe,3Jc6X15OZCCyhGSHBF4hwB,House Of Cards,2007-12,art rock,57.0,False,328293,0.278,0.71,0.496,0.581,F,0.101,-9.638,Major,0.0297,111.662,0.637
4Z8W4fKeB5YxbusRsdQVPb,Radiohead,Europe,3A9vIxzGBjEfqmDK7H9exS,Pyramid Song,2001-03,art rock,57.0,False,288733,0.786,0.127,0.335,0.427,B,0.111,-8.298,Minor,0.0329,77.078,0.0686
4Z8W4fKeB5YxbusRsdQVPb,Radiohead,Europe,51ygW389BW4Dut3B69pSwc,All I Need,2007-12,art rock,57.0,False,228747,0.517,0.668,0.477,0.446,E,0.139,-8.709,Minor,0.0358,88.005,0.0966
4Z8W4fKeB5YxbusRsdQVPb,Radiohead,Europe,4m0Vgr48VFaMYw0Sp1ozJu,Bodysnatchers,2007-12,art rock,55.0,False,242293,0.00455,0.343,0.977,0.0197,D,0.0948,-4.993,Major,0.0579,166.664,0.727
4Z8W4fKeB5YxbusRsdQVPb,Radiohead,Europe,3OsUjkcv1C1v5udFhgRSFg,Airbag,1997-05,art rock,56.0,False,287880,0.00792,0.306,0.872,0.8,D,0.261,-7.313,Major,0.05,167.946,0.648
4Z8W4fKeB5YxbusRsdQVPb,Radiohead,Europe,7xqeIdLJSf3bgmZ7vUvHrE,Idioteque,2000-10,art rock,55.0,False,309093,0.0352,0.615,0.931,2.37e-05,D#,0.0914,-7.8,Major,0.24,137.544,0.53
4Z8W4fKeB5YxbusRsdQVPb,Radiohead,Europe,4aOAzvRdOsZSwZIgwcdeL0,Let Down,1997-05,art rock,56.0,False,299560,0.000124,0.352,0.674,0.12,A,0.18,-9.018,Major,0.031,102.489,0.145
4Z8W4fKeB5YxbusRsdQVPb,Radiohead,Europe,3pcCifdPTc2BbqmWpEhtUd,Burn the Witch,2016-05,art rock,56.0,False,220609,0.303,0.541,0.847,0.271,B,0.109,-6.52,Major,0.0297,148.937,0.62
4Z8W4fKeB5YxbusRsdQVPb,Radiohead,Europe,4SE81CrzH0qPA8KHqM9Syz,Just,1995-03,art rock,57.0,False,234800,0.000401,0.291,0.767,0.0119,G,0.0763,-6.913,Minor,0.0862,175.699,0.358
4Z8W4fKeB5YxbusRsdQVPb,Radiohead,Europe,69pwmeyvQMuHMtkCmpEWhQ,How To Disappear Completely,2000-10,art rock,55.0,False,356333,0.315,0.168,0.302,0.79,F#,0.11,-11.645,Minor,0.0344,102.041,0.205
4Z8W4fKeB5YxbusRsdQVPb,Radiohead,Europe,5rIhBK9aaVMck0W2YtOwci,Decks Dark,2016-05,art rock,55.0,False,281011,0.668,0.56,0.5,0.833,D,0.117,-10.829,Minor,0.0272,139.174,0.249
0XNa1vTidXlvJ2gHSsRi4A,Franz Ferdinand,Europe,37CBHPCzV1rizPrxRUyR72,No You Girls,2009-01,indie rock,55.0,False,220453,0.00915,0.679,0.909,3.27e-05,D,0.139,-4.129,Minor,0.0297,104.781,0.899
4Z8W4fKeB5YxbusRsdQVPb,Radiohead,Europe,01ZpFhrMMqKPVCwyqXneVp,True Love Waits,2016-05,art rock,55.0,False,283464,0.938,0.282,0.132,0.104,C,0.1,-15.569,Major,0.0375,136.186,0.0379
4Z8W4fKeB5YxbusRsdQVPb,Radiohead,Europe,3uxhyRdWVXp7GQvERQl6fA,Videotape,2007-12,art rock,54.0,False,279634,0.697,0.581,0.384,0.813,A,0.0889,-11.195,Major,0.0336,77.412,0.0466
4Z8W4fKeB5YxbusRsdQVPb,Radiohead,Europe,01UstUPbzPgq2MNp6h0tVo,The National Anthem,2000-10,art rock,53.0,False,351693,0.00237,0.486,0.754,0.858,D,0.224,-8.552,Major,0.0378,91.52,0.387
4Z8W4fKeB5YxbusRsdQVPb,Radiohead,Europe,19yGmm9FjEZdZc5j98WDe4,Subterranean Homesick Alien,1997-05,art rock,53.0,False,267693,0.0498,0.316,0.592,0.00139,C,0.103,-8.916,Major,0.0296,150.537,0.32
4Z8W4fKeB5YxbusRsdQVPb,Radiohead,Europe,1amSa5xo79zINsgrpNlNge,Lotus Flower,2011-02,art rock,55.0,False,300219,0.0895,0.721,0.676,0.336,D,0.0826,-8.78,Minor,0.0321,127.997,0.621
4Z8W4fKeB5YxbusRsdQVPb,Radiohead,Europe,5gz38AxRkD6Ywxd4fr2pLj,Street Spirit (Fade Out),1995-03,art rock,57.0,False,253853,0.314,0.488,0.453,0.691,E,0.179,-11.562,Minor,0.0304,138.077,0.129
4Z8W4fKeB5YxbusRsdQVPb,Radiohead,Europe,37kUGdEJJ7NaMl5LFW4EA4,2 + 2 = 5,2003-01,art rock,54.0,False,199360,0.182,0.443,0.717,5.1e-05,F,0.345,-5.498,Minor,0.0504,149.582,0.386
4Z8W4fKeB5YxbusRsdQVPb,Radiohead,Europe,4eruRiSfDY1jdT03hjyi0i,Present Tense,2016-05,art rock,54.0,False,306581,0.912,0.479,0.407,0.401,C#,0.11,-12.428,Minor,0.0346,91.91,0.338
4Z8W4fKeB5YxbusRsdQVPb,Radiohead,Europe,05evePUsIT1cmIURp1hgu6,Planet Telex,1995-03,art rock,53.0,False,259200,0.0206,0.429,0.88,0.698,A,0.607,-8.013,Minor,0.109,148.965,0.255
4Z8W4fKeB5YxbusRsdQVPb,Radiohead,Europe,6n7GUf2h8D2Ad2wUy5s7nE,Lucky,1997-05,art rock,53.0,False,258813,0.053,0.206,0.4,0.638,B,0.111,-9.813,Minor,0.0324,133.442,0.196
4Z8W4fKeB5YxbusRsdQVPb,Radiohead,Europe,7vuVUQV0dDnjXUyLPzJLPi,Ill Wind,2019-01,art rock,52.0,False,254113,0.866,0.514,0.493,0.537,F,0.0982,-11.104,Minor,0.0275,146.954,0.215
4Z8W4fKeB5YxbusRsdQVPb,Radiohead,Europe,77SPrxY5gn6VPrKPGrfLnM,"There, There",2003-01,art rock,52.0,False,323600,0.0193,0.614,0.677,0.518,A,0.108,-8.317,Minor,0.0323,126.477,0.717
4Z8W4fKeB5YxbusRsdQVPb,Radiohead,Europe,5SdmtFbNOD7Qej6jFCHkOM,Faust Arp,2007-12,art rock,51.0,False,129680,0.834,0.338,0.289,0.344,C,0.0966,-13.479,Major,0.0366,121.857,0.226
4Z8W4fKeB5YxbusRsdQVPb,Radiohead,Europe,2sy0icOIskeP2lCqgZiTyE,Talk Show Host,1996-01,art rock,53.0,True,281000,0.277,0.535,0.479,0.0285,F,0.139,-14.112,Minor,0.0311,88.841,0.504
4Z8W4fKeB5YxbusRsdQVPb,Radiohead,Europe,4x7XJOE2ml2P3o3i77466j,Kid A,2000-10,art rock,50.0,False,284507,0.261,0.63,0.429,0.85,F,0.309,-15.54,Major,0.0356,112.93,0.168
4Z8W4fKeB5YxbusRsdQVPb,Radiohead,Europe,4DE6Wkt9fW7R5e9gJGWQim,Optimistic,2000-10,art rock,49.0,False,315973,0.0496,0.403,0.757,0.848,G,0.305,-9.931,Minor,0.0371,157.957,0.573
4Z8W4fKeB5YxbusRsdQVPb,Radiohead,Europe,3aDUSpF3LexOr1lFKvPV2h,The Bends,1995-03,art rock,51.0,False,246200,0.0117,0.288,0.757,0.14,C,0.363,-8.065,Major,0.0652,89.694,0.311
4Z8W4fKeB5YxbusRsdQVPb,Radiohead,Europe,2xbrMtkxp399aSiCJ8EAON,Knives Out,2001-03,art rock,52.0,False,254867,0.0911,0.433,0.675,0.293,D,0.159,-6.702,Minor,0.0337,137.268,0.184
0XNa1vTidXlvJ2gHSsRi4A,Franz Ferdinand,Europe,0vek0LcCbvcMtj0GkXMMJy,Do You Want To,2005-10,indie rock,55.0,False,215000,0.0783,0.413,0.942,0.000412,C,0.689,-2.871,Major,0.0453,123.085,0.759
4Z8W4fKeB5YxbusRsdQVPb,Radiohead,Europe,4dPKQxaraW6CG1rTBzV6DW,My Iron Lung,1995-03,art rock,52.0,False,276427,0.056,0.242,0.859,0.116,C,0.38,-8.4,Major,0.0663,96.929,0.671
4Z8W4fKeB5YxbusRsdQVPb,Radiohead,Europe,6UFvGJalSngqprmUJd59Eo,You And Whose Army?,2001-03,art rock,52.0,False,191000,0.794,0.295,0.15,0.208,C#,0.103,-10.243,Minor,0.0325,137.393,0.131
4Z8W4fKeB5YxbusRsdQVPb,Radiohead,Europe,0q3X2Ichc3Q2QJRciJcIGT,My Iron Lung (2 Meter Session),2019-06,art rock,50.0,False,276100,0.00814,0.293,0.82,0.248,C,0.135,-9.578,Major,0.0387,96.676,0.787
4Z8W4fKeB5YxbusRsdQVPb,Radiohead,Europe,6PBHfI3G8MlQ8qdItoVoxL,Electioneering,1997-05,art rock,49.0,False,230627,0.00267,0.185,0.889,0.0981,A,0.291,-5.491,Minor,0.0743,77.555,0.331
4Z8W4fKeB5YxbusRsdQVPb,Radiohead,Europe,3LhtqibvTtjOUrzKs7Vsz1,Identikit,2016-05,art rock,50.0,False,266644,0.0635,0.692,0.458,0.516,B,0.136,-9.461,Minor,0.0403,150.695,0.35
4Z8W4fKeB5YxbusRsdQVPb,Radiohead,Europe,0R332cdlS9LyE0Ge2PSlVC,Climbing Up the Walls,1997-05,art rock,50.0,False,285200,0.0971,0.172,0.655,0.128,B,0.195,-7.476,Minor,0.042,78.653,0.221
4Z8W4fKeB5YxbusRsdQVPb,Radiohead,Europe,4CzTgOmc3Sdm4EgKQWzjQl,Ful Stop,2016-05,art rock,50.0,False,367349,0.353,0.426,0.661,0.94,C,0.619,-9.877,Major,0.0503,151.191,0.178
4Z8W4fKeB5YxbusRsdQVPb,Radiohead,Europe,4QbQ55kHcRNho6XLaPctT1,(Nice Dream),1995-03,art rock,51.0,False,233227,0.161,0.262,0.567,0.263,A,0.225,-11.075,Major,0.0344,172.857,0.377
4Z8W4fKeB5YxbusRsdQVPb,Radiohead,Europe,1kBGeOp1CDUHVdbK4ergqo,Desert Island Disk,2016-05,art rock,49.0,False,224698,0.868,0.561,0.282,0.529,C,0.11,-13.241,Major,0.0286,112.011,0.158
4Z8W4fKeB5YxbusRsdQVPb,Radiohead,Europe,6JzzI3YxHCcjZ7MCQS2YS1,Black Star,1995-03,art rock,49.0,False,247040,0.00312,0.288,0.555,0.0513,G,0.27,-7.431,Major,0.0401,158.699,0.307
4Z8W4fKeB5YxbusRsdQVPb,Radiohead,Europe,75YUnz58ajMo2VIIuUFvOV,The Tourist,1997-05,art rock,49.0,False,326533,0.224,0.241,0.295,0.0328,E,0.11,-8.571,Major,0.0319,114.759,0.0398
0XNa1vTidXlvJ2gHSsRi4A,Franz Ferdinand,Europe,06Qha323s06okpZ4LmMX7P,Love Illumination,2013-08,indie rock,56.0,False,222282,0.0978,0.53,0.864,3.12e-06,E,0.153,-3.323,Minor,0.0557,153.314,0.85
4Z8W4fKeB5YxbusRsdQVPb,Radiohead,Europe,0JhpYE9xA3UpSFrmXTZyIF,I Might Be Wrong,2001-03,art rock,49.0,False,293773,0.263,0.601,0.735,0.795,G,0.11,-8.321,Minor,0.0255,102.891,0.505
4Z8W4fKeB5YxbusRsdQVPb,Radiohead,Europe,66cuLvkHsW7dNkfNk6gQP9,A Wolf At the Door,2003-01,art rock,49.0,False,201333,0.265,0.48,0.675,4.23e-06,G,0.235,-7.134,Major,0.029,138.784,0.37
4Z8W4fKeB5YxbusRsdQVPb,Radiohead,Europe,552BIJ9kKwwqiGf4YojYbL,Man of War,2017-06,art rock,51.0,False,269093,0.0131,0.274,0.472,0.069,A,0.0802,-7.614,Minor,0.0263,148.996,0.14
4Z8W4fKeB5YxbusRsdQVPb,Radiohead,Europe,7wB2VenWR6rchtLwawreIg,Bullet Proof ... I Wish I Was,1995-03,art rock,49.0,False,208733,0.78,0.448,0.359,0.671,G,0.0753,-13.559,Major,0.0288,80.912,0.0773
4Z8W4fKeB5YxbusRsdQVPb,Radiohead,Europe,6FhqMiFC6PPYXihpGTFNMC,Spectre,2016-05,art rock,47.0,False,199334,0.557,0.154,0.447,0.912,E,0.108,-8.797,Minor,0.0292,149.423,0.12
4Z8W4fKeB5YxbusRsdQVPb,Radiohead,Europe,6TdGeb9e2KL6RZG0VxoTMd,Go To Sleep,2003-01,art rock,48.0,False,201507,0.103,0.288,0.86,0.000399,D,0.102,-6.311,Minor,0.0393,161.194,0.66
4Z8W4fKeB5YxbusRsdQVPb,Radiohead,Europe,6f6pEjgfTtuRROmJ4a7Gf3,The Numbers,2016-05,art rock,49.0,False,345887,0.652,0.282,0.372,0.416,F,0.0754,-9.771,Major,0.0316,105.215,0.0552
4Z8W4fKeB5YxbusRsdQVPb,Radiohead,Europe,6tLALP9mi7VbNC7s16iBRK,Bloom,2011-02,art rock,48.0,False,313671,0.62,0.518,0.959,0.884,C,0.0831,-7.596,Minor,0.157,149.722,0.341
4Z8W4fKeB5YxbusRsdQVPb,Radiohead,Europe,1NgvIjkEjkhcIR1pp5Qsir,In Limbo,2000-10,art rock,46.0,False,211000,0.674,0.375,0.634,0.828,C,0.135,-10.543,Major,0.0317,89.752,0.502
4Z8W4fKeB5YxbusRsdQVPb,Radiohead,Europe,1HQYo8C5L0qd1p5f1anXPS,Morning Bell,2000-10,art rock,46.0,False,275800,0.719,0.645,0.462,0.291,D,0.34,-12.124,Major,0.0319,142.137,0.391
5NGO30tJxFlKixkPSgXcFE,The Police,Europe,2sXp9Qmvc7mRaDBjBgcGGi,Every Breath You Take - Remastered 2003,1983-06,dance,75.0,False,253887,0.56,0.813,0.46,0.0105,C#,0.0724,-9.78,Major,0.0346,117.387,0.729
5NGO30tJxFlKixkPSgXcFE,The Police,Europe,0SYRVn2YF7HBscQEmlkpTI,Roxanne - Remastered 2003,1978-11,dance,68.0,False,191947,0.026,0.608,0.746,2.39e-06,C,0.043,-8.851,Major,0.354,134.03,0.745
5NGO30tJxFlKixkPSgXcFE,The Police,Europe,5pDmunv6G71w7NSjOPXbYw,Every Little Thing She Does Is Magic - Remastered 2003,1981-10,dance,65.0,False,260573,0.127,0.535,0.745,0.0792,D,0.179,-10.123,Major,0.0335,163.913,0.376
5NGO30tJxFlKixkPSgXcFE,The Police,Europe,5xD021bM8VbqrhCVhxRozx,Message In A Bottle - Remastered 2003,1979-10,dance,66.0,False,290280,0.0338,0.582,0.81,1.68e-05,C#,0.202,-7.024,Minor,0.0396,151.006,0.875
5NGO30tJxFlKixkPSgXcFE,The Police,Europe,4DIRsQfLk2mfcrIOQNgAlm,Don't Stand So Close To Me - Remastered 2003,1980-10,dance,56.0,False,242667,0.0451,0.806,0.499,0.000729,D,0.038,-9.524,Major,0.0642,140.337,0.505
5NGO30tJxFlKixkPSgXcFE,The Police,Europe,0SNGe4xksgp7CGnY5kMXOJ,Every Breath You Take,2017-10,dance,69.0,False,251573,0.559,0.822,0.478,0.0073,C#,0.0813,-8.746,Major,0.0343,117.394,0.722
5NGO30tJxFlKixkPSgXcFE,The Police,Europe,0rN5OBAJpd9bw7uvvJsRek,So Lonely - Remastered 2003,1978-11,dance,55.0,False,289587,0.0163,0.518,0.582,1.54e-06,G,0.0836,-8.407,Major,0.152,77.737,0.697
5NGO30tJxFlKixkPSgXcFE,The Police,Europe,1n7NZSDJsMum8SN08oG8Ya,"De Do Do Do, De Da Da Da - Remastered 2003",1980-10,dance,51.0,False,247293,0.0777,0.788,0.54,0.0419,A,0.287,-8.897,Major,0.0512,147.836,0.835
5NGO30tJxFlKixkPSgXcFE,The Police,Europe,6ScRklja1Dsx1MJFHIDkYG,Walking On The Moon - Remastered 2003,1979-10,dance,54.0,False,300827,0.002,0.638,0.356,0.0218,C,0.172,-12.831,Major,0.055,145.996,0.271
5NGO30tJxFlKixkPSgXcFE,The Police,Europe,4AMlNIOfExpjVbuHufpqgb,Spirits In The Material World - Remastered 2003,1981-10,dance,47.0,False,179067,0.294,0.839,0.659,0.0194,A,0.0353,-8.577,Minor,0.064,141.934,0.864
5NGO30tJxFlKixkPSgXcFE,The Police,Europe,6dCaDrOopBA82tBGFzp9nd,King Of Pain - Remastered 2003,1983-06,dance,52.0,False,299040,0.411,0.536,0.714,0.000187,D,0.0703,-8.865,Major,0.0334,124.052,0.693
5NGO30tJxFlKixkPSgXcFE,The Police,Europe,6eXovJdAhh26KFdpicZScW,Roxanne,1993-01,dance,50.0,False,194760,0.0643,0.593,0.635,0.0,F,0.0261,-11.474,Major,0.431,133.137,0.786
5NGO30tJxFlKixkPSgXcFE,The Police,Europe,57ljIAuzZgBSzHr3hLYzLZ,Wrapped Around Your Finger - Remastered 2003,1983-06,dance,50.0,False,313707,0.0897,0.742,0.444,0.000329,A,0.0577,-11.47,Minor,0.0351,127.663,0.588
5NGO30tJxFlKixkPSgXcFE,The Police,Europe,0BJENXoCQeneWFwRIuc91a,Canary In A Coalmine - Remastered 2003,1980-10,dance,41.0,False,146667,0.0547,0.817,0.753,0.0501,B,0.112,-8.986,Minor,0.0331,143.892,0.963
5NGO30tJxFlKixkPSgXcFE,The Police,Europe,017MqJmYtXUqURJJZZOYv3,Can't Stand Losing You,1993-01,dance,46.0,False,181307,0.0445,0.737,0.658,1.19e-05,D,0.0469,-9.176,Minor,0.263,141.553,0.901
5NGO30tJxFlKixkPSgXcFE,The Police,Europe,5N1719oH5ftLWiKOgWOCcE,Synchronicity II - Remastered 2003,1983-06,dance,47.0,False,300467,0.0922,0.416,0.837,0.0113,D,0.488,-8.661,Major,0.0426,158.966,0.548
4Z8W4fKeB5YxbusRsdQVPb,Radiohead,Europe,4HtPAkZnSyGtNvBnfDc2nw,Sulk,1995-03,art rock,49.0,False,222960,0.00397,0.167,0.636,0.228,A,0.106,-7.4,Major,0.0382,97.293,0.671
4Z8W4fKeB5YxbusRsdQVPb,Radiohead,Europe,1QgI14YcWg3tOobXjzlNMl,Paranoid Android - Remastered,2017-06,art rock,52.0,False,383973,0.0275,0.332,0.826,0.0084,D,0.234,-7.269,Minor,0.0497,125.636,0.216
4Z8W4fKeB5YxbusRsdQVPb,Radiohead,Europe,5olWalQH1oVza5D6xJg4oX,Sail To The Moon,2003-01,art rock,47.0,False,258360,0.797,0.372,0.295,0.552,A,0.0977,-10.949,Minor,0.0315,111.871,0.054
0blbVefuxOGltDBa00dspv,LiSA,Japan,3mScGCzxiXA9OaHdBeuk7O,Crossing Field,2013-10,anime,58.0,False,248947,0.0157,0.447,0.983,0.0,F,0.276,-2.281,Major,0.268,179.072,0.317
3PWp9R5HvbQgxI5KBx5kVd,KANA-BOON,Japan,21z1GxeHjfD3qkaF5CgCTO,Silhouette,2015-01,anime,65.0,False,240133,1.05e-05,0.436,0.934,0.136,D,0.321,-2.685,Major,0.0507,91.488,0.383
0MK8l3nURwwQIjafvXoJJt,ASIAN KUNG-FU GENERATION,Japan,052C0m9kD30nZqcPWPPRqm,Haruka Kanata,2012-01,j-rock,59.0,False,243347,2.46e-05,0.316,0.951,0.189,C#,0.17,-3.757,Minor,0.112,174.895,0.255
0blbVefuxOGltDBa00dspv,LiSA,Japan,7xsTPnzpEcqCQguRxnBxOR,ADAMAS,2018-12,anime,58.0,False,225000,0.00906,0.508,0.991,1.28e-05,C#,0.316,-1.768,Minor,0.123,95.524,0.295
3w2HqkKa6upwuXEULtGvnY,FLOW,Japan,1hi0P1Y2he1p09xnUccuAN,Sign,2010-07,anime,58.0,False,236427,0.0019,0.368,0.906,0.0,B,0.344,-2.892,Minor,0.101,177.956,0.692
0blbVefuxOGltDBa00dspv,LiSA,Japan,1htJGL473Dub5QGKecXi9R,Datte Atashino Hero,2018-05,anime,54.0,False,234267,0.0275,0.531,0.985,0.0,G#,0.197,-1.528,Major,0.13,94.467,0.321
3w2HqkKa6upwuXEULtGvnY,FLOW,Japan,0ggHt5jwwtMsWME2PDB6a0,Colors,2003-01,anime,53.0,False,218493,0.0353,0.458,0.877,0.0,C#,0.106,-4.229,Major,0.0503,136.034,0.386
0blbVefuxOGltDBa00dspv,LiSA,Japan,23DbzwNJSLo7nkSWjODMvY,Gurenge,2019-07,anime,53.0,False,238587,0.00339,0.545,0.979,0.000118,E,0.0775,-2.8,Minor,0.153,135.002,0.309
0blbVefuxOGltDBa00dspv,LiSA,Japan,4ATrjNUnSvzskzN3HF8cPR,Rising Hope,2015-03,anime,50.0,False,253213,0.0659,0.515,0.976,0.0,G#,0.0707,-2.741,Major,0.386,189.92,0.639
0MK8l3nURwwQIjafvXoJJt,ASIAN KUNG-FU GENERATION,Japan,3xQBvKxm8mdy9OBLiJDcwB,Blood Circulator,2018-03,j-rock,52.0,False,222827,0.0494,0.384,0.975,0.0,C,0.331,-2.854,Major,0.123,180.97,0.298
3w2HqkKa6upwuXEULtGvnY,FLOW,Japan,0GSs0GV34KX7KCpLw9tWjk,Go!!!,2003-01,anime,53.0,False,239333,0.0264,0.599,0.953,0.0,B,0.212,-4.828,Major,0.0605,133.984,0.921
0bAsR2unSRpn6BQPEnNlZm,Aimer,Japan,0f34MnV51uwA1jhPQ2XnDe,Brave Shine,2015-07,anime,54.0,False,233493,0.00307,0.365,0.893,6.55e-06,F,0.141,-5.912,Minor,0.0909,171.08,0.46
3w2HqkKa6upwuXEULtGvnY,FLOW,Japan,1Iexk6Gy5GJLxeXD5fqf85,Howling,2018-01,anime,54.0,False,261547,0.000106,0.507,0.949,0.0,C,0.087,-1.701,Major,0.0561,99.973,0.49
0blbVefuxOGltDBa00dspv,LiSA,Japan,13sxKGMd5RDQYavHyZ8Flw,Catch the Moment,2017-01,anime,52.0,False,282627,0.0575,0.403,0.978,1.67e-06,G,0.331,-1.875,Major,0.146,190.062,0.443
0MK8l3nURwwQIjafvXoJJt,ASIAN KUNG-FU GENERATION,Japan,7gehOKSGfZgjIJSxiyE8oD,Re: Re:,2016-03,j-rock,50.0,False,332240,0.000254,0.464,0.869,0.000403,F#,0.248,-5.05,Minor,0.0502,155.009,0.506
0bAsR2unSRpn6BQPEnNlZm,Aimer,Japan,6g93YtKKHU2H1qIqhLIL0Y,Kataomoi,2016-01,anime,55.0,False,207360,0.78,0.619,0.534,0.0,C#,0.331,-5.974,Major,0.0344,96.986,0.792
0MK8l3nURwwQIjafvXoJJt,ASIAN KUNG-FU GENERATION,Japan,1VKr8751CzE7DB4AuEmS3V,After Dark,2008-03,j-rock,49.0,False,192027,0.0023,0.392,0.948,0.0,C#,0.0653,-3.707,Major,0.0456,190.937,0.593
0MK8l3nURwwQIjafvXoJJt,ASIAN KUNG-FU GENERATION,Japan,4eSSRTR5guMgoLaB4YmFwi,Re:Re: - 2016 Rerecorded,2016-12,j-rock,47.0,False,326960,2.3e-05,0.449,0.904,0.212,F#,0.14,-5.264,Minor,0.0395,155.047,0.738
0MK8l3nURwwQIjafvXoJJt,ASIAN KUNG-FU GENERATION,Japan,3rb5K4Cw0GsLsgjcSYAP9K,Rewrite,2004-10,j-rock,47.0,False,225493,0.000172,0.499,0.935,0.17,E,0.0487,-4.293,Major,0.0434,89.495,0.557
0blbVefuxOGltDBa00dspv,LiSA,Japan,7gRLdM0fUa3v69BeWYAMzO,Shirushi,2015-03,anime,45.0,False,288240,0.492,0.557,0.758,0.0,G#,0.0929,-4.129,Major,0.0537,145.963,0.47
3PWp9R5HvbQgxI5KBx5kVd,KANA-BOON,Japan,4PSYobGLKAD4c1Jah8571x,見たくないもの,2013-04,anime,48.0,False,221053,0.00172,0.368,0.949,0.000151,C#,0.29,-3.28,Minor,0.122,194.904,0.423
1YLxQZIGsaZq9rvFu8zeRz,Sayuri,Japan,1s0QbmRVJ6AK4ICc44tJtB,Dawn,2018-12,anime,48.0,False,315907,0.00116,0.214,0.983,0.00017,A#,0.24,-1.395,Minor,0.179,185.116,0.241
0MK8l3nURwwQIjafvXoJJt,ASIAN KUNG-FU GENERATION,Japan,08oH4bSxeZ5KxZOGjJkwRK,Dororo,2019-05,j-rock,49.0,False,161453,0.000364,0.583,0.746,0.000977,B,0.0739,-5.557,Minor,0.0336,92.542,0.513
3w2HqkKa6upwuXEULtGvnY,FLOW,Japan,5Lft98Xsgeb568V3bjRLCj,7 -Seven-,2015-04,anime,47.0,False,260760,0.000108,0.409,0.928,2.02e-06,D,0.331,-3.221,Major,0.0619,170.029,0.775
4rqJz9fE9prZvQd8WsQv6q,THE ORAL CIGARETTES,Japan,3EEaEEltAaQAp0EhIwJEaK,Kizukeyo Baby,2016-01,j-rock,47.0,False,253747,0.001,0.57,0.954,1.01e-05,C#,0.325,-2.122,Minor,0.0571,141.962,0.936
0MK8l3nURwwQIjafvXoJJt,ASIAN KUNG-FU GENERATION,Japan,28MKy2umF5roXSqmUQ9eB7,Re:Re:,2004-10,j-rock,45.0,False,228760,0.00032,0.541,0.853,0.144,E,0.107,-5.081,Major,0.0357,152.913,0.787
24b231EnCM3BkpiuWs5VBE,SID,Japan,5jk82X7QYlmur5m6BtK16v,Uso,2004-01,anime,48.0,False,204853,0.0175,0.431,0.947,0.0,B,0.265,-3.417,Minor,0.0629,179.833,0.837
0bAsR2unSRpn6BQPEnNlZm,Aimer,Japan,7ACBxaYBStLkzU8grvbzz5,Ref:rain,2018-02,anime,50.0,False,290147,0.0186,0.454,0.695,0.0,G,0.0952,-4.143,Major,0.0314,78.001,0.271
3w2HqkKa6upwuXEULtGvnY,FLOW,Japan,7qep024rnanEnyVAw1crmX,Hero -Kibou No Uta-,2004-01,anime,44.0,False,218667,0.00376,0.469,0.978,0.0,C,0.285,-2.455,Major,0.0834,175.143,0.683
0blbVefuxOGltDBa00dspv,LiSA,Japan,4MR5DY9yrnxX9MWIUY5VvO,Oath Sign,2018-05,anime,45.0,False,249187,0.0271,0.505,0.932,0.0,F#,0.365,-1.429,Minor,0.0565,152.064,0.482
1YLxQZIGsaZq9rvFu8zeRz,Sayuri,Japan,4g7aKp5x4AXEd9KGg8C0T7,Moon & Bouquet,2018-02,anime,45.0,False,278280,0.0376,0.264,0.954,0.0111,E,0.313,-0.644,Major,0.108,175.6,0.272
0MK8l3nURwwQIjafvXoJJt,ASIAN KUNG-FU GENERATION,Japan,00sHjhTQCLaGUw0OJvmpVB,Rewrite - 2016 Rerecorded,2016-12,j-rock,45.0,False,279853,0.000171,0.518,0.932,0.0105,E,0.22,-4.628,Major,0.0346,89.488,0.583
3w2HqkKa6upwuXEULtGvnY,FLOW,Japan,1Ucmx7qaayeZL8Qfsq9vzD,Re:member,2003-01,anime,45.0,False,199560,0.00352,0.406,0.902,0.0,G#,0.0924,-5.99,Minor,0.0635,171.945,0.693
3w2HqkKa6upwuXEULtGvnY,FLOW,Japan,4e6kJJb0fyjao3vlkWGURi,Colors - Code Geass Opening Mix,2006-11,anime,44.0,False,93787,0.0482,0.524,0.815,0.0,C#,0.122,-5.413,Major,0.0369,136.05,0.638
0bAsR2unSRpn6BQPEnNlZm,Aimer,Japan,6kQ9Os7x5LJ2jLHb8VWKaa,Ninelie (with chelly),2016-01,anime,48.0,False,261773,0.0253,0.462,0.85,1.94e-05,F#,0.0756,-5.558,Minor,0.0453,172.062,0.204
0blbVefuxOGltDBa00dspv,LiSA,Japan,2yI8VszRGpE5ASKDKZlbWh,"Thrill, Risk, Heartless",2018-01,anime,41.0,False,254383,0.000793,0.251,0.996,7.06e-06,G,0.345,-2.056,Minor,0.159,200.041,0.0846
3PWp9R5HvbQgxI5KBx5kVd,KANA-BOON,Japan,0wDXtaAKfzdDYUqL3iQ2Jw,Diver,2016-02,anime,47.0,False,272280,0.000107,0.459,0.855,0.00116,D,0.378,-3.408,Major,0.0428,139.921,0.547
4rqJz9fE9prZvQd8WsQv6q,THE ORAL CIGARETTES,Japan,7Aheu473SQ437ZkhFmOg7i,A-E-U-I,2016-01,j-rock,44.0,False,237547,0.00113,0.435,0.939,3.59e-06,F,0.166,-2.254,Minor,0.0558,170.035,0.537
0bAsR2unSRpn6BQPEnNlZm,Aimer,Japan,1cMuLvFjzZkNUFeZM9Pe79,Last Stardust,2017-01,anime,45.0,False,318480,0.00304,0.452,0.86,5.79e-05,D,0.131,-4.191,Minor,0.0454,121.98,0.201
24b231EnCM3BkpiuWs5VBE,SID,Japan,5S8j78C6AeKlTGUFmkFxHy,Ranbu No Melody,2018-04,anime,45.0,False,233347,0.000618,0.344,0.972,0.0,C#,0.15,-2.403,Minor,0.159,192.099,0.437
3PWp9R5HvbQgxI5KBx5kVd,KANA-BOON,Japan,0IPBnmyK7xZRkgEd7NIihx,さくらのうた,2013-04,anime,44.0,False,278160,0.00026,0.305,0.889,2.06e-06,E,0.149,-3.029,Major,0.0611,190.036,0.318
0MK8l3nURwwQIjafvXoJJt,ASIAN KUNG-FU GENERATION,Japan,18tdT5x5BBvdyUX16xnL55,"Well Then, See You Again Tomorrow",2018-03,j-rock,41.0,False,243920,0.00898,0.384,0.775,1.43e-05,C,0.0694,-4.09,Minor,0.042,175.148,0.69
3PWp9R5HvbQgxI5KBx5kVd,KANA-BOON,Japan,3f39BvOSaAfNWf5Yj42HP1,クローン,2013-04,anime,43.0,False,314507,0.00814,0.524,0.84,3.22e-05,E,0.0487,-3.684,Major,0.113,189.934,0.462
24b231EnCM3BkpiuWs5VBE,SID,Japan,7wiweCvxdbBw2mTP3AaY9q,Rain,2004-01,anime,45.0,False,256067,0.0285,0.599,0.801,0.0,C#,0.126,-4.912,Minor,0.0276,94.955,0.65
3PWp9R5HvbQgxI5KBx5kVd,KANA-BOON,Japan,60LLMBddbObYPrOLXGCbpL,Brand-new,2019-06,anime,43.0,False,292840,2.46e-05,0.407,0.926,8.34e-05,F,0.298,-3.879,Minor,0.0536,103.976,0.444
3w2HqkKa6upwuXEULtGvnY,FLOW,Japan,6jb53jT5DrpmUQWoLBJLH1,Blue Bird,2015-01,anime,43.0,False,235813,0.00283,0.479,0.91,0.0,D,0.32,-3.89,Minor,0.0643,154.111,0.65
4rqJz9fE9prZvQd8WsQv6q,THE ORAL CIGARETTES,Japan,2BTsh25x45DtCFF76SFhrG,Wagamama De Gomakasanaide,2019-01,j-rock,43.0,False,257271,0.00937,0.498,0.97,1.3e-05,G,0.122,-2.188,Minor,0.0702,141.903,0.657
0bAsR2unSRpn6BQPEnNlZm,Aimer,Japan,6Flllj0iIJPwXUpxL9KdxC,Choucho Musubi,2016-01,anime,47.0,False,305333,0.402,0.51,0.5,0.0,G,0.0929,-7.399,Major,0.0362,142.069,0.355
0bAsR2unSRpn6BQPEnNlZm,Aimer,Japan,7koTTzsL7Ricjtv3CN6Sob,I beg you,2019-01,anime,45.0,False,270347,0.00192,0.492,0.848,0.0,F,0.0722,-4.581,Minor,0.0649,127.982,0.503
6cutt8thPFUICMfxaYerWd,MY FIRST STORY,Japan,4MzdrjWuEShth6tyABlzYo,Missing You,2016-06,j-rock,48.0,False,260000,0.000368,0.465,0.966,0.0,G#,0.343,-3.043,Major,0.0991,95.01,0.482
3PWp9R5HvbQgxI5KBx5kVd,KANA-BOON,Japan,5nvqqLZu75jMK31gDytANZ,Fighter,2017-03,anime,42.0,False,226947,0.00107,0.408,0.966,8.78e-06,B,0.311,-3.565,Minor,0.0714,91.034,0.191
3w2HqkKa6upwuXEULtGvnY,FLOW,Japan,3e6ZO9yC53nI00YerRJhI4,Kazenouta,2016-08,anime,43.0,False,260539,0.0191,0.507,0.9,0.0,C#,0.308,-3.353,Minor,0.0486,141.987,0.738
3PzqP5IkpLhlSdZLh7jwPn,WagakkiBand,Japan,7CoHfAmqnUaU2qa9SGrMrx,千本桜 - 八奏絵巻ver.,2015-09,j-rock,45.0,False,268413,0.0169,0.576,0.974,0.000386,D,0.179,-3.806,Minor,0.0988,152.989,0.682
3PWp9R5HvbQgxI5KBx5kVd,KANA-BOON,Japan,5pIlTStzsYk3h5Nnf7BWPw,Haguruma,2019-03,anime,41.0,False,218573,3.43e-05,0.301,0.927,0.0,E,0.211,-3.79,Minor,0.0506,82.469,0.594
4rqJz9fE9prZvQd8WsQv6q,THE ORAL CIGARETTES,Japan,0gahbZxNz6wn2Gz3IBsS8o,Toorisugita Kisetsu No Sora De,2016-01,j-rock,40.0,False,196453,0.00315,0.49,0.955,0.0,G#,0.335,-3.015,Minor,0.0736,142.037,0.735
3w2HqkKa6upwuXEULtGvnY,FLOW,Japan,2bWHzb3dt9BefntRXndulf,Cha-La Head-Cha-La,2004-01,anime,39.0,False,202600,0.000665,0.467,0.978,0.0,D,0.321,-3.328,Major,0.0906,162.915,0.512
0blbVefuxOGltDBa00dspv,LiSA,Japan,3ZsH2zff1zBe1vYCQGIS8m,Ash,2018-05,anime,41.0,False,238707,0.0117,0.459,0.947,1.98e-05,A#,0.321,-2.783,Minor,0.0738,95.916,0.326
0bAsR2unSRpn6BQPEnNlZm,Aimer,Japan,0gvWpIM0w2yOmYiT08zg2k,Polaris,2017-01,anime,44.0,False,367453,0.0519,0.45,0.628,0.0,A,0.332,-5.87,Major,0.0286,147.898,0.478
3w2HqkKa6upwuXEULtGvnY,FLOW,Japan,2aQDpTmWnHAaNIkv1bdSmE,Niji No Sora,2015-08,anime,41.0,False,247227,0.0331,0.551,0.9,0.0,D,0.349,-4.142,Major,0.0443,95.556,0.437
0bAsR2unSRpn6BQPEnNlZm,Aimer,Japan,0Hrqab4eZk24PODh7YKzRH,Akane Sasu,2017-01,anime,45.0,False,329787,0.0656,0.474,0.684,0.0,F#,0.254,-6.064,Major,0.0339,73.996,0.335
3PWp9R5HvbQgxI5KBx5kVd,KANA-BOON,Japan,3oB1e88XEScSwiqDX4IEWq,Spiral,2015-08,anime,40.0,False,182800,2.65e-05,0.471,0.943,0.0919,A#,0.169,-3.472,Minor,0.0963,89.965,0.359
4rqJz9fE9prZvQd8WsQv6q,THE ORAL CIGARETTES,Japan,3QhErQyRtXeW2BjOD9SbVb,BLACK MEMORY,2017-09,j-rock,40.0,False,251340,5.5e-05,0.405,0.943,9.13e-06,F#,0.0766,-2.833,Major,0.0916,181.911,0.612
0blbVefuxOGltDBa00dspv,LiSA,Japan,2AjzusLPuAD6o3nZNG75zy,Rally Go Round,2017-01,anime,41.0,False,274773,0.0114,0.43,0.996,0.0,C,0.33,-2.138,Major,0.306,189.798,0.329
3w2HqkKa6upwuXEULtGvnY,FLOW,Japan,30pZhnFrjrU5nBYo3lHtBi,World End,2011-01,anime,39.0,False,227920,0.000114,0.422,0.966,0.0,C,0.332,-2.975,Major,0.0567,178.376,0.684
3PWp9R5HvbQgxI5KBx5kVd,KANA-BOON,Japan,4duW9ul2yfo8UjyIUlzvij,ストラテジー,2013-04,anime,38.0,False,244920,0.0032,0.251,0.925,0.0381,C,0.0621,-3.366,Minor,0.105,162.623,0.331
24b231EnCM3BkpiuWs5VBE,SID,Japan,2hL6glHaKALSyovBH8xeKN,Monocro No Kiss (Anime Version),2015-04,anime,41.0,False,91320,0.0199,0.51,0.787,0.0,F,0.4,-9.352,Major,0.0725,150.02,0.623
00DuPiLri3mNomvvM3nZvU,Ling tosite sigure,Japan,2GhJWdd9tKcy9qrxlvRAaL,Abnormalize (Best of Tornado Remastering),2015-01,j-rock,39.0,False,218000,1.24e-05,0.269,0.932,0.15,D,0.0493,-2.54,Minor,0.0921,86.845,0.357
0blbVefuxOGltDBa00dspv,LiSA,Japan,4IixynzZ8RYYaoAuniR7Mq,No More Time Machine,2015-03,anime,36.0,False,293440,0.116,0.606,0.943,0.0,F,0.336,-3.722,Major,0.063,136.938,0.753
00DuPiLri3mNomvvM3nZvU,Ling tosite sigure,Japan,3GlE0YNBMDK1c3WXVPxiUW,Abnormalize,2013-04,j-rock,38.0,False,216667,6.48e-06,0.352,0.889,0.157,A#,0.0529,-4.024,Major,0.0714,87.551,0.365
0blbVefuxOGltDBa00dspv,LiSA,Japan,7cFi1EVnQ0gIBXu72FncqI,Tsumibito,2017-11,anime,38.0,False,251480,0.00901,0.428,0.971,0.0,F#,0.0839,-2.412,Minor,0.265,184.975,0.36
00DuPiLri3mNomvvM3nZvU,Ling tosite sigure,Japan,3vmLDM2QoQEpJk9wxdCf13,Enigmatic Feeling,2014-11,j-rock,41.0,False,231285,0.000143,0.453,0.977,2.27e-06,A#,0.261,-2.63,Minor,0.145,142.188,0.326
3w2HqkKa6upwuXEULtGvnY,FLOW,Japan,03gGNOQZw11sEteNLZblQV,Days,2004-01,anime,36.0,False,253400,0.00221,0.594,0.853,0.0,A#,0.0718,-3.361,Minor,0.0393,126.095,0.914
0bAsR2unSRpn6BQPEnNlZm,Aimer,Japan,04K2brFrPGggc1EMHxOwOb,Rokutouseino Yoru,2017-01,anime,42.0,False,337920,0.273,0.534,0.545,0.0,G#,0.106,-5.908,Major,0.0295,144.066,0.255
4rqJz9fE9prZvQd8WsQv6q,THE ORAL CIGARETTES,Japan,0zMElbRUCQU6Y2CnEO3jGY,5150,2017-02,j-rock,38.0,False,242144,0.000896,0.457,0.918,3.08e-06,D,0.323,-3.953,Minor,0.0508,96.016,0.486
3PzqP5IkpLhlSdZLh7jwPn,WagakkiBand,Japan,1L2CbnBS9C8uNMbS6GSHer,六兆年と一夜物語,2014-04,j-rock,44.0,False,235413,0.11,0.505,0.96,0.085,B,0.0787,-2.105,Minor,0.133,91.913,0.811
1YLxQZIGsaZq9rvFu8zeRz,Sayuri,Japan,70x1gFEIOwPaFY0XYR31OV,Proust,2018-02,anime,37.0,False,275387,0.0112,0.374,0.883,4.67e-05,A#,0.147,-2.166,Minor,0.0485,103.94,0.642
6cutt8thPFUICMfxaYerWd,MY FIRST STORY,Japan,5XhwjFeptj9D52SW4tKN8u,REVIVER,2018-03,j-rock,44.0,False,327067,0.00233,0.236,0.995,0.0,G,0.202,-2.477,Minor,0.483,199.919,0.0804
0bAsR2unSRpn6BQPEnNlZm,Aimer,Japan,6KnSkQNZGeQPshZihbOZNt,Hoshikuzu Venus,2017-01,anime,41.0,False,254693,0.339,0.508,0.613,0.0,F,0.235,-5.77,Major,0.0285,72.964,0.392
6cutt8thPFUICMfxaYerWd,MY FIRST STORY,Japan,72iaBWeNjV5WwHBvgZPL65,ALONE,2016-06,j-rock,45.0,False,213000,3.48e-05,0.315,0.967,2.95e-05,F,0.356,-3.459,Minor,0.19,200.08,0.49
0bAsR2unSRpn6BQPEnNlZm,Aimer,Japan,6rmTQ6h3F4losoLRnoJuUJ,hanabiratachinomarch,2019-01,anime,42.0,False,194893,0.0638,0.678,0.582,0.0,C#,0.139,-6.603,Major,0.0264,104.961,0.306
4rqJz9fE9prZvQd8WsQv6q,THE ORAL CIGARETTES,Japan,692JISES18uZusvATsmv5h,Kantannakoto,2016-01,j-rock,37.0,False,214587,0.00161,0.341,0.982,0.0,G#,0.355,-1.341,Minor,0.132,134.065,0.798
24b231EnCM3BkpiuWs5VBE,SID,Japan,33EtkjdM88wGLAmjZvhpCQ,Enamel,2018-04,anime,38.0,False,215867,0.000263,0.524,0.873,0.0,F,0.357,-4.62,Minor,0.0557,112.023,0.5
0bAsR2unSRpn6BQPEnNlZm,Aimer,Japan,3LwOkFcj9Uw3SXvTIA1t05,After Rain,2013-11,anime,42.0,False,292760,0.00943,0.653,0.783,0.0,A#,0.0791,-3.859,Major,0.0298,119.996,0.636
4rqJz9fE9prZvQd8WsQv6q,THE ORAL CIGARETTES,Japan,38Xe3EIdBXJkv3dU0oRXos,STAY ONE,2016-01,j-rock,36.0,False,213493,0.00589,0.382,0.974,0.0,D,0.302,-1.85,Major,0.08,99.404,0.615
0blbVefuxOGltDBa00dspv,LiSA,Japan,1g2yUrAr0PDerOfqKeZVXi,Axxxis,2018-05,anime,37.0,False,262400,0.00126,0.506,0.984,2.79e-05,C#,0.0997,-2.504,Major,0.11,96.978,0.534
6cutt8thPFUICMfxaYerWd,MY FIRST STORY,Japan,6jGB8Elznkw3445mTX9EWz,With You,2018-10,j-rock,46.0,False,254800,0.000449,0.45,0.968,0.0,F#,0.122,-3.022,Minor,0.257,139.987,0.197
0bAsR2unSRpn6BQPEnNlZm,Aimer,Japan,0AFQJU8z8qnF5IiZLbzxFA,Anatani Deawanakereba Kasetsutouka,2017-01,anime,42.0,False,362387,0.139,0.425,0.636,0.0,A,0.0999,-4.599,Major,0.0355,145.956,0.282
3w2HqkKa6upwuXEULtGvnY,FLOW,Japan,2nV8jdhlPZbF5idbTv8cJX,Steppin' out,2016-02,anime,37.0,False,252133,0.00256,0.59,0.971,0.0,F,0.276,-3.044,Minor,0.0452,140.059,0.725
0bAsR2unSRpn6BQPEnNlZm,Aimer,Japan,4F0J7Ffnx1b0LbonxDiZte,One,2019-04,anime,41.0,False,328493,8.43e-05,0.563,0.905,4.17e-06,E,0.118,-3.703,Major,0.0551,129.057,0.801
0blbVefuxOGltDBa00dspv,LiSA,Japan,4vyKPmMpwLz0XzUoKnk4s1,Propaganda,2019-07,anime,36.0,False,201480,0.000591,0.39,0.908,0.0002,F#,0.27,-3.667,Minor,0.258,114.424,0.492
0bAsR2unSRpn6BQPEnNlZm,Aimer,Japan,5v2xgL8y4XI0hi50cU574j,Koiwazurai,2019-04,anime,42.0,False,232333,0.297,0.675,0.499,0.0,A#,0.337,-5.825,Major,0.0258,93.917,0.775
0bAsR2unSRpn6BQPEnNlZm,Aimer,Japan,5uugm1IEqBXrvzKW4vI8XY,Kyoukara Omoide - Evergreen Version,2018-09,anime,39.0,False,302760,0.0999,0.483,0.62,0.0,D,0.211,-5.955,Minor,0.0273,140.012,0.336
0bAsR2unSRpn6BQPEnNlZm,Aimer,Japan,4X9TyaTlXZKoYEaljWBIEK,StarRingChild,2017-01,anime,39.0,False,328787,0.0311,0.488,0.878,0.0,A,0.103,-3.573,Major,0.062,81.979,0.658
0bAsR2unSRpn6BQPEnNlZm,Aimer,Japan,5wIaPARGY7GPo801uO11kJ,Re: I Am,2017-01,anime,40.0,False,347173,0.156,0.452,0.809,0.0,G#,0.365,-3.966,Major,0.0617,143.976,0.375
3PWp9R5HvbQgxI5KBx5kVd,KANA-BOON,Japan,1CY9IDClNm4iq1GMyWgKOi,Waiting for Spring,2018-12,anime,35.0,False,244747,0.000698,0.439,0.826,0.0,B,0.332,-4.275,Major,0.0485,149.998,0.571
0bAsR2unSRpn6BQPEnNlZm,Aimer,Japan,2vo3h8nVlHXF8BIvbMSOx8,Broken Night,2017-01,anime,39.0,False,296307,0.356,0.309,0.688,0.0,F,0.141,-5.69,Major,0.0525,169.963,0.485
4rqJz9fE9prZvQd8WsQv6q,THE ORAL CIGARETTES,Japan,5EDKnh4YAoXgFaQVJ02wSh,ReI,2018-02,j-rock,40.0,False,257329,0.000387,0.319,0.981,0.000447,G#,0.17,-2.981,Major,0.253,185.966,0.431
6cutt8thPFUICMfxaYerWd,MY FIRST STORY,Japan,74rZug4HF6ypkKzE4oEnYj,虚言NEUROSE,2014-10,j-rock,43.0,False,260240,0.00266,0.335,0.97,0.0,E,0.576,-3.914,Major,0.168,93.43,0.462
0MK8l3nURwwQIjafvXoJJt,ASIAN KUNG-FU GENERATION,Japan,3YDjqMC2P5jW1RjXhaEuK2,Kouya Wo Aruke,2017-03,j-rock,34.0,False,256427,0.0033,0.288,0.823,0.281,G,0.218,-3.667,Major,0.0493,165.032,0.364
3w2HqkKa6upwuXEULtGvnY,FLOW,Japan,6jiY3gJKNM5ds1UjvTAdXU,Burn,2004-01,anime,34.0,False,244013,0.00155,0.44,0.944,0.0,G#,0.1,-4.07,Minor,0.0979,98.863,0.469
0blbVefuxOGltDBa00dspv,LiSA,Japan,2tsLlVimy76AMvExz49PmL,Gurenge - TV Version,2019-07,anime,35.0,False,89947,0.0573,0.559,0.973,0.0,E,0.558,-3.387,Minor,0.0881,135.012,0.632
0blbVefuxOGltDBa00dspv,LiSA,Japan,2l37SdAskX7SfvxWXR0oLn,Akai Wana (Who Loves It?),2018-12,anime,35.0,False,253307,0.0933,0.582,0.991,0.000503,D,0.368,-1.119,Major,0.27,141.009,0.433
3w2HqkKa6upwuXEULtGvnY,FLOW,Japan,6ZyPF2VMHBEyuSWvgrVSA8,Calling,2010-07,anime,33.0,False,214773,0.000503,0.461,0.971,2.26e-06,G,0.252,-3.889,Major,0.0696,173.921,0.542
3PWp9R5HvbQgxI5KBx5kVd,KANA-BOON,Japan,12enNQZ7fzgwtmv0pyy69T,Afterword,2018-12,anime,33.0,False,198280,0.00577,0.39,0.884,0.0,A,0.295,-4.52,Minor,0.0441,164.103,0.61
0blbVefuxOGltDBa00dspv,LiSA,Japan,6QPOGckRZDz8ttBmzw5PJn,Yakusokuno Uta,2019-07,anime,35.0,False,278267,0.013,0.61,0.944,0.0,F#,0.355,-2.712,Major,0.0368,140.025,0.93
0bAsR2unSRpn6BQPEnNlZm,Aimer,Japan,7nMyG8CJCgLweioZNOqRJc,Through My Blood - AM,2016-05,anime,39.0,False,241533,0.0114,0.544,0.904,1.48e-05,B,0.564,-4.606,Major,0.0472,95.939,0.582
0bAsR2unSRpn6BQPEnNlZm,Aimer,Japan,3yEpyFpMdjd521kAHfvd0s,Black Bird,2019-04,anime,40.0,False,225373,0.00325,0.188,0.906,3.19e-06,G#,0.424,-3.349,Major,0.127,162.127,0.251
0bAsR2unSRpn6BQPEnNlZm,Aimer,Japan,2eJLm7q3YRoLxhmYhk3add,Words,2013-11,anime,38.0,False,354493,0.0919,0.429,0.606,0.0,F#,0.365,-7.481,Major,0.0395,139.897,0.391
0bAsR2unSRpn6BQPEnNlZm,Aimer,Japan,43GUQ5FujwMeyYZ4ns0Wek,Tiny Dancers,2018-09,anime,39.0,False,286573,0.00448,0.662,0.805,0.0,E,0.114,-4.08,Major,0.0296,129.996,0.583
24b231EnCM3BkpiuWs5VBE,SID,Japan,17ONFRGy5LlsuYDJ10L9Fl,V.I.P,2018-04,anime,35.0,False,193813,0.00169,0.47,0.95,0.0,G,0.307,-2.693,Major,0.068,92.45,0.751
0bAsR2unSRpn6BQPEnNlZm,Aimer,Japan,48Ue3LQjSEQwtjaBnSuYxd,sailing,2019-01,anime,39.0,False,337960,0.414,0.42,0.499,0.0,G#,0.121,-6.124,Major,0.0384,147.682,0.256
0MK8l3nURwwQIjafvXoJJt,ASIAN KUNG-FU GENERATION,Japan,0eTeB9EL0ly8uMFsrgOV1K,Soranin,2010-06,j-rock,35.0,False,272760,0.000262,0.4,0.771,0.103,E,0.157,-5.08,Major,0.0366,178.958,0.262
4rqJz9fE9prZvQd8WsQv6q,THE ORAL CIGARETTES,Japan,1ZwRI1mol5gIAthygVVfhe,MIRROR,2016-01,j-rock,35.0,False,215107,0.000691,0.516,0.958,0.000194,D,0.425,-2.248,Major,0.0564,100.961,0.805
24b231EnCM3BkpiuWs5VBE,SID,Japan,5uUKFRokatQocL7ciyYIkW,Monokuro No Kiss,2018-04,anime,37.0,False,239253,0.00074,0.44,0.9,0.0,A#,0.386,-3.26,Major,0.0777,149.874,0.565
0bAsR2unSRpn6BQPEnNlZm,Aimer,Japan,0uTtuQxtZbbR9FmCI3j4PV,Repray,2017-01,anime,37.0,False,307120,0.0469,0.432,0.763,0.0,G#,0.0582,-4.713,Major,0.0306,159.941,0.375
0MK8l3nURwwQIjafvXoJJt,ASIAN KUNG-FU GENERATION,Japan,3ngMo7oeXWoiv7c99wEaqp,Hometown,2018-12,j-rock,33.0,False,177187,0.000105,0.488,0.707,0.00143,A,0.11,-5.677,Major,0.0338,138.97,0.173
3PWp9R5HvbQgxI5KBx5kVd,KANA-BOON,Japan,4PSdBpqGdWZu5YxPKCWyyj,眠れぬ森の君のため,2013-04,anime,36.0,False,274280,0.00307,0.367,0.682,4.54e-06,A,0.226,-2.998,Major,0.0333,170.0,0.307
0bAsR2unSRpn6BQPEnNlZm,Aimer,Japan,30mEWRrpRNUCXeAWDANrwr,Insane Dream,2017-01,anime,37.0,False,252973,0.00114,0.419,0.895,0.000272,D#,0.207,-3.531,Minor,0.0893,120.086,0.282
3PzqP5IkpLhlSdZLh7jwPn,WagakkiBand,Japan,7lxmd7qBFxb1gbd4AXs5nf,天樂,2014-04,j-rock,39.0,False,307200,0.138,0.543,0.966,4.18e-05,A,0.133,-1.687,Minor,0.124,115.958,0.355
0MK8l3nURwwQIjafvXoJJt,ASIAN KUNG-FU GENERATION,Japan,4t8RAuvrnhzlKZwAb7VpRb,Liberated Zone,2019-05,j-rock,33.0,False,254587,0.000708,0.455,0.778,2.23e-05,G#,0.0919,-5.134,Major,0.0351,156.917,0.217
4rqJz9fE9prZvQd8WsQv6q,THE ORAL CIGARETTES,Japan,0ZxIqIuDCLiRULZlaIXNme,Shala La,2017-02,j-rock,34.0,False,197412,0.000516,0.576,0.902,1.07e-05,B,0.114,-4.526,Minor,0.074,96.039,0.666
0MK8l3nURwwQIjafvXoJJt,ASIAN KUNG-FU GENERATION,Japan,4Ike4WOxndRJgYT5Roipug,To Your Town,2004-10,j-rock,31.0,False,215867,0.00243,0.517,0.89,5.23e-06,C#,0.0623,-4.763,Major,0.0353,155.049,0.699
0bAsR2unSRpn6BQPEnNlZm,Aimer,Japan,5ue5J7CzOkmDBMPN0Zb9i7,Dareka Umiwo,2017-01,anime,35.0,False,294160,0.425,0.364,0.548,4.52e-05,G,0.236,-7.637,Minor,0.034,71.133,0.236
0MK8l3nURwwQIjafvXoJJt,ASIAN KUNG-FU GENERATION,Japan,4jHLx3kpqUl05I8I9Ayc9n,A Flower Named You,2003-11,j-rock,33.0,False,370667,2.11e-05,0.551,0.744,0.00146,A,0.0813,-6.473,Major,0.0325,133.049,0.554
0bAsR2unSRpn6BQPEnNlZm,Aimer,Japan,6Yq12ANrWNg6VmcrbcwukW,Hana No Uta,2017-10,anime,37.0,False,373427,0.0567,0.36,0.692,2.7e-06,F,0.0585,-4.508,Minor,0.0368,80.289,0.181
3w2HqkKa6upwuXEULtGvnY,FLOW,Japan,0SEZw4cKOfArkj4SVn9qgh,Go!!! - 15th Anniversary Version,2017-06,anime,37.0,False,322947,0.000819,0.476,0.941,0.0,F#,0.293,-3.094,Minor,0.0785,136.603,0.737
0MK8l3nURwwQIjafvXoJJt,ASIAN KUNG-FU GENERATION,Japan,1lzVhHihby5uHDwml2ApDr,Shindo-kaku,2004-10,j-rock,30.0,False,147200,1.62e-05,0.323,0.953,0.377,A,0.0524,-4.278,Major,0.0617,184.884,0.576
0blbVefuxOGltDBa00dspv,LiSA,Japan,7mOXPCJsa5yy2KgZ1s2EtA,Träumerei,2018-05,anime,34.0,False,253693,0.0401,0.341,0.984,0.0,D#,0.231,-2.555,Major,0.212,94.733,0.235
0bAsR2unSRpn6BQPEnNlZm,Aimer,Japan,0SYTYLpBrIAeT7MBYUslZT,SUN DANCE,2019-04,anime,38.0,False,328600,0.00583,0.627,0.7,0.0,F,0.181,-5.203,Major,0.0249,110.995,0.46
0blbVefuxOGltDBa00dspv,LiSA,Japan,5417PVSOkmB6IF2pGej0IW,Brave Freak Out,2018-05,anime,34.0,False,254467,0.0247,0.553,0.994,3.48e-06,G,0.329,-1.196,Major,0.238,100.24,0.269
3PzqP5IkpLhlSdZLh7jwPn,WagakkiBand,Japan,0F5kLFFKjXqWRkDZwtkt97,Senbonzakura,2015-09,j-rock,28.0,False,268413,0.0169,0.573,0.974,0.000433,A,0.178,-3.801,Minor,0.0988,152.981,0.677
0bAsR2unSRpn6BQPEnNlZm,Aimer,Japan,6nZCMUStpUB56f1LG2p4A6,Monochrome Syndrome,2019-04,anime,38.0,False,292787,0.0206,0.693,0.849,4.21e-06,G#,0.0718,-4.263,Major,0.0373,127.993,0.725
0bAsR2unSRpn6BQPEnNlZm,Aimer,Japan,7K5DPy1RyntbFpgmgDIOKx,Stars in the Rain,2017-01,anime,38.0,False,300587,0.00158,0.348,0.695,0.0,F#,0.109,-3.101,Major,0.032,156.061,0.186
3w2HqkKa6upwuXEULtGvnY,FLOW,Japan,0M2LuymnC548vTI54BxDNA,New World,2015-04,anime,32.0,False,223947,0.00408,0.342,0.914,0.0,D,0.261,-2.954,Minor,0.0854,184.013,0.683
4rqJz9fE9prZvQd8WsQv6q,THE ORAL CIGARETTES,Japan,3pKq6lWAKBhcxZCVy1hUqC,CATCH ME,2017-02,j-rock,34.0,False,204811,0.00457,0.544,0.942,0.0,D,0.366,-2.9,Major,0.0615,91.984,0.665
6cutt8thPFUICMfxaYerWd,MY FIRST STORY,Japan,1YhaeT8EygMA6OaUVwrow4,Home,2016-06,j-rock,42.0,False,241067,0.00018,0.387,0.969,0.0,F#,0.0415,-3.339,Major,0.0841,175.051,0.487
3w2HqkKa6upwuXEULtGvnY,FLOW,Japan,1oCFx87gYc3gWeYCFfJMdt,Summer Freak,2004-01,anime,33.0,False,202227,0.00671,0.614,0.98,0.0,C,0.147,-2.264,Major,0.062,105.963,0.655
3PWp9R5HvbQgxI5KBx5kVd,KANA-BOON,Japan,7AI4fCatM0PiylPkJ0OH6S,Orange,2019-03,anime,32.0,False,251320,0.00246,0.493,0.723,2.55e-05,A,0.0635,-5.013,Major,0.0376,139.97,0.618
4rqJz9fE9prZvQd8WsQv6q,THE ORAL CIGARETTES,Japan,1PubxlFeesWDghC3B9I280,Amy,2016-01,j-rock,33.0,False,294573,0.000154,0.371,0.912,1.18e-06,D,0.0964,-3.697,Major,0.0367,181.924,0.469
0bAsR2unSRpn6BQPEnNlZm,Aimer,Japan,4rogwAb8gIdD4tXuMEQh4V,Hollow World,2017-01,anime,35.0,False,275307,0.000889,0.492,0.885,0.0,D,0.311,-2.335,Minor,0.0592,127.035,0.42
0MK8l3nURwwQIjafvXoJJt,ASIAN KUNG-FU GENERATION,Japan,09DBt7MQJ0xgupIZ2DTy2E,Yoru Wo Koete,2018-03,j-rock,31.0,False,281267,0.000941,0.356,0.949,2.27e-05,A,0.0985,-3.29,Major,0.0481,174.916,0.531
3PWp9R5HvbQgxI5KBx5kVd,KANA-BOON,Japan,7H8zqX1Xus2ZAuYGT3PqTx,Full Drive,2015-01,anime,34.0,False,196320,0.000165,0.357,0.904,1.01e-06,C,0.0654,-3.254,Major,0.148,177.962,0.363
0bAsR2unSRpn6BQPEnNlZm,Aimer,Japan,5kjP3PY7yeSZ79Wi5vVhal,We Two,2019-04,anime,37.0,False,247853,8.44e-05,0.416,0.886,2.52e-06,A#,0.347,-3.665,Major,0.058,132.998,0.303
3PWp9R5HvbQgxI5KBx5kVd,KANA-BOON,Japan,2WYTrTyw0OE7FIiYAvZsTm,Talking,2016-02,anime,34.0,False,252347,0.000974,0.573,0.89,0.0,G,0.109,-4.386,Major,0.0648,140.007,0.658
3PWp9R5HvbQgxI5KBx5kVd,KANA-BOON,Japan,6ORwkSF5XIEmII1X3xIpDS,Nerine,2018-12,anime,31.0,False,231600,0.00762,0.564,0.924,0.0,A,0.288,-4.046,Major,0.0428,102.987,0.699
4rqJz9fE9prZvQd8WsQv6q,THE ORAL CIGARETTES,Japan,44KIthbhFgLiK2tRtQeGVE,Manner Mode,2016-01,j-rock,32.0,False,229227,0.0193,0.665,0.925,2.14e-06,B,0.189,-2.844,Minor,0.12,126.013,0.862
0blbVefuxOGltDBa00dspv,LiSA,Japan,0qtSuZT80V4jCabnqRR8aA,Empty Mermaid,2018-05,anime,33.0,False,221533,0.00224,0.531,0.995,0.0,C,0.376,-2.171,Minor,0.101,95.05,0.235
3PWp9R5HvbQgxI5KBx5kVd,KANA-BOON,Japan,0UYaAELRv0QqEPwNpDzpQc,Snow Globe,2015-01,anime,33.0,False,253147,0.00632,0.31,0.914,0.0,E,0.0832,-3.039,Major,0.0628,175.924,0.348
3w2HqkKa6upwuXEULtGvnY,FLOW,Japan,1RDryrNg8yuMfMb51Geosd,Glow,2018-01,anime,31.0,False,310373,0.000885,0.419,0.972,0.0,B,0.0888,-2.528,Major,0.118,165.015,0.465
3PzqP5IkpLhlSdZLh7jwPn,WagakkiBand,Japan,1I5WMX1QGoT43r8z9VhveF,Valkyrie - 戦乙女,2017-03,j-rock,36.0,False,259267,0.00319,0.503,0.923,0.0,G,0.0711,-5.244,Major,0.108,97.525,0.574
0MK8l3nURwwQIjafvXoJJt,ASIAN KUNG-FU GENERATION,Japan,4LzOl8IAIltUktoExVqa3S,Blue Train,2006-03,j-rock,30.0,False,259373,7.35e-05,0.547,0.939,0.421,B,0.144,-4.991,Major,0.0487,158.938,0.735
0bAsR2unSRpn6BQPEnNlZm,Aimer,Japan,03U1XV85mdmABzCh227T3T,Mine - Mellow Yellow Version,2019-01,anime,37.0,False,331533,0.267,0.516,0.454,5.23e-05,F#,0.118,-8.731,Major,0.026,137.996,0.152
6cutt8thPFUICMfxaYerWd,MY FIRST STORY,Japan,2EfbpJoz5APBuEmH1oUA3H,WINNER,2018-10,j-rock,40.0,False,259333,0.000136,0.397,0.987,0.0,A#,0.0973,-2.198,Minor,0.139,170.013,0.319
0bAsR2unSRpn6BQPEnNlZm,Aimer,Japan,196BBvbxXpsVFWpiRqPkrC,Us,2017-01,anime,33.0,False,274160,0.107,0.418,0.9,0.0,G#,0.202,-2.875,Minor,0.0879,87.23,0.397
0bAsR2unSRpn6BQPEnNlZm,Aimer,Japan,57GMLNwjwOulsiTw7olHTK,omoideha kireide,2019-04,anime,37.0,False,209813,0.0107,0.557,0.631,0.0,G,0.06,-4.737,Major,0.0259,93.952,0.717
0MK8l3nURwwQIjafvXoJJt,ASIAN KUNG-FU GENERATION,Japan,3CnG4kr3JfX7HwREe24aDu,A Lost Dog and Beats of the Rain,2010-06,j-rock,30.0,False,296773,0.0318,0.435,0.83,0.00187,C,0.174,-3.392,Major,0.0414,121.31,0.573
3PzqP5IkpLhlSdZLh7jwPn,WagakkiBand,Japan,7unQtzPgtmZXSBzg0Aj8YT,細雪,2018-04,j-rock,37.0,False,237840,0.0012,0.338,0.941,0.0,D,0.342,-2.647,Minor,0.156,179.978,0.466
3PWp9R5HvbQgxI5KBx5kVd,KANA-BOON,Japan,0leCiTShQOp3jGBVE4ZjcP,Flyers,2019-06,anime,31.0,False,199480,0.00218,0.541,0.904,2.94e-06,E,0.076,-3.631,Major,0.0631,148.027,0.737
0bAsR2unSRpn6BQPEnNlZm,Aimer,Japan,0bZbsbYYJ5pdoBzyi71yOh,April Showers,2019-04,anime,39.0,False,343973,0.693,0.448,0.362,0.0,C,0.121,-7.066,Major,0.0282,77.018,0.395
0blbVefuxOGltDBa00dspv,LiSA,Japan,2W0htwpIQdQxdb3ssG9I6v,Jet Rocket,2018-05,anime,33.0,False,294067,0.0228,0.518,0.941,4.19e-05,G#,0.355,-1.627,Major,0.0973,178.037,0.714
0MK8l3nURwwQIjafvXoJJt,ASIAN KUNG-FU GENERATION,Japan,4HdAneA6apoM0jNckeiUwJ,Loop & Loop,2004-10,j-rock,29.0,False,224773,0.0568,0.594,0.931,1.64e-05,A#,0.208,-3.386,Major,0.0648,129.027,0.549
3PzqP5IkpLhlSdZLh7jwPn,WagakkiBand,Japan,2W6FUSnZnxTTIS9wNYor6N,起死回生,2017-03,j-rock,36.0,False,249360,0.0149,0.544,0.975,6.12e-05,B,0.0947,-3.699,Minor,0.0939,94.949,0.562
0bAsR2unSRpn6BQPEnNlZm,Aimer,Japan,4W1ha2UFapDHsk9ENhB3UU,Ito,2017-10,anime,37.0,False,223947,0.635,0.385,0.266,0.0,C,0.169,-9.828,Major,0.0305,142.345,0.267
0bAsR2unSRpn6BQPEnNlZm,Aimer,Japan,6qO9ULp8ulY4OIvO4vYw6i,Twoface,2016-01,anime,34.0,False,185080,0.00696,0.396,0.893,0.0,E,0.0428,-2.669,Minor,0.22,183.252,0.542
0bAsR2unSRpn6BQPEnNlZm,Aimer,Japan,792AteH2q5hbSHAOXwfxhA,Everlasting Snow,2017-01,anime,36.0,False,337067,0.105,0.351,0.673,2.02e-05,C,0.236,-7.17,Major,0.0376,76.002,0.529
0bAsR2unSRpn6BQPEnNlZm,Aimer,Japan,4b5PtfvNPoYlqGyF6CQ4tH,September San,2016-08,anime,35.0,False,302960,0.039,0.581,0.91,3.28e-06,C#,0.191,-3.531,Major,0.0342,123.993,0.682
4rqJz9fE9prZvQd8WsQv6q,THE ORAL CIGARETTES,Japan,6SOzFmVR7fLEuQuaAkwQAH,Access×Koutai,2016-11,j-rock,30.0,False,209652,0.00152,0.551,0.944,0.0,D,0.346,-4.165,Major,0.0656,140.027,0.659
0MK8l3nURwwQIjafvXoJJt,ASIAN KUNG-FU GENERATION,Japan,3aNcDanzADnglgCBXiVqKe,Mustang,2012-01,j-rock,31.0,False,290347,0.000269,0.562,0.928,0.0514,F#,0.113,-3.314,Minor,0.0381,125.279,0.359
0bAsR2unSRpn6BQPEnNlZm,Aimer,Japan,7ahCgpsRE5M1hj5dDp6pUG,3min,2019-04,anime,36.0,False,180347,0.0153,0.567,0.958,0.0,F,0.187,-4.209,Major,0.0628,106.984,0.688
6cutt8thPFUICMfxaYerWd,MY FIRST STORY,Japan,4byBkXmWNi1crfk8oYIhrD,悪戯フィクション,2016-06,j-rock,36.0,False,198867,0.000292,0.45,0.961,0.0,G#,0.31,-3.241,Minor,0.125,91.491,0.392
0MK8l3nURwwQIjafvXoJJt,ASIAN KUNG-FU GENERATION,Japan,2lH2meGLWrlJhFoXERcucB,"All Right, Pt. 2",2018-03,j-rock,29.0,False,214587,0.0372,0.479,0.879,0.0,G#,0.0426,-3.766,Major,0.0476,165.047,0.623
0MK8l3nURwwQIjafvXoJJt,ASIAN KUNG-FU GENERATION,Japan,2UaKWE2RbQPGzQVL9eEEs1,Boys & Girls,2018-09,j-rock,29.0,False,278520,0.00107,0.459,0.529,0.000531,G,0.259,-5.091,Major,0.0299,75.002,0.369
0MK8l3nURwwQIjafvXoJJt,ASIAN KUNG-FU GENERATION,Japan,2t8miDLxdqdKNUd7gvKS79,Siren,2004-10,j-rock,28.0,False,324107,0.000193,0.306,0.964,0.00102,D,0.0667,-3.892,Major,0.0731,179.066,0.2
0MK8l3nURwwQIjafvXoJJt,ASIAN KUNG-FU GENERATION,Japan,21MgV3ZN6ap80F0QFKiTzY,Sleep,2018-12,j-rock,28.0,False,194773,0.000126,0.419,0.784,0.000192,G,0.142,-4.917,Major,0.0463,97.536,0.444
6cutt8thPFUICMfxaYerWd,MY FIRST STORY,Japan,08rRFDUovbSP4WK3E75gmO,LET IT DIE,2018-10,j-rock,37.0,False,249600,0.00131,0.473,0.977,0.0,A,0.215,-2.783,Major,0.229,95.009,0.23
0blbVefuxOGltDBa00dspv,LiSA,Japan,3ktpiKnroRFqctDVqdhasI,Spicy World,2018-12,anime,32.0,False,267653,0.0436,0.679,0.805,0.0,C#,0.104,-5.587,Minor,0.0542,122.005,0.733
4rqJz9fE9prZvQd8WsQv6q,THE ORAL CIGARETTES,Japan,30vwJyzztkKAKf0XEkR7Rc,Tonariau,2018-06,j-rock,31.0,False,275604,0.000351,0.492,0.858,0.0,D,0.321,-3.262,Major,0.0416,139.968,0.465
4rqJz9fE9prZvQd8WsQv6q,THE ORAL CIGARETTES,Japan,6cNtbOK01ISimAbD42nH4O,LIPS,2015-11,j-rock,30.0,False,292840,0.00224,0.554,0.96,0.000602,D,0.318,-2.07,Major,0.0507,106.0,0.69
4rqJz9fE9prZvQd8WsQv6q,THE ORAL CIGARETTES,Japan,4mqQUbz0a3p4yO7518wLdW,Mouiikai?,2018-06,j-rock,31.0,False,139461,0.00125,0.231,0.989,0.0015,D#,0.182,-1.154,Major,0.303,191.447,0.301
3w2HqkKa6upwuXEULtGvnY,FLOW,Japan,51dDu0VnSAWql8QNjDQMqA,Sign - Naruto Opening Mix,2010-01,anime,31.0,False,93773,0.00122,0.385,0.854,0.0,B,0.127,-3.191,Minor,0.105,178.0,0.748
4rqJz9fE9prZvQd8WsQv6q,THE ORAL CIGARETTES,Japan,4LwtdE9RXgDQPzRek2dgcI,Color Tokyo,2019-03,j-rock,31.0,False,285573,0.00143,0.499,0.918,0.000105,E,0.341,-3.819,Minor,0.145,123.746,0.261
3w2HqkKa6upwuXEULtGvnY,FLOW,Japan,4UhwfxeqX0vt0rhRFMmPGm,Break It Down,2018-08,anime,30.0,False,249840,0.00135,0.37,0.977,0.0,C,0.278,-2.614,Major,0.119,189.083,0.365
0MK8l3nURwwQIjafvXoJJt,ASIAN KUNG-FU GENERATION,Japan,5iEhtOwKDDePCjCI3TxySv,Last Scene,2004-10,j-rock,27.0,False,241693,0.00368,0.627,0.702,0.0251,F#,0.215,-6.606,Major,0.0279,129.007,0.468
0bAsR2unSRpn6BQPEnNlZm,Aimer,Japan,7eE2ONyEe5wlo5o6YZBfMh,One epilogue,2019-04,anime,36.0,False,243360,0.00116,0.326,0.713,3.66e-05,A,0.146,-6.832,Major,0.0428,125.923,0.384
0MK8l3nURwwQIjafvXoJJt,ASIAN KUNG-FU GENERATION,Japan,6EnMftnRPAUXoykp7CkeNJ,A Town in Blue,2008-03,j-rock,29.0,False,256173,0.00213,0.415,0.926,0.0024,G,0.111,-5.311,Major,0.0452,149.168,0.269
4rqJz9fE9prZvQd8WsQv6q,THE ORAL CIGARETTES,Japan,2mrwkEQWSuBvOKEKUJpUp6,Youshi Tanrei Na Uso,2018-06,j-rock,31.0,False,234204,0.00147,0.473,0.981,4.09e-06,E,0.0798,-2.75,Minor,0.188,131.955,0.615
0MK8l3nURwwQIjafvXoJJt,ASIAN KUNG-FU GENERATION,Japan,3XXRCqTJkXM7fhaezFR0c6,The Survivor's March,2018-03,j-rock,29.0,False,282867,0.000464,0.387,0.717,0.000788,A,0.0845,-3.967,Major,0.0327,80.938,0.426
0bAsR2unSRpn6BQPEnNlZm,Aimer,Japan,1eicjWGDHO6DhXxMcw0wQH,Kizuna,2015-07,anime,35.0,False,296333,0.298,0.515,0.454,0.0,D#,0.103,-7.718,Major,0.0279,141.97,0.4
3PzqP5IkpLhlSdZLh7jwPn,WagakkiBand,Japan,21J7iTRQDBVfq6wM3ZHGhV,千本桜,2014-04,j-rock,40.0,False,270307,0.0141,0.577,0.972,0.00196,C,0.17,-4.031,Major,0.0799,153.025,0.656
0bAsR2unSRpn6BQPEnNlZm,Aimer,Japan,0cqSVFTEryCcYFTqrT03SA,Yako Ressha Nothing to Lose,2012-10,anime,35.0,False,303320,0.165,0.528,0.804,0.0,G#,0.143,-4.037,Major,0.028,111.03,0.261
0blbVefuxOGltDBa00dspv,LiSA,Japan,1S2o6ACZKMJFn9X1RRCds9,ID,2018-05,anime,31.0,False,235520,0.00267,0.526,0.985,0.0,G#,0.0704,-2.249,Major,0.213,97.439,0.245
0blbVefuxOGltDBa00dspv,LiSA,Japan,6uzqCI7CXWjNkvsFXGmKYJ,Ring a Bell,2017-02,anime,29.0,False,285307,0.114,0.468,0.85,0.0,C,0.106,-4.012,Major,0.0447,154.033,0.407
0bAsR2unSRpn6BQPEnNlZm,Aimer,Japan,4lVDZmf47tek0B5F3GeQzD,Am02:00,2012-10,anime,35.0,False,330467,0.0425,0.626,0.741,0.0,F#,0.119,-4.584,Major,0.0246,90.015,0.723
0MK8l3nURwwQIjafvXoJJt,ASIAN KUNG-FU GENERATION,Japan,0hF82a0e0ce03Sau7nDIU8,Kaigan Dori,2004-10,j-rock,27.0,False,280600,0.000405,0.349,0.852,0.0365,A,0.105,-3.988,Major,0.0511,170.069,0.56
3w2HqkKa6upwuXEULtGvnY,FLOW,Japan,1OK4x0EUWUH9q86CPxkeOT,Innosense,2004-01,anime,29.0,False,243693,0.00353,0.503,0.934,0.0,D,0.352,-4.319,Minor,0.0739,138.038,0.378
0bAsR2unSRpn6BQPEnNlZm,Aimer,Japan,4jQnkghgRebkkwn0bbao2c,Yuki No Furu Machi,2017-01,anime,33.0,False,245400,0.0402,0.449,0.704,0.0,C#,0.269,-5.249,Major,0.0291,168.019,0.67
0bAsR2unSRpn6BQPEnNlZm,Aimer,Japan,7mbsnoCoGe6ksor8e6zpsq,Rokutouseino Yoru - Magic Blue Version,2017-10,anime,36.0,False,350933,0.775,0.506,0.343,0.0,G#,0.143,-6.144,Major,0.0278,138.114,0.517
4rqJz9fE9prZvQd8WsQv6q,THE ORAL CIGARETTES,Japan,3uaLzkODN7xLUkcQDSg15P,Everything,2016-01,j-rock,30.0,False,258480,0.0175,0.458,0.954,0.0,F#,0.0979,-2.072,Major,0.0722,148.079,0.501
00DuPiLri3mNomvvM3nZvU,Ling tosite sigure,Japan,3nwe7YW6p3crTHHpvHG73x,A 7days Wonder,2009-05,j-rock,32.0,False,279507,0.000172,0.471,0.714,0.239,G#,0.317,-6.084,Minor,0.0506,135.01,0.506
3w2HqkKa6upwuXEULtGvnY,FLOW,Japan,3ZyC7mCYTL2AVkz5CSbQPr,Nijinosora,2016-02,anime,33.0,False,284587,0.0391,0.573,0.87,0.0,D,0.115,-4.182,Major,0.0386,95.586,0.272
0bAsR2unSRpn6BQPEnNlZm,Aimer,Japan,1Z3YtoiZW4VPRE12exWDZZ,Hz,2016-01,anime,35.0,False,289027,0.00374,0.587,0.919,0.0,G,0.0656,-3.935,Major,0.0599,137.059,0.807
0bAsR2unSRpn6BQPEnNlZm,Aimer,Japan,3fVbSiUJ74bkkViuYinWMQ,Iris,2014-06,anime,37.0,False,301333,0.55,0.543,0.484,0.0,C#,0.075,-6.755,Major,0.0262,140.06,0.505
3PzqP5IkpLhlSdZLh7jwPn,WagakkiBand,Japan,2j9qJWIm3Esfl4SeL3klSW,戦-ikusa-,2015-09,j-rock,35.0,False,219707,0.0274,0.469,0.979,0.00316,G#,0.0975,-1.091,Major,0.067,97.932,0.458
0MK8l3nURwwQIjafvXoJJt,ASIAN KUNG-FU GENERATION,Japan,0f3i9Tjxp6mWwekPbSgpkl,Understand,2003-11,j-rock,28.0,False,224360,0.00016,0.458,0.72,0.146,E,0.0869,-6.794,Major,0.0469,139.004,0.497
6cutt8thPFUICMfxaYerWd,MY FIRST STORY,Japan,1xj5HLvWgeVb04VMlKa1So,Nothing In The Story,2016-06,j-rock,38.0,False,201200,7.33e-05,0.34,0.977,0.0,F#,0.22,-2.642,Minor,0.16,195.14,0.325
0bAsR2unSRpn6BQPEnNlZm,Aimer,Japan,1PXpkzbevSNkoem8VCUpT3,Nemuri No Mori,2017-01,anime,31.0,False,274493,0.026,0.502,0.654,0.0,C,0.0845,-5.23,Major,0.0298,125.907,0.317
00DuPiLri3mNomvvM3nZvU,Ling tosite sigure,Japan,44aigiy8yKmgDLk8jRjn8s,KIMITOOKU,2013-04,j-rock,28.0,False,294987,2.32e-05,0.186,0.85,0.0838,G#,0.0715,-4.066,Major,0.0543,100.08,0.425
0blbVefuxOGltDBa00dspv,LiSA,Japan,1URteFizvgk7MxpNiUWpdP,Only Not Equal Lonely,2017-11,anime,30.0,False,344413,0.0266,0.554,0.978,0.0075,G#,0.062,-2.386,Major,0.0643,104.013,0.365
4rqJz9fE9prZvQd8WsQv6q,THE ORAL CIGARETTES,Japan,3FDFWiUr30S9mPuZJ5M8J8,DIP-BAP,2017-02,j-rock,30.0,False,269202,0.00149,0.573,0.874,1.87e-05,F,0.089,-3.814,Minor,0.0957,143.97,0.775
4rqJz9fE9prZvQd8WsQv6q,THE ORAL CIGARETTES,Japan,23tOVsU7dRtnTxupe6eQSd,Licorice,2017-02,j-rock,29.0,False,209799,0.000109,0.498,0.92,1.61e-06,D#,0.125,-4.183,Major,0.0717,146.043,0.67
00DuPiLri3mNomvvM3nZvU,Ling tosite sigure,Japan,33QsTLVk2NalplnVf8LyWS,Shandy,2010-09,j-rock,29.0,False,270987,0.0138,0.421,0.96,0.019,A,0.452,-3.759,Minor,0.14,82.467,0.49
0MK8l3nURwwQIjafvXoJJt,ASIAN KUNG-FU GENERATION,Japan,1KYK1e0kVKa4o4JX1XEUPD,Radio Tower,2003-11,j-rock,27.0,False,285840,0.000143,0.275,0.903,0.00752,G,0.215,-4.919,Major,0.0835,178.01,0.37
0blbVefuxOGltDBa00dspv,LiSA,Japan,2UYgndu6rysBqQ5AbbV7l8,Mr.Launcher,2015-03,anime,26.0,False,249320,0.00414,0.364,0.99,0.0,F#,0.327,-3.068,Major,0.314,194.846,0.477
0bAsR2unSRpn6BQPEnNlZm,Aimer,Japan,0Rxe9YQF0jXCeIpage0kZ2,Kogoesouna Kisetsu Kara,2017-02,anime,33.0,False,208533,0.0272,0.301,0.929,0.0,E,0.102,-4.163,Minor,0.0523,114.659,0.394
4rqJz9fE9prZvQd8WsQv6q,THE ORAL CIGARETTES,Japan,3bbf2Cn4sLXiDHmjKwc6qi,PSYCHOPATH,2018-06,j-rock,30.0,False,241800,0.000184,0.571,0.939,0.000106,B,0.0772,-3.87,Major,0.14,129.985,0.73
0MK8l3nURwwQIjafvXoJJt,ASIAN KUNG-FU GENERATION,Japan,4QGNa4vSQe9nNAJ0Yh6obB,Memories of the Ruins,2018-12,j-rock,27.0,False,265387,0.00777,0.564,0.878,0.0,D,0.0799,-5.191,Major,0.0341,95.006,0.431
0MK8l3nURwwQIjafvXoJJt,ASIAN KUNG-FU GENERATION,Japan,6ou8oRG8oCN6Aa4BM6hm2m,Clock Work,2018-12,j-rock,28.0,False,242307,0.00349,0.261,0.536,6.55e-06,G#,0.161,-6.34,Minor,0.0366,73.926,0.29
0bAsR2unSRpn6BQPEnNlZm,Aimer,Japan,5DHTqRMylMCqsESIvoyufT,Kimi Wo Matsu,2017-01,anime,33.0,False,267813,0.241,0.256,0.761,0.0,G#,0.171,-4.887,Major,0.0381,91.96,0.431
0blbVefuxOGltDBa00dspv,LiSA,Japan,1wXpnpel7CmD8YUo2EylBC,Rock Mode'18,2018-05,anime,31.0,False,332040,0.0011,0.406,0.977,0.00571,F,0.217,-2.7,Minor,0.352,180.79,0.374
0blbVefuxOGltDBa00dspv,LiSA,Japan,4KkJHXohjoQScpqcXTlpLu,"Best Day, Best Way",2018-05,anime,30.0,False,285760,0.17,0.409,0.988,0.0,G#,0.359,-1.124,Major,0.158,179.795,0.594
0bAsR2unSRpn6BQPEnNlZm,Aimer,Japan,5y3DEreHvuG4P3KWPUUR7L,Shichigatsunotubasa,2014-06,anime,34.0,False,284120,0.261,0.565,0.546,0.0,G,0.101,-5.298,Major,0.0243,140.032,0.426
4rqJz9fE9prZvQd8WsQv6q,THE ORAL CIGARETTES,Japan,41ngnhxq7lEHc6ugbFBsgh,WARWARWAR,2017-02,j-rock,28.0,False,237792,0.000786,0.672,0.909,0.0,F#,0.204,-4.295,Minor,0.028,124.004,0.788
0MK8l3nURwwQIjafvXoJJt,ASIAN KUNG-FU GENERATION,Japan,7hOy2ApRC3wHsyZvfmypd0,Black Out,2006-03,j-rock,26.0,False,319467,0.000219,0.616,0.88,0.289,A,0.17,-4.026,Major,0.0328,136.909,0.784
0MK8l3nURwwQIjafvXoJJt,ASIAN KUNG-FU GENERATION,Japan,0UMcJLihngv9ICMNt8YEaF,"Rockn' Roll, Morning Light Falls on You",2008-03,j-rock,27.0,False,277533,0.000397,0.458,0.906,2.53e-05,B,0.0773,-3.142,Major,0.037,147.02,0.57
0MK8l3nURwwQIjafvXoJJt,ASIAN KUNG-FU GENERATION,Japan,6V7BRBsVsus3WZbMmVoLsL,Living in the Now,2018-03,j-rock,28.0,False,290507,0.00148,0.485,0.887,8.4e-06,D,0.089,-3.468,Major,0.0637,139.118,0.591
4rqJz9fE9prZvQd8WsQv6q,THE ORAL CIGARETTES,Japan,2FmcKJaHkVZJoIglDYoDcs,What you want,2018-06,j-rock,29.0,False,241370,0.0206,0.469,0.917,0.0104,F,0.316,-2.598,Major,0.0548,129.975,0.529
3PWp9R5HvbQgxI5KBx5kVd,KANA-BOON,Japan,4FMh867ul4mii5Kl1sSMzs,Timeout,2015-01,anime,28.0,False,189587,1.24e-05,0.384,0.881,0.164,B,0.244,-3.853,Minor,0.0746,87.526,0.258
0MK8l3nURwwQIjafvXoJJt,ASIAN KUNG-FU GENERATION,Japan,2sEv2HIcySX9W36WHHPGDj,Rolling Stone,2018-03,j-rock,27.0,False,264467,0.00017,0.368,0.92,0.00186,D,0.408,-3.981,Major,0.0697,170.977,0.471
0bAsR2unSRpn6BQPEnNlZm,Aimer,Japan,1xCDRNaGpDDEyG7lmOBvhz,AM04:00,2015-07,anime,33.0,False,272627,0.0636,0.68,0.759,4.41e-06,C,0.0481,-6.014,Minor,0.037,95.985,0.764
4rqJz9fE9prZvQd8WsQv6q,THE ORAL CIGARETTES,Japan,22eVTcwN2X1R4oPqCKnDTK,Itazura Show Time,2017-02,j-rock,28.0,False,226029,0.000124,0.41,0.901,1.33e-05,C#,0.291,-4.745,Major,0.108,142.131,0.736
3PzqP5IkpLhlSdZLh7jwPn,WagakkiBand,Japan,032BHbzqmtBi4P5swU0YFd,星月夜,2015-09,j-rock,33.0,False,258640,0.094,0.455,0.978,0.000239,D,0.273,-1.861,Minor,0.195,159.987,0.638
0blbVefuxOGltDBa00dspv,LiSA,Japan,3ueTGDvsG7MajOVqd6gLjP,Doctor,2013-10,anime,26.0,False,184827,0.022,0.461,0.981,0.0,E,0.166,-1.707,Minor,0.254,184.969,0.59
0MK8l3nURwwQIjafvXoJJt,ASIAN KUNG-FU GENERATION,Japan,43jp786MgkcrgC8ZZLmerM,Walk in the Wild Land - Hometown Version,2018-12,j-rock,27.0,False,255133,0.00356,0.376,0.815,0.00428,G,0.216,-5.684,Major,0.0513,165.113,0.319
0blbVefuxOGltDBa00dspv,LiSA,Japan,6P0iKH8tNBD7inByCy1U6b,Gurenge - Instrumental,2019-07,anime,29.0,False,235267,5.95e-05,0.455,0.966,0.771,G,0.178,-6.175,Major,0.056,134.994,0.299
4rqJz9fE9prZvQd8WsQv6q,THE ORAL CIGARETTES,Japan,64zxysfNxpOjUMtzzhJ2zp,ONE'S AGAIN,2018-06,j-rock,29.0,False,282602,0.0187,0.553,0.897,0.0,G#,0.262,-2.939,Major,0.0719,110.008,0.459
3PzqP5IkpLhlSdZLh7jwPn,WagakkiBand,Japan,7ydjzkY9iUItQ4LWT7FfMH,Valkyrie-戦乙女-,2016-06,j-rock,30.0,False,262640,0.00421,0.536,0.962,0.0,G,0.0787,-3.007,Major,0.11,97.524,0.65
0bAsR2unSRpn6BQPEnNlZm,Aimer,Japan,23ksJUnBqy996lnaLaK7BT,soleil,2019-04,anime,34.0,False,119893,0.145,0.558,0.554,0.909,D,0.116,-14.577,Major,0.0412,117.016,0.103
0blbVefuxOGltDBa00dspv,LiSA,Japan,7qrqQjdaJalneb5T62e21z,Rapid Life Syndrome,2015-03,anime,25.0,False,290693,0.00989,0.622,0.979,1.07e-06,G,0.406,-2.348,Major,0.158,92.49,0.698
0MK8l3nURwwQIjafvXoJJt,ASIAN KUNG-FU GENERATION,Japan,0IsTyqMaHlkNKYlZfohPPr,World Apart,2006-03,j-rock,26.0,False,269307,0.00031,0.488,0.938,0.000241,F#,0.22,-4.959,Minor,0.0399,92.369,0.779
0blbVefuxOGltDBa00dspv,LiSA,Japan,5jIzbC6W7QnD8KI25PxG4T,L.Miranic,2018-05,anime,30.0,False,244600,0.0206,0.583,0.956,0.0,B,0.358,-2.223,Major,0.141,95.997,0.523
4rqJz9fE9prZvQd8WsQv6q,THE ORAL CIGARETTES,Japan,1EG5ImEqvx7Q7p1e5rUuT9,STARGET,2014-10,j-rock,27.0,False,205733,4.11e-05,0.368,0.881,0.0,E,0.269,-3.588,Minor,0.0746,169.902,0.449
0blbVefuxOGltDBa00dspv,LiSA,Japan,6Ps0hVCF5lnwcZl3QQXNCt,The End of My World,2017-01,anime,29.0,False,208240,0.0293,0.43,0.998,4.93e-05,C#,0.0606,-2.482,Minor,0.235,94.942,0.102
0blbVefuxOGltDBa00dspv,LiSA,Japan,6k95h4bemgfqkqVGO3VBEj,Sweet Friendship,2017-08,anime,28.0,False,221920,0.000916,0.495,0.947,8.27e-06,C#,0.0831,-3.021,Major,0.0786,151.892,0.494
3PWp9R5HvbQgxI5KBx5kVd,KANA-BOON,Japan,74Ocz4bDFpDtfkGwEo1edy,Nandemo Nedari,2016-02,anime,29.0,False,318253,0.00167,0.501,0.933,0.000133,A,0.197,-3.111,Major,0.0626,140.034,0.533
4rqJz9fE9prZvQd8WsQv6q,THE ORAL CIGARETTES,Japan,51ZUJFW8AOwSIj3GJkoIGO,Livelock Art,2018-06,j-rock,29.0,False,241632,0.000989,0.454,0.952,0.0,B,0.387,-1.91,Minor,0.0636,95.055,0.529
0blbVefuxOGltDBa00dspv,LiSA,Japan,386BZo1h2Ig9pK7nucWXQe,Akogare Bouenkyou,2015-03,anime,25.0,False,248947,0.0582,0.514,0.977,0.0,C#,0.216,-2.661,Major,0.0974,168.064,0.742
6cutt8thPFUICMfxaYerWd,MY FIRST STORY,Japan,3elIRsmkUWTGrqEuAasoRt,ACCIDENT,2018-10,j-rock,38.0,False,213467,0.000272,0.596,0.923,3.11e-05,A#,0.113,-3.3,Minor,0.0474,119.99,0.664
0blbVefuxOGltDBa00dspv,LiSA,Japan,7AfgT7nHkiPnzwzV7DsCyi,Nippon,2018-05,anime,29.0,False,234734,0.000297,0.454,0.934,0.000828,A,0.216,-2.84,Major,0.0658,172.896,0.586
0MK8l3nURwwQIjafvXoJJt,ASIAN KUNG-FU GENERATION,Japan,3DSObvkVK3GjHP4E3m0eff,After Images of Summer,2003-11,j-rock,25.0,False,281240,0.000282,0.409,0.781,0.00436,G,0.13,-6.53,Minor,0.0371,169.109,0.404
0MK8l3nURwwQIjafvXoJJt,ASIAN KUNG-FU GENERATION,Japan,19hvFwo6N11mJ2RL6Ac8CT,Love Song of New Century,2010-06,j-rock,26.0,False,314160,0.000209,0.639,0.734,0.000847,A,0.48,-5.131,Major,0.0375,120.021,0.598
0bAsR2unSRpn6BQPEnNlZm,Aimer,Japan,7t5djJzEzZWEhR7bGqF5e3,For Lonely (with Mao Abe),2015-07,anime,32.0,False,292573,0.0197,0.552,0.787,0.0,E,0.147,-5.529,Major,0.0279,122.999,0.354
3PWp9R5HvbQgxI5KBx5kVd,KANA-BOON,Japan,56a8IxeDJGmNypWaa3zAlB,LOL,2015-01,anime,28.0,False,199933,0.00122,0.514,0.947,4.91e-05,A,0.126,-3.339,Major,0.102,102.475,0.258
0MK8l3nURwwQIjafvXoJJt,ASIAN KUNG-FU GENERATION,Japan,4P8VpqcmoJiEUeztVVGfnk,Marching Band,2012-01,j-rock,27.0,False,320920,0.000218,0.406,0.976,0.0423,D,0.158,-4.852,Major,0.0595,143.133,0.328
4rqJz9fE9prZvQd8WsQv6q,THE ORAL CIGARETTES,Japan,3NLNoTxjiriac0UCEmdpu5,Ladies and Gentlemen,2018-06,j-rock,28.0,False,156089,0.0891,0.54,0.9,0.0,B,0.924,-2.183,Minor,0.0553,102.951,0.702
3w2HqkKa6upwuXEULtGvnY,FLOW,Japan,2hkeIa6hxCv7EcZVgG9c1H,1/3 No Jyunjyou Na Kanjyou,2011-01,anime,36.0,False,233053,0.000997,0.456,0.922,0.0,C#,0.21,-3.095,Minor,0.0425,154.968,0.521
3w2HqkKa6upwuXEULtGvnY,FLOW,Japan,7ftnqTZ8PeAYN4FxEqQZSt,Awake,2015-01,anime,28.0,False,243227,0.0014,0.512,0.923,0.0,D,0.314,-4.634,Minor,0.0634,142.05,0.701
0blbVefuxOGltDBa00dspv,LiSA,Japan,05a1kZEiinnEeaf7uq0GEi,Bright Flight,2018-05,anime,29.0,False,274387,0.0399,0.536,0.994,0.0,E,0.265,-2.623,Major,0.121,148.095,0.337
0MK8l3nURwwQIjafvXoJJt,ASIAN KUNG-FU GENERATION,Japan,0tcfP2O3xtvTLIK7fbIHG1,Denpato,2003-11,j-rock,25.0,False,211400,1.81e-05,0.344,0.652,8.03e-06,A,0.0791,-5.796,Major,0.0393,179.011,0.406
0MK8l3nURwwQIjafvXoJJt,ASIAN KUNG-FU GENERATION,Japan,1gs9xlTqTqL3XX9xkI1JSW,24ji,2004-10,j-rock,23.0,False,211240,1.19e-05,0.419,0.912,0.323,A#,0.0461,-5.265,Major,0.0424,161.999,0.733
0MK8l3nURwwQIjafvXoJJt,ASIAN KUNG-FU GENERATION,Japan,6Z1NaSQ0W011ko8IjGCFy1,Right Now,2018-03,j-rock,26.0,False,268733,0.00449,0.314,0.96,0.000133,G,0.337,-3.055,Major,0.0542,180.783,0.492
0blbVefuxOGltDBa00dspv,LiSA,Japan,6nXgV3xZgs2YowH4lWjinf,Hello Good Day,2018-05,anime,29.0,False,314480,0.214,0.547,0.812,1.72e-06,F,0.464,-3.857,Major,0.0512,149.981,0.469
4rqJz9fE9prZvQd8WsQv6q,THE ORAL CIGARETTES,Japan,7vYdrDvIe3srIcQBhdQPOl,Monster Effect,2014-10,j-rock,28.0,False,175667,7.93e-05,0.429,0.966,9.11e-06,A#,0.246,-1.969,Minor,0.106,185.987,0.743
00DuPiLri3mNomvvM3nZvU,Ling tosite sigure,Japan,55mls7VrYKMmsettT2x5Xg,Who What Who What,2015-01,j-rock,30.0,False,222000,0.000135,0.419,0.966,1.16e-06,C,0.342,-2.056,Minor,0.101,150.064,0.362
0MK8l3nURwwQIjafvXoJJt,ASIAN KUNG-FU GENERATION,Japan,3rqSzmkP4P0Js8e2NWzAid,Eternal Glider,2003-11,j-rock,25.0,False,307120,0.00341,0.475,0.684,0.00893,A#,0.0835,-7.61,Major,0.03,157.107,0.306
0MK8l3nURwwQIjafvXoJJt,ASIAN KUNG-FU GENERATION,Japan,484ISBhHl3cy4Zk5TcWPzA,Motor Pool,2018-12,j-rock,26.0,False,203120,0.000256,0.471,0.83,0.000308,F#,0.138,-4.841,Major,0.0356,130.968,0.484
4rqJz9fE9prZvQd8WsQv6q,THE ORAL CIGARETTES,Japan,36c0mgXouWUUZeGjQsaRyJ,Kishi Kaisei STORY,2014-10,j-rock,28.0,False,228173,0.000378,0.423,0.98,0.0,C#,0.363,-1.167,Minor,0.171,141.983,0.415
4rqJz9fE9prZvQd8WsQv6q,THE ORAL CIGARETTES,Japan,0Pdj59fXpNUyR0d1NVUUFX,End Roll,2017-02,j-rock,27.0,False,267664,0.000774,0.519,0.949,0.0226,D,0.28,-4.76,Major,0.0615,141.985,0.689
4rqJz9fE9prZvQd8WsQv6q,THE ORAL CIGARETTES,Japan,0rkYWy87nnbTRB8foH155E,Kietamitai,2015-11,j-rock,26.0,False,245680,0.00128,0.543,0.963,0.000288,G,0.204,-2.168,Major,0.0409,96.017,0.676
0MK8l3nURwwQIjafvXoJJt,ASIAN KUNG-FU GENERATION,Japan,0Bt7BoKwcKJtkSXvMAbDjl,Shindo-Kaku - 2016 Rerecorded,2016-12,j-rock,25.0,False,147387,2.42e-05,0.455,0.92,0.00854,C#,0.045,-4.845,Minor,0.0414,93.58,0.329
0MK8l3nURwwQIjafvXoJJt,ASIAN KUNG-FU GENERATION,Japan,2HPkT0fmzmI5hIZeRw13Qf,UCLA,2018-12,j-rock,26.0,False,318893,0.00504,0.453,0.486,0.000775,G,0.156,-7.382,Major,0.0325,170.798,0.182
6cutt8thPFUICMfxaYerWd,MY FIRST STORY,Japan,4CuPkKUne5SsEsDyDqtlKj,Black Rail,2014-10,j-rock,34.0,False,237400,0.0021,0.526,0.957,0.0,C#,0.143,-4.06,Minor,0.104,102.006,0.481
0blbVefuxOGltDBa00dspv,LiSA,Japan,2kjLcWz7liVad1zg35iL7D,Say My Name Nokataomoi,2013-10,anime,26.0,False,247213,0.0116,0.593,0.985,0.0,F,0.345,-1.602,Minor,0.163,139.864,0.831
3PzqP5IkpLhlSdZLh7jwPn,WagakkiBand,Japan,38APb71mtO1yc02aiheUWW,あっぱれが正義。,2019-01,j-rock,33.0,False,231267,0.028,0.627,0.958,8.76e-06,F#,0.0397,-3.537,Major,0.0437,128.003,0.8
3PWp9R5HvbQgxI5KBx5kVd,KANA-BOON,Japan,3n653d31Ly2UNO5SpcrjKw,"Kijou, Tsuzuru, Shisou",2016-02,anime,27.0,False,171253,0.000654,0.417,0.936,1.75e-05,C#,0.21,-2.394,Minor,0.0525,94.994,0.51
0bAsR2unSRpn6BQPEnNlZm,Aimer,Japan,6ahRjGgsSwBD2NauONcfzI,Natsukusani Kimiwo Omou,2016-08,anime,32.0,False,263093,0.0739,0.524,0.756,0.0,G,0.0723,-4.426,Major,0.038,142.001,0.393
0MK8l3nURwwQIjafvXoJJt,ASIAN KUNG-FU GENERATION,Japan,29htDLRCn8F3EY5OtHJJHF,Loop & Loop - 2016 Rerecorded,2016-12,j-rock,26.0,False,217987,0.0035,0.601,0.806,0.0,A#,0.123,-4.039,Major,0.0339,133.342,0.677
6cutt8thPFUICMfxaYerWd,MY FIRST STORY,Japan,3J58Z69Way85kIyUiSeVND,M.A.D,2018-10,j-rock,35.0,False,231400,0.00516,0.372,0.976,0.0,F,0.104,-2.638,Minor,0.148,170.137,0.248
3w2HqkKa6upwuXEULtGvnY,FLOW,Japan,4QtZspnPny1sXQbIrgxL7c,Flow Anime Best Kiwamiix by DJ KAZU,2015-01,anime,27.0,False,487267,0.000797,0.21,0.957,0.0,G,0.353,-4.502,Major,0.165,173.324,0.469
0MK8l3nURwwQIjafvXoJJt,ASIAN KUNG-FU GENERATION,Japan,5P0uB71RYDPo9cVhPdqHtc,My World,2004-10,j-rock,23.0,False,243333,0.00117,0.557,0.803,0.308,A,0.183,-5.874,Major,0.0311,133.027,0.672
6cutt8thPFUICMfxaYerWd,MY FIRST STORY,Japan,3oQ5Sd3C0WIU1L7nhkVqwh,ブラック・スワン,2018-07,j-rock,34.0,False,186067,0.000112,0.458,0.978,0.0,D,0.132,-2.092,Minor,0.183,92.507,0.449
4rqJz9fE9prZvQd8WsQv6q,THE ORAL CIGARETTES,Japan,5Hm5PH9jfMxxjM6Ydo6itr,Get Back,2015-04,j-rock,27.0,False,215773,3.69e-05,0.466,0.977,1.21e-05,F,0.323,-2.193,Minor,0.0682,96.044,0.559
0bAsR2unSRpn6BQPEnNlZm,Aimer,Japan,4DZmrlN1EGm5j10dVWxKII,Believe Be Leave,2015-07,anime,32.0,False,322573,0.0191,0.639,0.788,0.0,G,0.142,-6.046,Major,0.0265,124.985,0.225
3w2HqkKa6upwuXEULtGvnY,FLOW,Japan,5DX4SgJeknjNRmM9AwrMJQ,Neiro,2018-08,anime,26.0,False,278947,0.0288,0.66,0.905,0.0,D,0.275,-3.238,Major,0.0425,120.029,0.729
3PWp9R5HvbQgxI5KBx5kVd,KANA-BOON,Japan,4sYZeA5WJoGID7avhfJg48,Worry Hero,2013-10,anime,27.0,False,220311,0.00491,0.394,0.944,0.0,A,0.0283,-2.907,Major,0.0776,164.978,0.442
0MK8l3nURwwQIjafvXoJJt,ASIAN KUNG-FU GENERATION,Japan,0eFu5LSpOos1TnGhaojEWX,Waltz in Codebook,2006-03,j-rock,24.0,False,265787,0.00176,0.589,0.943,0.251,A,0.0607,-5.18,Major,0.0348,100.396,0.618
4rqJz9fE9prZvQd8WsQv6q,THE ORAL CIGARETTES,Japan,3B9erMvGWwkKsXZYYW3yKO,See the lights,2014-07,j-rock,25.0,False,222387,0.0139,0.515,0.991,0.0,B,0.15,-0.634,Minor,0.226,150.013,0.492
0blbVefuxOGltDBa00dspv,LiSA,Japan,0937IXTgnS6Uoz7YQF2KT1,Antihero,2015-03,anime,21.0,False,202307,0.0237,0.612,0.976,0.0,D,0.0302,-3.557,Minor,0.276,101.49,0.378
0blbVefuxOGltDBa00dspv,LiSA,Japan,0d9A17LiAJra5hI1ocJuHV,Fragile Vampire,2015-03,anime,21.0,False,240787,0.0041,0.442,0.981,1.02e-06,G,0.336,-2.415,Major,0.276,186.234,0.554
0bAsR2unSRpn6BQPEnNlZm,Aimer,Japan,0pIVa690V9iumchZQUS7S8,My Sweetest One,2014-12,anime,30.0,False,279640,0.493,0.543,0.764,0.0,G#,0.0788,-3.952,Major,0.0417,169.957,0.755
3w2HqkKa6upwuXEULtGvnY,FLOW,Japan,4vtTmdXbuCc17rfY1GCNmc,Dark Shadow (feat. TeddyLoid),2016-02,anime,26.0,False,220360,0.0003,0.402,0.902,0.0,G#,0.266,-5.232,Major,0.0662,186.106,0.788
3PWp9R5HvbQgxI5KBx5kVd,KANA-BOON,Japan,4sFIht1rj3xHYMNVL5VHZI,Anger in the Mind,2016-02,anime,26.0,False,241320,0.00217,0.391,0.944,0.00479,F,0.336,-2.798,Minor,0.0468,169.949,0.628
0blbVefuxOGltDBa00dspv,LiSA,Japan,0KroqbXXwZMZnwA2dWEQeQ,Rock Mode,2012-02,anime,28.0,False,256493,0.000535,0.564,0.937,0.0667,C#,0.122,-3.153,Major,0.0585,180.114,0.961
3PWp9R5HvbQgxI5KBx5kVd,KANA-BOON,Japan,3GscYvKLgD1Q8NfsoBBhU0,Steam,2018-12,anime,26.0,False,345640,0.0042,0.548,0.697,0.00142,F#,0.261,-5.399,Major,0.032,126.973,0.524
24b231EnCM3BkpiuWs5VBE,SID,Japan,0sIm3T9kShSq0AcY8gUMte,Enamel - Anime Version,2015-04,anime,28.0,False,93307,0.00194,0.561,0.918,0.0,F,0.344,-4.59,Minor,0.0676,112.06,0.528
0bAsR2unSRpn6BQPEnNlZm,Aimer,Japan,6jYhnMQdDcMDqyGTYU4U7M,i-mage <in/AR>,2019-04,anime,33.0,False,349520,0.0733,0.552,0.883,0.0,F#,0.0629,-4.505,Major,0.048,106.023,0.373
0MK8l3nURwwQIjafvXoJJt,ASIAN KUNG-FU GENERATION,Japan,0XWohov7QX2jWtyELRpUZ4,Clicking My Heels to Love,2018-03,j-rock,25.0,False,265840,0.0204,0.415,0.8,3.94e-05,C,0.0995,-4.518,Major,0.0355,152.904,0.396
0bAsR2unSRpn6BQPEnNlZm,Aimer,Japan,2NMBRQiJSTuiLBCwHVTlnq,Spica,2016-05,anime,31.0,False,308413,0.00739,0.597,0.758,0.0,G#,0.0409,-3.717,Major,0.0315,114.94,0.779
6cutt8thPFUICMfxaYerWd,MY FIRST STORY,Japan,5RlrAVmBJWKzPUCwatuSrB,The Puzzle,2016-06,j-rock,31.0,False,233600,0.000494,0.465,0.981,0.0,B,0.188,-3.398,Major,0.1,95.036,0.352
6cutt8thPFUICMfxaYerWd,MY FIRST STORY,Japan,0FAsxRVa5m7ZkTffBfPOeP,Smash Out!!,2016-06,j-rock,32.0,False,184867,2.26e-05,0.342,0.987,0.0,A#,0.344,-3.081,Minor,0.147,194.902,0.318
6cutt8thPFUICMfxaYerWd,MY FIRST STORY,Japan,19FY4Eu9kSlpPNimWyPyKC,マボロシサスペンス,2018-10,j-rock,34.0,False,227600,9.38e-05,0.466,0.966,0.0,D#,0.367,-2.701,Minor,0.0672,130.014,0.393
6cutt8thPFUICMfxaYerWd,MY FIRST STORY,Japan,1GkjM3YFmgiE23gyezCySh,Second Limit,2012-04,j-rock,33.0,False,246053,0.00071,0.492,0.959,1.01e-05,E,0.169,-2.301,Minor,0.0768,95.074,0.264
0MK8l3nURwwQIjafvXoJJt,ASIAN KUNG-FU GENERATION,Japan,0WhgRHsKlwrQb9LTdv35cy,Standard,2018-03,j-rock,26.0,False,260027,0.00317,0.361,0.967,0.0256,A,0.278,-2.78,Major,0.0626,178.966,0.499
0MK8l3nURwwQIjafvXoJJt,ASIAN KUNG-FU GENERATION,Japan,1EBmva8AUjvEQYwSuiBcWl,Fujisawa Loser,2008-11,j-rock,24.0,False,165227,0.00025,0.345,0.976,2.83e-05,E,0.293,-2.63,Major,0.0614,163.253,0.46
0MK8l3nURwwQIjafvXoJJt,ASIAN KUNG-FU GENERATION,Japan,23ssi8eWIyXsWnoK7GIUij,Magic Disc,2010-06,j-rock,24.0,False,276867,0.000297,0.399,0.958,0.00101,G,0.406,-3.659,Major,0.0616,91.482,0.403
6cutt8thPFUICMfxaYerWd,MY FIRST STORY,Japan,5nPCeUotzsVmdHlAk4zdlj,Love Letter,2018-03,j-rock,35.0,False,290733,0.731,0.51,0.661,0.0,D#,0.0999,-5.118,Major,0.0387,91.932,0.44
3w2HqkKa6upwuXEULtGvnY,FLOW,Japan,47onJgCEmx8IeVfgF1MYW0,Oblivion (feat. Hisashi),2016-02,anime,26.0,False,250067,0.000339,0.572,0.963,0.0,D,0.451,-3.151,Minor,0.0829,106.008,0.498
3PWp9R5HvbQgxI5KBx5kVd,KANA-BOON,Japan,46khJGOY77cTTVvM9vp3Uu,Terminal,2015-01,anime,26.0,False,212227,0.0018,0.521,0.842,0.000304,D,0.356,-3.898,Major,0.0361,90.944,0.479
0bAsR2unSRpn6BQPEnNlZm,Aimer,Japan,4LpljuC5oSjI6K8QEMmVKE,Falling Alone,2016-01,anime,30.0,False,253307,0.00229,0.567,0.802,7.11e-06,F#,0.105,-4.715,Minor,0.0409,120.018,0.139
0bAsR2unSRpn6BQPEnNlZm,Aimer,Japan,3aPzupnegqyUuDoF2Fzihl,Closer,2016-01,anime,30.0,False,212680,0.00335,0.419,0.931,0.0,C#,0.0383,-2.771,Minor,0.0786,180.087,0.308
0MK8l3nURwwQIjafvXoJJt,ASIAN KUNG-FU GENERATION,Japan,25x9Fvh2FlVXCmR8yoXtbh,Kaigan Dori - 2016 Rerecorded,2018-03,j-rock,24.0,False,301587,0.000209,0.411,0.855,0.0031,A,0.104,-4.088,Major,0.0435,86.108,0.532
0bAsR2unSRpn6BQPEnNlZm,Aimer,Japan,6Eg08JDFpNfoT0x4mu71tD,Am03:00,2014-06,anime,30.0,False,358653,0.0222,0.626,0.717,1.53e-06,A#,0.113,-7.232,Minor,0.0287,91.007,0.773
0MK8l3nURwwQIjafvXoJJt,ASIAN KUNG-FU GENERATION,Japan,113wjtP7V2xJYmsMS1spBY,To Your Town - 2016 Rerecorded,2016-12,j-rock,25.0,False,220400,0.00948,0.53,0.917,1.86e-05,C#,0.0438,-3.6,Major,0.0456,153.013,0.457
3w2HqkKa6upwuXEULtGvnY,FLOW,Japan,27JTBUClBh0ACAHoAWYBe8,Bravelue,2004-01,anime,25.0,False,246027,0.035,0.513,0.936,0.0,C,0.108,-3.417,Minor,0.0643,131.042,0.524
0MK8l3nURwwQIjafvXoJJt,ASIAN KUNG-FU GENERATION,Japan,1DeqBaiDdHhTwuyDNxxjCi,Mayonaka To Mahiru No Yume,2004-10,j-rock,22.0,False,260827,0.131,0.571,0.785,0.0244,G,0.0947,-7.216,Major,0.0355,133.023,0.335
0blbVefuxOGltDBa00dspv,LiSA,Japan,5GfZabwEaxAu8d8inQZ1LY,Bokunokotobade,2013-10,anime,24.0,False,258000,0.457,0.573,0.738,0.0,F#,0.168,-4.077,Major,0.0339,81.957,0.621
6cutt8thPFUICMfxaYerWd,MY FIRST STORY,Japan,0LjM63phUQIxcyXxbBv0jc,君のいない夜を越えて,2017-12,j-rock,35.0,False,245667,0.00508,0.356,0.952,0.0,G#,0.158,-2.743,Major,0.257,184.986,0.449
0MK8l3nURwwQIjafvXoJJt,ASIAN KUNG-FU GENERATION,Japan,68OIlRXyUUEGrbB6Zg7eRo,Rainbow Flag,2018-12,j-rock,25.0,False,220347,0.000971,0.385,0.641,2.77e-06,D,0.1,-5.62,Major,0.0337,130.875,0.63
0MK8l3nURwwQIjafvXoJJt,ASIAN KUNG-FU GENERATION,Japan,2fzGnZ4NOBpNExasEvtNd9,"In the Spring, When the Anemone Bloom",2018-03,j-rock,24.0,False,301280,0.00358,0.542,0.685,0.000111,E,0.0864,-3.821,Major,0.0299,90.968,0.277
0MK8l3nURwwQIjafvXoJJt,ASIAN KUNG-FU GENERATION,Japan,0PQPhdayhgwt6mSmTyxzKe,A New World,2008-03,j-rock,23.0,False,197800,0.000228,0.294,0.957,0.0,E,0.262,-3.492,Major,0.0769,181.035,0.45
4rqJz9fE9prZvQd8WsQv6q,THE ORAL CIGARETTES,Japan,07puO0dcOh32cdkr7iu9C4,Miss Tail,2016-11,j-rock,25.0,False,199919,0.00019,0.39,0.974,0.0121,E,0.0689,-3.061,Minor,0.118,180.047,0.332
0MK8l3nURwwQIjafvXoJJt,ASIAN KUNG-FU GENERATION,Japan,3v5PMsmTygnuEHSP16rAVy,N.G.S,2003-11,j-rock,21.0,False,174000,6.98e-05,0.418,0.675,0.0538,A,0.124,-7.018,Minor,0.0344,155.019,0.676
0blbVefuxOGltDBa00dspv,LiSA,Japan,2tN7v3ZUABNdoE5AEmhdiT,Loser: Kiboutomirainimuennocatharsis,2017-01,anime,28.0,False,213653,0.0025,0.447,0.993,0.00361,F,0.331,-2.51,Minor,0.11,109.977,0.322
0bAsR2unSRpn6BQPEnNlZm,Aimer,Japan,1iQRMwixyxrZoHIundWgbn,Stand By You,2019-04,anime,32.0,False,252813,0.0319,0.207,0.914,0.0,C#,0.217,-3.258,Major,0.112,164.709,0.404
3PWp9R5HvbQgxI5KBx5kVd,KANA-BOON,Japan,1k4PnIX7JyoisEfVz3mJ01,1.2. Step to You,2013-10,anime,25.0,False,244924,0.000801,0.476,0.872,0.000142,A,0.36,-3.221,Major,0.0797,169.941,0.817
3w2HqkKa6upwuXEULtGvnY,FLOW,Japan,2dUZFnmqSae6oEmn55VnGA,Himitsuno Sakusen,2017-06,anime,24.0,False,227227,5.19e-05,0.517,0.978,0.000304,C,0.103,-4.335,Major,0.096,155.96,0.45
24b231EnCM3BkpiuWs5VBE,SID,Japan,31axenqkfgR8lDDqH65lPz,Alibi,2005-11,anime,27.0,False,244440,0.164,0.587,0.889,3.26e-06,B,0.325,-3.862,Minor,0.0452,145.983,0.943
0blbVefuxOGltDBa00dspv,LiSA,Japan,1JequBkvE9ZoCAsboI7m9d,Merry Hurry Berry,2017-02,anime,24.0,False,237293,0.0274,0.46,0.99,0.000514,A,0.286,-1.906,Major,0.0938,173.056,0.686
0blbVefuxOGltDBa00dspv,LiSA,Japan,6KTgVTJlfO3Shpc4wCI971,Psychedelic Drive,2016-04,anime,24.0,False,250893,0.0182,0.528,0.997,3.63e-06,F,0.354,-2.098,Minor,0.171,138.99,0.32
0MK8l3nURwwQIjafvXoJJt,ASIAN KUNG-FU GENERATION,Japan,6LPtlmTuAjeCYcJB4AELMV,Yoru No Mukou,2004-10,j-rock,21.0,False,192840,0.000112,0.541,0.939,0.123,D,0.115,-4.275,Major,0.0488,115.028,0.561
4rqJz9fE9prZvQd8WsQv6q,THE ORAL CIGARETTES,Japan,33W4RqHtwdjFMOXQ4rNlqI,Futoumei Na Yukigesyou,2017-02,j-rock,25.0,False,344618,0.00425,0.461,0.7,2.93e-06,G,0.343,-5.953,Major,0.0273,101.947,0.399
0blbVefuxOGltDBa00dspv,LiSA,Japan,3Z2UkH6vhqA3T3jDNRem0l,Today,2017-01,anime,27.0,False,315493,0.0181,0.498,0.923,0.0,G#,0.327,-4.254,Major,0.0431,93.96,0.288
0blbVefuxOGltDBa00dspv,LiSA,Japan,1Ei3RhfwR6WbZoejW8tHVM,Sailor Spark Operation!,2017-08,anime,25.0,False,238107,0.0138,0.476,0.988,0.0,F,0.346,-1.977,Major,0.136,164.937,0.654
00DuPiLri3mNomvvM3nZvU,Ling tosite sigure,Japan,7vtivL1unvV8upF8UcydX3,Metamorphose,2013-04,j-rock,24.0,False,206987,4.68e-06,0.256,0.892,0.874,C,0.0691,-3.409,Minor,0.0489,94.557,0.391
3w2HqkKa6upwuXEULtGvnY,FLOW,Japan,2bWx0BN6uFeWuMoKCWG4dz,Aiaiai Ni Utarete Bye Bye Bye,2004-01,anime,23.0,False,251920,0.00283,0.377,0.943,0.0,F#,0.353,-3.275,Minor,0.083,193.053,0.65
6cutt8thPFUICMfxaYerWd,MY FIRST STORY,Japan,3iG4Q54IU4KNgJwMXvvWH9,CHiLD -error-,2014-10,j-rock,33.0,False,276333,0.003,0.552,0.934,0.0,F#,0.108,-5.059,Minor,0.0918,130.054,0.08
3PWp9R5HvbQgxI5KBx5kVd,KANA-BOON,Japan,28bmkr2URXrWGSbpYXGcgP,Kessyousei,2015-01,anime,25.0,False,312013,0.0211,0.613,0.879,0.000225,A,0.0385,-3.284,Major,0.036,134.981,0.823
3PzqP5IkpLhlSdZLh7jwPn,WagakkiBand,Japan,54UBC79U4e6a0tudV8eHHI,「儚くも美しいのは」,2018-04,j-rock,29.0,False,228667,0.0038,0.491,0.966,0.0,E,0.452,-2.734,Minor,0.16,155.023,0.597
00DuPiLri3mNomvvM3nZvU,Ling tosite sigure,Japan,5aMq6fbTnkNOPudPcoWszU,Hakai Yono Yume,2009-05,j-rock,26.0,False,276893,0.000569,0.294,0.79,0.035,G#,0.386,-3.961,Major,0.0743,130.112,0.172
0blbVefuxOGltDBa00dspv,LiSA,Japan,1U4mpHXHYiJbihDrYF6kOk,Little Devil Parade,2018-05,anime,27.0,False,282960,0.0202,0.254,0.993,0.000261,F,0.13,-2.98,Major,0.471,168.824,0.0443
00DuPiLri3mNomvvM3nZvU,Ling tosite sigure,Japan,0lazcPhe9XJtAyDh2VP7eA,Abnormalize - Remixed by Masayuki Nakano(BOOM BOOM SATELLITES),2019-04,j-rock,27.0,False,195467,0.00348,0.383,0.941,2.25e-06,D,0.252,-4.485,Minor,0.199,161.082,0.202
00DuPiLri3mNomvvM3nZvU,Ling tosite sigure,Japan,5VPLpcaUwh9H0XSwkpSbbY,Sitai miss me,2013-04,j-rock,23.0,False,240853,5.53e-05,0.431,0.922,0.0052,A#,0.0943,-3.312,Minor,0.0969,95.064,0.229
3PWp9R5HvbQgxI5KBx5kVd,KANA-BOON,Japan,0KeU1xIbnGvo3yqTI5RiME,Parade,2015-01,anime,26.0,False,265720,0.00195,0.421,0.817,2.75e-05,A,0.0314,-2.786,Major,0.0454,137.014,0.327
0MK8l3nURwwQIjafvXoJJt,ASIAN KUNG-FU GENERATION,Japan,6HFil31Q9umxSB0Pi2Itdg,24Ji - 2016 Rerecorded,2016-12,j-rock,23.0,False,214027,3.61e-05,0.42,0.935,0.121,A#,0.0654,-3.63,Major,0.0429,161.083,0.682
4rqJz9fE9prZvQd8WsQv6q,THE ORAL CIGARETTES,Japan,4zK01XCMns3oelfyRcME7o,LOVE,2017-02,j-rock,25.0,False,282102,0.000363,0.549,0.921,2.6e-05,B,0.0722,-4.814,Major,0.0782,137.987,0.445
0blbVefuxOGltDBa00dspv,LiSA,Japan,2KhFDfTcUQX71DzzUT391M,Cosmic Jet Coaster,2018-05,anime,27.0,False,266440,0.0126,0.566,0.963,2.43e-05,G#,0.275,-1.395,Major,0.16,130.962,0.732
4rqJz9fE9prZvQd8WsQv6q,THE ORAL CIGARETTES,Japan,1VKd0k131VtLYuNtHRnhHO,Kirai,2014-10,j-rock,25.0,False,227093,0.000552,0.573,0.868,0.0,A,0.372,-3.105,Major,0.0447,130.513,0.612
0MK8l3nURwwQIjafvXoJJt,ASIAN KUNG-FU GENERATION,Japan,5Ow8P9OnQlxdJQ47Vx2RhU,Dancing Girl,2018-12,j-rock,24.0,False,189453,0.000935,0.474,0.79,1.69e-05,F#,0.226,-5.492,Major,0.0414,132.993,0.497
0bAsR2unSRpn6BQPEnNlZm,Aimer,Japan,3JOlWaisJ5udkCOdHJan66,Mabayuibakari,2019-04,anime,31.0,False,250053,0.0022,0.429,0.726,4.08e-06,F#,0.192,-4.057,Major,0.0337,85.035,0.21
00DuPiLri3mNomvvM3nZvU,Ling tosite sigure,Japan,2nNdPt3dJAWOkkS82eiSlY,Neighbormind,2019-06,j-rock,27.0,False,243067,1.67e-05,0.346,0.983,0.547,D#,0.125,-3.494,Minor,0.147,143.973,0.218
0bAsR2unSRpn6BQPEnNlZm,Aimer,Japan,3hgWEKhniMBlVdGV0yOu3N,Kowairo,2016-01,anime,29.0,False,297453,0.306,0.407,0.443,0.0,D,0.0373,-6.298,Minor,0.0317,73.768,0.517
00DuPiLri3mNomvvM3nZvU,Ling tosite sigure,Japan,1P1mhYegu7cnXphz3QQZdB,am 3:45,2007-01,j-rock,26.0,False,392333,0.417,0.279,0.611,0.29,A#,0.117,-6.07,Minor,0.0506,145.396,0.148
0blbVefuxOGltDBa00dspv,LiSA,Japan,7cGGlf2DMfjpWkXlqELp0W,Will Mushoku Toumei,2018-05,anime,26.0,False,272760,0.00439,0.345,0.939,0.000995,C#,0.0978,-1.76,Major,0.0466,179.794,0.456
0bAsR2unSRpn6BQPEnNlZm,Aimer,Japan,7tV3fI99dJKjr8AmPJx99w,Higher Ground,2016-01,anime,30.0,False,314187,0.113,0.473,0.739,0.0,G#,0.0949,-5.387,Major,0.0266,143.972,0.341
6cutt8thPFUICMfxaYerWd,MY FIRST STORY,Japan,1MyPmP0hrcEiH5BwTNExRc,Tomorrowland,2018-03,j-rock,33.0,False,234133,0.00042,0.424,0.993,0.0,E,0.387,-2.726,Minor,0.247,141.083,0.213
4rqJz9fE9prZvQd8WsQv6q,THE ORAL CIGARETTES,Japan,32HyL0te0UvVE8rCtRV46m,Halloween No Yoin,2014-10,j-rock,24.0,False,244320,8.85e-05,0.528,0.964,0.000736,A,0.328,-3.998,Minor,0.101,145.836,0.554
4rqJz9fE9prZvQd8WsQv6q,THE ORAL CIGARETTES,Japan,36ljTeKKq3I8yQQGZeVv89,Daimaou Sanjyo,2014-10,j-rock,24.0,False,207040,0.0014,0.594,0.947,0.0,D,0.407,-2.607,Minor,0.0416,138.003,0.504
0blbVefuxOGltDBa00dspv,LiSA,Japan,4gK0Ojh2YVLuordouT0NK5,Believe in Myself,2018-05,anime,27.0,False,275173,0.0213,0.431,0.83,0.0,A,0.15,-3.135,Major,0.0539,169.868,0.548
0blbVefuxOGltDBa00dspv,LiSA,Japan,4LbD0xhFmw22kqlGUQkG65,Ookamito Misanga,2017-01,anime,27.0,False,264920,0.296,0.595,0.668,0.0,B,0.119,-5.597,Major,0.0256,136.012,0.689
3PzqP5IkpLhlSdZLh7jwPn,WagakkiBand,Japan,23qMuv5okxrovw89FInbqj,Tengaku,2014-04,j-rock,26.0,False,307200,0.135,0.543,0.966,3.34e-05,A,0.132,-1.687,Minor,0.121,115.973,0.363
0MK8l3nURwwQIjafvXoJJt,ASIAN KUNG-FU GENERATION,Japan,137gjZOWZG2gcfE63wpvm3,Circus,2018-12,j-rock,24.0,False,277107,0.00178,0.46,0.5,1.19e-06,G,0.107,-5.972,Major,0.0336,79.885,0.346
0MK8l3nURwwQIjafvXoJJt,ASIAN KUNG-FU GENERATION,Japan,0qVdP3kNxK2ujgl8TeRHT9,Easter,2015-05,j-rock,23.0,False,180000,0.0443,0.279,0.953,0.000189,A,0.185,-1.572,Minor,0.0827,193.366,0.513
3PzqP5IkpLhlSdZLh7jwPn,WagakkiBand,Japan,1pkaABwiCDfb8jmSnanJs6,虹色蝶々,2014-04,j-rock,30.0,False,300253,0.126,0.587,0.708,9.19e-05,D,0.353,-5.535,Minor,0.027,95.001,0.652
3w2HqkKa6upwuXEULtGvnY,FLOW,Japan,0WXb6fBOqbr3GoRKhAz4us,Howling - Instrumental,2018-01,anime,26.0,False,260333,4.23e-06,0.488,0.909,0.85,A#,0.0919,-3.377,Minor,0.0373,99.992,0.523
3w2HqkKa6upwuXEULtGvnY,FLOW,Japan,6u9sFuXpPFZqtClamXLdm8,Steppin' Out,2004-01,anime,22.0,False,254240,0.00267,0.592,0.972,0.0,F,0.238,-3.06,Minor,0.0448,140.054,0.739
4rqJz9fE9prZvQd8WsQv6q,THE ORAL CIGARETTES,Japan,0NZelb9SFjBLrkcn2RXYDl,Remake Sense,2014-10,j-rock,24.0,False,203227,0.0156,0.697,0.775,0.0,B,0.197,-4.563,Minor,0.0345,93.01,0.739
3PzqP5IkpLhlSdZLh7jwPn,WagakkiBand,Japan,2dCWH6ogCiQkHPhBmZv9L3,蛍火,2017-03,j-rock,28.0,False,269800,0.000445,0.426,0.912,0.000208,F,0.0924,-3.994,Major,0.0622,170.202,0.823
4rqJz9fE9prZvQd8WsQv6q,THE ORAL CIGARETTES,Japan,3kf1MoF0iaqBUZVEh3RF6M,Deai Machi,2014-07,j-rock,23.0,False,198867,0.000482,0.393,0.937,0.0,C#,0.418,-1.915,Major,0.0896,192.097,0.547
3PWp9R5HvbQgxI5KBx5kVd,KANA-BOON,Japan,6zglxl9hx2StL2n6zGfnoT,Open World,2016-02,anime,24.0,False,215920,0.0242,0.408,0.964,0.00692,A,0.212,-1.914,Major,0.0557,87.458,0.406
0MK8l3nURwwQIjafvXoJJt,ASIAN KUNG-FU GENERATION,Japan,4O8a6RqH4Zf6lDiJqjaygw,Wonder Future,2015-05,j-rock,22.0,False,254200,0.00607,0.518,0.928,0.202,B,0.209,-3.518,Major,0.0381,133.222,0.369
0MK8l3nURwwQIjafvXoJJt,ASIAN KUNG-FU GENERATION,Japan,7zqeytQJT4bXnl5IJ9LUCG,Flash Back,2003-11,j-rock,22.0,False,118400,1.36e-05,0.284,0.89,0.000108,B,0.0632,-5.302,Minor,0.0831,184.083,0.535
0MK8l3nURwwQIjafvXoJJt,ASIAN KUNG-FU GENERATION,Japan,1nmY9DhlyQL2SXA9d2ERjj,Last Scene - 2016 Rerecorded,2016-12,j-rock,22.0,False,235773,0.00737,0.578,0.686,0.00147,F#,0.0777,-5.107,Major,0.0283,128.981,0.514
3PzqP5IkpLhlSdZLh7jwPn,WagakkiBand,Japan,6X6qsmKcsMk2VAMT2BS5Yy,義風乱舞,2018-11,j-rock,27.0,False,230700,0.00139,0.594,0.951,0.00327,F,0.361,-2.968,Minor,0.0594,123.97,0.684
4rqJz9fE9prZvQd8WsQv6q,THE ORAL CIGARETTES,Japan,6dNWj2RM7qkQpynj8bIATs,Jidou Hanbaiki No Otoko,2014-10,j-rock,24.0,False,228680,0.00101,0.285,0.92,0.0,B,0.275,-3.128,Minor,0.0868,96.019,0.701
0MK8l3nURwwQIjafvXoJJt,ASIAN KUNG-FU GENERATION,Japan,7MLz59avVW7Tp1tRjNO9OA,My World - 2016 Rerecorded,2016-12,j-rock,22.0,False,243773,0.0101,0.582,0.817,0.0132,A,0.111,-4.871,Major,0.03,132.956,0.418
6cutt8thPFUICMfxaYerWd,MY FIRST STORY,Japan,0CPiMwANL0wtpguu5JNGAe,The Pazzle,2018-03,j-rock,32.0,False,286600,0.0568,0.369,0.982,0.0,G#,0.0589,-2.962,Minor,0.233,95.026,0.0857
24b231EnCM3BkpiuWs5VBE,SID,Japan,1jJryrr3QmP2H1YAiSel7s,ANNIVERSARY,2018-04,anime,26.0,False,250320,0.000449,0.364,0.91,0.0567,C,0.237,-3.378,Major,0.069,165.036,0.549
3PWp9R5HvbQgxI5KBx5kVd,KANA-BOON,Japan,3BZsUXIn8A9N68EFIlshBb,"Jousha Hissui No Kotowari, Okotowari",2013-10,anime,23.0,False,243902,0.00986,0.461,0.875,1.21e-05,G#,0.0595,-2.079,Major,0.149,155.04,0.635
0bAsR2unSRpn6BQPEnNlZm,Aimer,Japan,5j5nVbVjOUVM7xdO2VWmK8,Tone,2016-07,anime,27.0,False,287867,0.244,0.487,0.52,0.0,C#,0.0915,-4.33,Minor,0.0286,71.966,0.287
0bAsR2unSRpn6BQPEnNlZm,Aimer,Japan,2XSt2jzNvTn6qMHjGK8hKH,Polaris - Haruka Nakamura Ursa Remix,2019-01,anime,30.0,False,374347,0.775,0.476,0.354,0.000154,A,0.316,-8.33,Major,0.0292,147.746,0.36
3w2HqkKa6upwuXEULtGvnY,FLOW,Japan,3iqe9QLPM3e31RzQQ5lrNQ,Atmosphere,2010-07,anime,21.0,False,279187,0.00317,0.386,0.966,0.0232,B,0.389,-4.182,Minor,0.152,98.953,0.158
3PWp9R5HvbQgxI5KBx5kVd,KANA-BOON,Japan,4JpOrivE75wyNRnHD2IkVV,Penguin,2018-12,anime,23.0,False,322613,0.0284,0.508,0.546,0.0,G,0.143,-5.618,Major,0.0284,77.999,0.669
6cutt8thPFUICMfxaYerWd,MY FIRST STORY,Japan,0KzVMAlNszLJd00MTYYKqv,Someday,2014-10,j-rock,32.0,False,274067,0.00426,0.184,0.924,0.0,F,0.118,-4.298,Major,0.318,90.062,0.273
4rqJz9fE9prZvQd8WsQv6q,THE ORAL CIGARETTES,Japan,1NAey83ZfddQk51QynNPUg,N.I.R.A,2014-07,j-rock,22.0,False,225133,0.005,0.537,0.98,2.65e-06,E,0.0762,-1.653,Minor,0.178,140.896,0.469
0MK8l3nURwwQIjafvXoJJt,ASIAN KUNG-FU GENERATION,Japan,7fmy0SZY7igUP1W4zpz8cn,Siren - 2016 Rerecorded,2016-12,j-rock,21.0,False,325147,0.000124,0.342,0.933,0.000974,D,0.0402,-4.217,Major,0.0464,89.481,0.396
0MK8l3nURwwQIjafvXoJJt,ASIAN KUNG-FU GENERATION,Japan,4uElxpKPeA5tPiv33YiAoh,Bicycle Race,2012-09,j-rock,22.0,False,257120,0.0313,0.598,0.918,1.2e-05,B,0.093,-4.988,Minor,0.0677,131.147,0.359
4rqJz9fE9prZvQd8WsQv6q,THE ORAL CIGARETTES,Japan,0WZ3x9gIxvKPDmsSCZErzY,Sesshoku,2017-09,j-rock,23.0,False,242512,0.00022,0.47,0.978,0.00111,E,0.156,-3.397,Minor,0.0915,98.039,0.27
3PzqP5IkpLhlSdZLh7jwPn,WagakkiBand,Japan,7mA0iULnV7fcAETqyAi3Fe,セツナトリップ,2014-04,j-rock,29.0,False,243493,0.0145,0.576,0.98,0.149,C#,0.163,-2.82,Major,0.0661,144.975,0.764
3PzqP5IkpLhlSdZLh7jwPn,WagakkiBand,Japan,3F4DRSsrYQEeAKRHt2Lg14,吉原ラメント,2014-04,j-rock,33.0,False,233280,0.173,0.552,0.916,0.000639,C,0.263,-2.519,Minor,0.0484,95.99,0.811
0MK8l3nURwwQIjafvXoJJt,ASIAN KUNG-FU GENERATION,Japan,4lT4UFv3gqy4YfsEl92Llm,Goodbye Soldier,2018-12,j-rock,22.0,False,263480,0.000505,0.487,0.808,0.0207,F#,0.366,-5.328,Minor,0.0389,135.039,0.488
0MK8l3nURwwQIjafvXoJJt,ASIAN KUNG-FU GENERATION,Japan,4e2uI7eYxA0J5ymsA1uwSV,Blood Circulator - Anime Size,2016-05,j-rock,23.0,False,89833,0.0238,0.347,0.965,0.0,C,0.355,-3.809,Major,0.108,182.782,0.473
0MK8l3nURwwQIjafvXoJJt,ASIAN KUNG-FU GENERATION,Japan,0linCminvgYQfU2OQRMRGr,To You. The Departing,2008-03,j-rock,20.0,False,169413,6.78e-05,0.274,0.97,0.000451,D,0.198,-3.973,Major,0.0719,139.223,0.373
3PzqP5IkpLhlSdZLh7jwPn,WagakkiBand,Japan,63x9qhu75fFDaTHYW5kgLu,いろは唄,2014-04,j-rock,29.0,False,267240,0.00331,0.44,0.962,0.42,C#,0.188,-4.347,Major,0.151,172.04,0.554
00DuPiLri3mNomvvM3nZvU,Ling tosite sigure,Japan,3nnmvUFF2zUvTnljLeYBZT,Abnormalize - Remixed by Masayuki Nakano(BOOM BOOM SATELLITES) - PSYCHO-PASS SS OP Version,2019-01,j-rock,28.0,False,91667,0.0011,0.254,0.908,0.000271,D,0.199,-5.31,Minor,0.147,157.19,0.202
0bAsR2unSRpn6BQPEnNlZm,Aimer,Japan,1HhNbn7yicuoj1wVKkKQsd,Dawn,2015-07,anime,28.0,False,309973,0.218,0.504,0.662,0.0,G,0.242,-5.907,Major,0.0309,76.014,0.322
6cutt8thPFUICMfxaYerWd,MY FIRST STORY,Japan,0NzuuN5h8jtjgcwmcbj4b4,モノクロエフェクター,2014-10,j-rock,32.0,False,199733,0.00241,0.426,0.956,0.0,G,0.289,-4.112,Minor,0.138,150.025,0.327
3w2HqkKa6upwuXEULtGvnY,FLOW,Japan,1HmATTs0PGvFr6Gn3jgbed,World End - Code Geass Opening Mix,2008-08,anime,22.0,False,89347,0.000127,0.393,0.944,0.0,C,0.348,-4.095,Major,0.0588,177.866,0.554
3w2HqkKa6upwuXEULtGvnY,FLOW,Japan,5HPPBoVTzHEUg1nTTASgm0,Oneness,2018-11,anime,23.0,False,253295,0.382,0.555,0.716,0.0,B,0.109,-5.682,Major,0.0387,90.043,0.425
0blbVefuxOGltDBa00dspv,LiSA,Japan,0XTXttYxCBVL7T88HzaDDp,Mitsu,2015-03,anime,18.0,False,216827,0.0386,0.499,0.988,3.53e-06,A,0.344,-2.547,Minor,0.152,90.532,0.488
0blbVefuxOGltDBa00dspv,LiSA,Japan,6EZZMugRfp7Io0MzCBgIOw,Kimini Piero,2015-03,anime,19.0,False,255827,0.0272,0.46,0.968,0.0,F,0.0863,-3.592,Major,0.153,176.882,0.646
0MK8l3nURwwQIjafvXoJJt,ASIAN KUNG-FU GENERATION,Japan,47EdKR3z123AU5otlR0RMa,Planet of the Apes,2018-03,j-rock,22.0,False,132907,0.000292,0.418,0.983,0.00207,A,0.33,-1.981,Minor,0.0444,96.522,0.604
0MK8l3nURwwQIjafvXoJJt,ASIAN KUNG-FU GENERATION,Japan,3qtPgOgkqpld1vfiuOTvN5,Rabbit in Backyard,2006-03,j-rock,19.0,False,167227,3.39e-05,0.485,0.957,0.839,E,0.358,-5.467,Minor,0.0301,92.358,0.646
0MK8l3nURwwQIjafvXoJJt,ASIAN KUNG-FU GENERATION,Japan,35Ju1uzjB7lE8Jn8mJFaN8,Boys & Girls - Hometown Version,2018-12,j-rock,22.0,False,280773,0.00252,0.468,0.603,1.8e-06,G,0.236,-5.111,Major,0.0302,75.045,0.409
6cutt8thPFUICMfxaYerWd,MY FIRST STORY,Japan,06ohbV2jDn2TzWbgFk2K2e,Last Kiss,2018-10,j-rock,32.0,False,294667,0.557,0.365,0.538,1.08e-06,D,0.16,-6.751,Major,0.0337,149.408,0.223
4rqJz9fE9prZvQd8WsQv6q,THE ORAL CIGARETTES,Japan,1sIF8BSx7H3EXhcxF2sQAY,Mr.Phantom,2013-08,j-rock,22.0,False,168040,0.000199,0.507,0.953,9.78e-06,B,0.0807,-2.902,Minor,0.0573,168.013,0.814
0blbVefuxOGltDBa00dspv,LiSA,Japan,1hml17fN1j6KzMBozWbpoy,Bad Sweet Trap,2015-03,anime,18.0,False,229147,0.00711,0.585,0.991,2.47e-06,F,0.11,-2.817,Minor,0.117,96.038,0.58
6cutt8thPFUICMfxaYerWd,MY FIRST STORY,Japan,4inxbinGBe0quHygAxlDNd,絶体絶命,2018-10,j-rock,32.0,False,247867,8.29e-05,0.177,0.987,3.53e-05,F#,0.0842,-3.269,Major,0.48,169.813,0.236
6cutt8thPFUICMfxaYerWd,MY FIRST STORY,Japan,1zsv3SI1GqYvrj7zhva1tK,2 FACE,2018-10,j-rock,31.0,False,237533,0.000306,0.488,0.992,0.0,G,0.176,-2.811,Minor,0.179,102.491,0.235
3PzqP5IkpLhlSdZLh7jwPn,WagakkiBand,Japan,2ivqJWdm5K9OXzsD2gVUpT,シンクロニシティ,2017-11,j-rock,27.0,False,234267,0.0174,0.67,0.933,0.000217,A#,0.0297,-3.983,Major,0.0978,119.959,0.473
3w2HqkKa6upwuXEULtGvnY,FLOW,Japan,3UgQfa8qIzFztwtGUPxBxf,World Symphony,2016-02,anime,22.0,False,205747,0.00126,0.533,0.923,0.0,D,0.278,-4.972,Major,0.0396,135.995,0.455
6cutt8thPFUICMfxaYerWd,MY FIRST STORY,Japan,5jGlXtLHEhMrQXIDnjz98Y,One Step,2018-10,j-rock,32.0,False,254267,0.000141,0.442,0.958,0.0,F,0.102,-2.908,Major,0.0641,139.998,0.555
4rqJz9fE9prZvQd8WsQv6q,THE ORAL CIGARETTES,Japan,4lS0ZvOqOuSGzpiVV8zo1O,Flower,2017-09,j-rock,23.0,False,265216,0.000391,0.506,0.962,2.6e-06,C,0.192,-3.656,Major,0.0736,95.994,0.513
6cutt8thPFUICMfxaYerWd,MY FIRST STORY,Japan,7xhmLKPZ5VhqEGXv9w8iOd,Last Call,2016-06,j-rock,30.0,False,228533,0.00014,0.374,0.988,0.0,G#,0.0834,-3.347,Minor,0.128,100.169,0.134
0blbVefuxOGltDBa00dspv,LiSA,Japan,23cG53GcpnkMZETqwmOEg5,Believe in Ourselves,2018-05,anime,25.0,False,287920,0.0138,0.452,0.985,0.000953,G#,0.101,-1.578,Major,0.224,177.924,0.357
0bAsR2unSRpn6BQPEnNlZm,Aimer,Japan,5CUdMwQzTXzjhPW8Dl58u7,Noir Noir,2015-07,anime,26.0,False,243107,0.000931,0.467,0.758,0.0,A#,0.156,-6.163,Major,0.0277,93.981,0.466
0MK8l3nURwwQIjafvXoJJt,ASIAN KUNG-FU GENERATION,Japan,6ysTYuywsBb2ehgEP55OZn,Yellow,2018-12,j-rock,20.0,False,177893,0.000163,0.507,0.864,0.0,F,0.104,-5.111,Minor,0.0298,92.537,0.422
3w2HqkKa6upwuXEULtGvnY,FLOW,Japan,1W7E4hfiPXebKGsDBnvqy5,Realize,2004-01,anime,21.0,False,214893,0.00344,0.355,0.833,0.0,A,0.26,-5.013,Minor,0.0484,181.86,0.667
0MK8l3nURwwQIjafvXoJJt,ASIAN KUNG-FU GENERATION,Japan,02PeZHA7s43526t31mHoS9,Mayonaka To Mahiru No Yume - 2016 Rerecorded,2016-12,j-rock,20.0,False,266267,0.0141,0.582,0.83,0.00982,G,0.0802,-5.793,Major,0.0362,132.976,0.342
0blbVefuxOGltDBa00dspv,LiSA,Japan,4OX9CNkWDSTp8EOWmaxNgA,Hi Five!,2018-05,anime,25.0,False,274227,0.0322,0.467,0.989,1.72e-06,F#,0.104,-1.699,Major,0.0912,177.915,0.569
00DuPiLri3mNomvvM3nZvU,Ling tosite sigure,Japan,2DpibP2sr4C7YuU7kBIEE4,make up syndrome - album mix,2013-04,j-rock,20.0,False,242987,5.12e-05,0.327,0.955,0.0223,G#,0.295,-3.758,Minor,0.0704,82.639,0.262
0blbVefuxOGltDBa00dspv,LiSA,Japan,4IuKV38XWj3Q4uHSj1RK7v,Hitoriwaratte,2013-10,anime,19.0,False,163933,0.138,0.556,0.959,0.0,G,0.0984,-2.903,Minor,0.258,87.942,0.575
4rqJz9fE9prZvQd8WsQv6q,THE ORAL CIGARETTES,Japan,4D7WOzSR1TuFIrdiKunW9o,Odorikuruu Ningyo,2015-04,j-rock,21.0,False,221133,0.000205,0.504,0.921,3.63e-05,A,0.318,-2.946,Minor,0.0584,138.044,0.334
3w2HqkKa6upwuXEULtGvnY,FLOW,Japan,2XCZhrAnxEl4PNaTWpJzHC,Union,2010-07,anime,21.0,False,271920,0.000597,0.61,0.862,0.00253,A#,0.0928,-5.043,Minor,0.0393,121.963,0.718
00DuPiLri3mNomvvM3nZvU,Ling tosite sigure,Japan,4Uj10BPxKAurqULUGDvM24,DISCO FLIGHT,2007-01,j-rock,23.0,False,269120,0.00212,0.299,0.877,1.22e-05,F,0.0267,-2.024,Minor,0.0851,132.87,0.502
3PWp9R5HvbQgxI5KBx5kVd,KANA-BOON,Japan,390Q5g7wDjb3Dvst3fObhJ,Ikiteyuku,2015-01,anime,23.0,False,264507,7.49e-05,0.462,0.884,0.00203,G,0.307,-3.093,Major,0.0383,140.002,0.518
24b231EnCM3BkpiuWs5VBE,SID,Japan,3HgFbIMoiOWOqx6UsGeU4A,Garasuno Hitomi,2018-04,anime,25.0,False,240933,0.02,0.39,0.941,3.96e-06,A#,0.0861,-3.601,Major,0.0674,180.149,0.66
3PWp9R5HvbQgxI5KBx5kVd,KANA-BOON,Japan,1gwfWGm0NYMQaP9SX8ovLf,Klaxon,2015-01,anime,22.0,False,223733,0.000548,0.388,0.949,0.000142,D,0.114,-2.928,Minor,0.0556,72.567,0.525
4rqJz9fE9prZvQd8WsQv6q,THE ORAL CIGARETTES,Japan,6Q651DdCmgyuM9SS7qdSFw,Boku Wa Yume Wo Miru,2014-10,j-rock,22.0,False,264973,0.00036,0.635,0.849,6.16e-05,A,0.0169,-3.659,Major,0.0278,128.058,0.734
4rqJz9fE9prZvQd8WsQv6q,THE ORAL CIGARETTES,Japan,1NyvOU3IE0jO6WLeEMtU9D,Toumei Na Amayadori,2014-10,j-rock,22.0,False,336507,0.000505,0.544,0.703,0.000689,B,0.375,-4.072,Major,0.0328,104.949,0.28
3PzqP5IkpLhlSdZLh7jwPn,WagakkiBand,Japan,3f0Y9poGJht3mADMGYkE11,Perfect Blue,2015-09,j-rock,27.0,False,291733,0.0014,0.505,0.98,0.0,A,0.772,-2.509,Major,0.143,99.991,0.541
0MK8l3nURwwQIjafvXoJJt,ASIAN KUNG-FU GENERATION,Japan,1I9vgLuCLy3TEoWfldxG0K,Night Diving,2008-03,j-rock,19.0,False,181600,0.000261,0.574,0.837,0.0411,B,0.115,-4.102,Major,0.0389,141.338,0.926
3PWp9R5HvbQgxI5KBx5kVd,KANA-BOON,Japan,1HjLVb9EzkOLRHF0qwrWur,Squall Squall,2015-01,anime,22.0,False,253760,0.000158,0.472,0.807,1.73e-06,E,0.289,-2.858,Minor,0.0486,104.905,0.447
0MK8l3nURwwQIjafvXoJJt,ASIAN KUNG-FU GENERATION,Japan,4CSm3ROnEN6sywUQqDUxmo,Neoteny,2008-03,j-rock,19.0,False,283107,9.94e-06,0.455,0.956,0.0232,D,0.0597,-4.17,Major,0.045,137.008,0.592
3PWp9R5HvbQgxI5KBx5kVd,KANA-BOON,Japan,6Z0asTihETrB2ah2vBSgHO,Run and Run,2016-02,anime,22.0,False,300280,0.0106,0.416,0.929,2.61e-05,G,0.319,-2.592,Major,0.0444,95.063,0.477
3PWp9R5HvbQgxI5KBx5kVd,KANA-BOON,Japan,0Dzh7n2oTfgYZH34Gei6aD,Hamushi To Jihanki,2013-10,anime,21.0,False,273624,0.00106,0.558,0.838,0.00566,D,0.0966,-2.527,Major,0.0431,100.047,0.603
3w2HqkKa6upwuXEULtGvnY,FLOW,Japan,7ByuJTM3EJxopPygtopOUy,Word of the Voice,2004-01,anime,21.0,False,228987,0.000508,0.396,0.92,0.0,A#,0.306,-2.76,Major,0.049,165.069,0.69
24b231EnCM3BkpiuWs5VBE,SID,Japan,6JKETKgBWfQj1pc497SkP1,Monokuro No Kiss (Live from SID 10th Anniversary Tour 2013),2015-04,anime,24.0,False,244680,0.00733,0.468,0.974,0.0,G,0.652,-4.155,Minor,0.136,149.946,0.332
3PzqP5IkpLhlSdZLh7jwPn,WagakkiBand,Japan,6O4Dz7nAzW8wDTMrGnNMnv,Strong Fate,2017-03,j-rock,26.0,False,233253,0.169,0.571,0.93,1.54e-05,D,0.295,-3.578,Minor,0.0484,106.962,0.519
3PzqP5IkpLhlSdZLh7jwPn,WagakkiBand,Japan,228F5qKKFgZex7ZinBFlCT,脳漿炸裂ガール,2014-04,j-rock,31.0,False,192293,0.143,0.577,0.963,0.000127,C#,0.187,-2.635,Major,0.172,155.093,0.814
00DuPiLri3mNomvvM3nZvU,Ling tosite sigure,Japan,3AvnUFXRRye5CSGDopsBKD,Telecastic fake show,2008-01,j-rock,23.0,False,266613,8.46e-05,0.224,0.969,0.501,F,0.334,-3.248,Minor,0.0686,98.698,0.315
3PzqP5IkpLhlSdZLh7jwPn,WagakkiBand,Japan,7ARztybxipT96ePX6FLhoH,砂漠の子守唄,2018-04,j-rock,26.0,False,351667,0.0729,0.409,0.769,1.54e-05,G,0.0813,-3.869,Minor,0.0531,157.948,0.4
0bAsR2unSRpn6BQPEnNlZm,Aimer,Japan,4NAbwKZ5OfRWXyu4JerBP0,Even Heaven,2014-05,anime,27.0,False,461600,0.00203,0.567,0.484,0.0,D,0.335,-8.6,Minor,0.027,129.977,0.12
0MK8l3nURwwQIjafvXoJJt,ASIAN KUNG-FU GENERATION,Japan,6gPTliuyScKw7HXySUoMNy,Yoru No Mukou - 2016 Rerecorded,2016-12,j-rock,20.0,False,193853,0.000142,0.501,0.91,0.00104,D,0.0826,-4.399,Major,0.0449,114.996,0.593
6cutt8thPFUICMfxaYerWd,MY FIRST STORY,Japan,1fvV6APEMhM92GPeoK9uNu,Take it Back!!,2012-04,j-rock,31.0,False,213120,0.00104,0.521,0.93,0.0,F,0.347,-2.11,Major,0.0638,96.492,0.619
0MK8l3nURwwQIjafvXoJJt,ASIAN KUNG-FU GENERATION,Japan,55ytzEUImomIFK4kIplmv9,No. 9,2008-03,j-rock,20.0,False,212907,0.00012,0.462,0.982,0.189,B,0.331,-3.509,Minor,0.0707,147.393,0.73
4rqJz9fE9prZvQd8WsQv6q,THE ORAL CIGARETTES,Japan,5umqBMHKZkMb5xVaj1XijG,mist...,2013-08,j-rock,21.0,False,239400,0.000476,0.458,0.963,4e-06,G,0.145,-2.668,Major,0.122,188.13,0.83
3PzqP5IkpLhlSdZLh7jwPn,WagakkiBand,Japan,2Eyvw33WopeB32whKF3I0i,雪よ舞い散れ其方に向けて,2017-03,j-rock,29.0,False,252653,0.0514,0.605,0.869,1.04e-06,A,0.318,-2.796,Minor,0.0313,124.056,0.809
0blbVefuxOGltDBa00dspv,LiSA,Japan,50gtYcV67O1nxgY3hVfx7N,Gyakkou Orchestra,2013-10,anime,17.0,False,233560,0.0076,0.385,0.948,0.0,E,0.314,-2.604,Major,0.199,185.052,0.648
3PzqP5IkpLhlSdZLh7jwPn,WagakkiBand,Japan,7MU6iJb1kznpfOaKqRjxJs,Howling,2017-03,j-rock,26.0,False,256480,0.00208,0.467,0.977,0.000259,E,0.306,-3.131,Minor,0.148,99.892,0.696
6cutt8thPFUICMfxaYerWd,MY FIRST STORY,Japan,6lpl7KYkM4DgYJGosrLF3L,失踪FLAME,2015-08,j-rock,30.0,False,257133,0.00477,0.566,0.962,0.0,A,0.134,-4.367,Major,0.0707,105.017,0.165
3PWp9R5HvbQgxI5KBx5kVd,KANA-BOON,Japan,3pyONWcR0WLMLBC0mTgMWS,World,2013-10,anime,21.0,False,175357,0.000355,0.381,0.953,0.00658,G,0.315,-1.958,Major,0.083,85.027,0.466
6cutt8thPFUICMfxaYerWd,MY FIRST STORY,Japan,28AHQ4kG2oaH1COFEYcOrY,monologue,2018-03,j-rock,30.0,False,93000,0.119,0.229,0.722,0.927,E,0.288,-7.047,Major,0.0445,187.817,0.3
3w2HqkKa6upwuXEULtGvnY,FLOW,Japan,0z5V1ReQNK5Lkoz2ZADDHB,Night Parade,2003-01,anime,21.0,False,296907,0.00735,0.678,0.961,0.0,G#,0.308,-3.476,Major,0.0474,124.052,0.925
6cutt8thPFUICMfxaYerWd,MY FIRST STORY,Japan,6l4823YeFbd00tL4snuUFP,Room,2014-10,j-rock,26.0,False,215200,0.00326,0.521,0.952,0.0,C#,0.0589,-4.569,Minor,0.31,114.951,0.258
3PzqP5IkpLhlSdZLh7jwPn,WagakkiBand,Japan,1KPxpDxLvODPYWUYWz916g,蜉蝣,2018-11,j-rock,25.0,False,213200,0.00247,0.431,0.899,3.86e-05,G,0.358,-3.117,Minor,0.0496,93.75,0.635
0bAsR2unSRpn6BQPEnNlZm,Aimer,Japan,2PH4A0uzqE8DSinxxETZrE,Cold Sun,2014-06,anime,26.0,False,309093,0.0574,0.363,0.844,0.0,C,0.121,-6.442,Major,0.0477,170.114,0.593
00DuPiLri3mNomvvM3nZvU,Ling tosite sigure,Japan,5RRViNPCfOnR5yER4vbMjQ,Beautiful Circus,2013-04,j-rock,20.0,False,196667,3.84e-05,0.362,0.951,0.122,C#,0.0842,-2.829,Major,0.132,144.874,0.469
3PWp9R5HvbQgxI5KBx5kVd,KANA-BOON,Japan,4VPfLk41E5H8R9h74KEPkp,Good Bye,2016-02,anime,22.0,False,266267,0.27,0.591,0.894,0.0,B,0.0886,-3.934,Major,0.045,108.994,0.779
24b231EnCM3BkpiuWs5VBE,SID,Japan,6LjEYqFZgktIxyF6s4Fc3d,Drama,2018-04,anime,24.0,False,229093,3.4e-05,0.457,0.95,0.00256,C,0.339,-3.235,Major,0.0655,138.046,0.493
0MK8l3nURwwQIjafvXoJJt,ASIAN KUNG-FU GENERATION,Japan,1m2MWl6si1qCJPE0UB8CQL,Travelogue,2008-03,j-rock,18.0,False,246680,5.73e-05,0.428,0.895,0.0,D,0.0773,-5.039,Major,0.0411,151.023,0.697
6cutt8thPFUICMfxaYerWd,MY FIRST STORY,Japan,24ZAcvMMPtSrfM6rqic8jK,S・S・S,2018-10,j-rock,28.0,False,133000,0.144,0.224,0.725,0.836,A#,0.366,-10.752,Minor,0.0615,100.878,0.234
00DuPiLri3mNomvvM3nZvU,Ling tosite sigure,Japan,2HbCB0RPvZs2n0P0aAUqbj,Ef,2010-09,j-rock,23.0,False,288293,0.147,0.429,0.498,0.000101,F#,0.112,-8.703,Major,0.0291,142.495,0.284
00DuPiLri3mNomvvM3nZvU,Ling tosite sigure,Japan,5kS0Jlapmyp0UBg2BN5X8N,MONSTER,2013-04,j-rock,19.0,False,220413,1.51e-05,0.185,0.963,0.241,D#,0.0407,-2.121,Minor,0.0926,98.244,0.427
0bAsR2unSRpn6BQPEnNlZm,Aimer,Japan,0pGGtCsHHnDUWxwtpSA1nf,Hakuchumu,2015-07,anime,25.0,False,296160,0.483,0.54,0.592,0.0,B,0.108,-7.905,Major,0.0332,81.968,0.445
3PWp9R5HvbQgxI5KBx5kVd,KANA-BOON,Japan,2cHlSEdBGANf5p3KFBIoIo,Supermoon,2017-03,anime,22.0,False,294467,0.000145,0.503,0.965,0.000279,C#,0.319,-3.345,Minor,0.0441,98.965,0.499
6cutt8thPFUICMfxaYerWd,MY FIRST STORY,Japan,0CkARTGv97YSA0TuWRpHGd,"""Boom""",2016-06,j-rock,29.0,False,256000,5.45e-05,0.34,0.978,0.0,A,0.199,-3.785,Major,0.209,199.918,0.192
0blbVefuxOGltDBa00dspv,LiSA,Japan,6IyNjy1RDpLSvg3B9oTYlO,Canvas Boy x Palette Girl,2013-10,anime,17.0,False,251800,0.0112,0.554,0.971,0.0,F#,0.339,-1.575,Major,0.168,144.956,0.613
6cutt8thPFUICMfxaYerWd,MY FIRST STORY,Japan,4uYwtW4P4AjfxgKtNQqJBR,The Story Is My Life,2013-02,j-rock,30.0,False,253187,1.34e-05,0.541,0.983,0.0,C#,0.0968,-2.438,Minor,0.0719,104.955,0.47
3PzqP5IkpLhlSdZLh7jwPn,WagakkiBand,Japan,3bbjgZ8MqJ1nrP11d2JLeD,華振舞,2015-09,j-rock,27.0,False,309653,0.0696,0.47,0.992,0.0158,A,0.0868,-1.423,Minor,0.128,162.135,0.645
0bAsR2unSRpn6BQPEnNlZm,Aimer,Japan,6LRKlRTueF2SnZXwdR09RK,Refar,2015-07,anime,27.0,False,253400,0.65,0.605,0.456,0.0,C#,0.091,-9.014,Major,0.0283,78.026,0.374
3PzqP5IkpLhlSdZLh7jwPn,WagakkiBand,Japan,7HADx5S1IrzeHNZmSkJnyM,カゲロウデイズ,2014-04,j-rock,29.0,False,232840,0.355,0.64,0.993,7.79e-05,F#,0.132,-2.156,Minor,0.0725,99.943,0.845
00DuPiLri3mNomvvM3nZvU,Ling tosite sigure,Japan,3lTWoC9NT6AB9AQ5HPqMtB,Laser Beamer,2019-04,j-rock,22.0,False,263975,5.78e-06,0.249,0.944,0.731,G,0.154,-2.857,Minor,0.0662,146.894,0.304
3w2HqkKa6upwuXEULtGvnY,FLOW,Japan,4DFSeOYvUVeOS2OZdPagMS,Hey!!!,2004-01,anime,20.0,False,222867,0.00196,0.434,0.968,0.0,G,0.316,-3.154,Major,0.115,174.006,0.419
0MK8l3nURwwQIjafvXoJJt,ASIAN KUNG-FU GENERATION,Japan,6RAq5lnQ38BquAZmxmb0DV,(Search Within) Social Withdrawal,2003-11,j-rock,18.0,False,208360,0.000397,0.55,0.87,0.524,D,0.146,-6.863,Major,0.0676,92.537,0.718
3w2HqkKa6upwuXEULtGvnY,FLOW,Japan,4T0Bjh5N5TZyVVS8tFfqZT,Glory Days,2015-01,anime,22.0,False,226707,0.000996,0.531,0.959,0.0,G#,0.362,-4.232,Major,0.0624,97.538,0.581
3w2HqkKa6upwuXEULtGvnY,FLOW,Japan,18YeWePCq2QaXeul0pq694,Chimimouryo (feat. Hayate),2016-02,anime,22.0,False,244333,0.00281,0.557,0.95,2.79e-06,D,0.255,-4.862,Minor,0.0357,95.541,0.815
0bAsR2unSRpn6BQPEnNlZm,Aimer,Japan,6x4U13VRFIvBIdHdjWJVyh,Voice,2014-06,anime,25.0,False,286613,0.759,0.537,0.603,1.02e-05,G#,0.0965,-6.849,Major,0.0267,146.059,0.615
6cutt8thPFUICMfxaYerWd,MY FIRST STORY,Japan,0f8lDzu9KNm7rvFebADLYS,REMEMBER,2018-10,j-rock,30.0,False,248400,0.0159,0.296,0.938,0.0,G,0.0808,-4.114,Major,0.102,129.984,0.249
3PzqP5IkpLhlSdZLh7jwPn,WagakkiBand,Japan,28FrDTcswXloLuAlocP9qV,追憶,2015-09,j-rock,26.0,False,315347,0.000745,0.51,0.929,6.82e-05,D,0.399,-2.872,Minor,0.0633,129.016,0.549
00DuPiLri3mNomvvM3nZvU,Ling tosite sigure,Japan,3bYMRZk8tvM8B4L7n8v3U2,Filmsick Mystery,2013-04,j-rock,19.0,False,223960,0.000123,0.45,0.855,8.1e-06,C#,0.028,-3.627,Major,0.0902,146.029,0.678
4rqJz9fE9prZvQd8WsQv6q,THE ORAL CIGARETTES,Japan,6kf2JLz4oOLKNX34US32rY,S-LOW,2016-08,j-rock,20.0,False,346227,0.000418,0.312,0.814,9.18e-05,G,0.0989,-4.864,Minor,0.04,101.98,0.558
3PzqP5IkpLhlSdZLh7jwPn,WagakkiBand,Japan,4TX7xSFzUA27vzJ4w2lLHM,ワタシ・至上主義,2017-03,j-rock,26.0,False,235920,0.0994,0.54,0.924,0.0,G,0.357,-3.673,Minor,0.0623,155.05,0.554
0MK8l3nURwwQIjafvXoJJt,ASIAN KUNG-FU GENERATION,Japan,4NzK1Dt8ekBnM944zt0AmE,Blues of the Imaginary Creature,2018-03,j-rock,18.0,False,257653,0.139,0.63,0.836,3.8e-06,B,0.111,-5.501,Major,0.0286,115.003,0.47
0MK8l3nURwwQIjafvXoJJt,ASIAN KUNG-FU GENERATION,Japan,5zPFIUn1vJleQslKPgV10t,Season of Beginnings,2018-12,j-rock,18.0,False,194653,0.000247,0.529,0.849,0.00178,D,0.0837,-5.468,Major,0.0375,135.024,0.642
6cutt8thPFUICMfxaYerWd,MY FIRST STORY,Japan,70O8A4Gyd5ZidbnPVcxrmH,Zero Gravity,2018-03,j-rock,31.0,False,169400,0.00199,0.324,0.993,0.000368,A,0.112,-1.808,Major,0.22,150.125,0.0728
6cutt8thPFUICMfxaYerWd,MY FIRST STORY,Japan,4JXy5UcHZMrtEJiUYXNfQD,Love Affair,2017-12,j-rock,29.0,False,214400,0.000258,0.483,0.932,1.72e-06,A#,0.0715,-2.712,Minor,0.0961,145.023,0.434
00DuPiLri3mNomvvM3nZvU,Ling tosite sigure,Japan,2XZWdvvwJjI5FKOGLjgiXb,1/f no Kansyoku,2007-01,j-rock,21.0,False,284560,0.00195,0.379,0.89,9.42e-06,C#,0.109,-2.246,Major,0.0867,132.157,0.295
3PzqP5IkpLhlSdZLh7jwPn,WagakkiBand,Japan,6zhfcWG3rk1IpPSoSVSB3E,月・影・舞・華,2014-04,j-rock,27.0,False,250747,0.299,0.466,0.947,0.00147,D,0.295,-2.858,Minor,0.0731,159.998,0.731
0bAsR2unSRpn6BQPEnNlZm,Aimer,Japan,1vGgAyM7Jb4NF7L3hyTs8A,AM02:00 - haruka nakamura La Nuit Remix,2013-11,anime,23.0,False,354600,0.912,0.223,0.315,0.0,F#,0.098,-8.862,Major,0.0341,179.422,0.337
6cutt8thPFUICMfxaYerWd,MY FIRST STORY,Japan,39aNGGEDoh1CCPWCM49Tp0,君の唄,2016-06,j-rock,30.0,False,343333,0.028,0.505,0.658,0.0,F#,0.149,-5.27,Major,0.031,109.955,0.17
6cutt8thPFUICMfxaYerWd,MY FIRST STORY,Japan,7cAYn9T8eGyPT9IfaISuLD,One Light,2016-06,j-rock,29.0,False,284067,0.0306,0.322,0.902,0.0,F,0.112,-4.009,Major,0.0461,180.052,0.342
0blbVefuxOGltDBa00dspv,LiSA,Japan,6YssoHMw6t8jiz6JMZMmRS,Usotsukinonamida,2013-10,anime,17.0,False,279760,0.144,0.449,0.862,0.0,E,0.125,-2.791,Major,0.0762,173.897,0.689
00DuPiLri3mNomvvM3nZvU,Ling tosite sigure,Japan,1UZ5TSo1sXMZQQfHIYY3ux,I'm Machine,2017-08,j-rock,21.0,False,279680,8e-05,0.388,0.928,1.91e-05,F,0.0708,-3.697,Minor,0.0608,146.896,0.338
3w2HqkKa6upwuXEULtGvnY,FLOW,Japan,6mAyg9PesFmeMTkUtDfhSV,Hikari Oikakete,2004-01,anime,21.0,False,242000,0.0044,0.54,0.888,0.0,B,0.148,-3.88,Major,0.0364,145.974,0.715
0MK8l3nURwwQIjafvXoJJt,ASIAN KUNG-FU GENERATION,Japan,2Zwy9Xz9DZ1X4DOlAsMVjw,E,2003-11,j-rock,18.0,False,252573,2.19e-05,0.282,0.681,0.214,G,0.14,-6.496,Major,0.0464,179.027,0.563
3PWp9R5HvbQgxI5KBx5kVd,KANA-BOON,Japan,57Lzy5U4SwoIw6rm9m4m9W,Kakumei,2016-02,anime,21.0,False,203227,0.000507,0.417,0.933,1.98e-05,F#,0.0761,-3.551,Minor,0.0568,94.038,0.229
0MK8l3nURwwQIjafvXoJJt,ASIAN KUNG-FU GENERATION,Japan,6Yho0Bna89IUMTTutl3xWs,Entrance,2018-03,j-rock,18.0,False,239693,4.27e-05,0.292,0.782,7.26e-05,C,0.223,-5.749,Major,0.0521,182.555,0.443
3PzqP5IkpLhlSdZLh7jwPn,WagakkiBand,Japan,0oMAjeZlDcIivcIW7fSfWU,暁ノ糸,2015-09,j-rock,27.0,False,208453,0.00118,0.327,0.906,0.000785,G,0.233,-4.584,Major,0.0688,169.887,0.311
4rqJz9fE9prZvQd8WsQv6q,THE ORAL CIGARETTES,Japan,2G1PWz3EgkzIwXlg4mO9Qj,Uh...Man,2017-06,j-rock,19.0,False,232026,0.00143,0.339,0.973,0.000146,G,0.135,-2.011,Minor,0.109,161.914,0.393
3PzqP5IkpLhlSdZLh7jwPn,WagakkiBand,Japan,7BIVsywiSsNrZrYwxDkDMc,深海少女,2014-04,j-rock,29.0,False,213440,0.213,0.517,0.982,0.00228,F#,0.216,-1.978,Minor,0.161,136.963,0.477
3PzqP5IkpLhlSdZLh7jwPn,WagakkiBand,Japan,7tQITQh5F3GioYQ16uj876,反撃の刃,2015-09,j-rock,27.0,False,217253,0.0296,0.355,0.972,0.0154,D#,0.201,-1.997,Minor,0.203,180.271,0.655
4rqJz9fE9prZvQd8WsQv6q,THE ORAL CIGARETTES,Japan,38hbb4BVCAl7jqaYGpa2pn,Sakaurami Kozou,2013-08,j-rock,19.0,False,161227,5.19e-05,0.557,0.95,6.03e-05,C,0.345,-3.15,Major,0.0565,93.976,0.702
3PzqP5IkpLhlSdZLh7jwPn,WagakkiBand,Japan,12JK78orsPwVK6s9kUGkPm,雪影ぼうし,2018-04,j-rock,26.0,False,218227,0.00176,0.488,0.964,0.000149,G#,0.362,-2.922,Major,0.103,170.098,0.641
6cutt8thPFUICMfxaYerWd,MY FIRST STORY,Japan,1BdI9l0sWEjJZJsYyUi5IC,If I Am…,2014-10,j-rock,30.0,False,223333,0.00118,0.476,0.838,0.0,C,0.401,-5.19,Major,0.0589,144.896,0.443
3w2HqkKa6upwuXEULtGvnY,FLOW,Japan,1yUOxWTyPhGNINjUQsTJjN,Around the World,2003-01,anime,19.0,False,264173,0.000536,0.444,0.89,0.0,C,0.0828,-5.057,Major,0.0515,134.051,0.317
3w2HqkKa6upwuXEULtGvnY,FLOW,Japan,4uofrJkQP7fQha0e7vwLWS,Black Market,2013-03,anime,19.0,False,209000,0.000131,0.359,0.954,0.0,D,0.351,-2.617,Minor,0.0783,195.995,0.708
3w2HqkKa6upwuXEULtGvnY,FLOW,Japan,1JGd3Ehu8NN9N7HSLrEd3b,Bet or Dead,2017-06,anime,20.0,False,250240,1.67e-05,0.481,0.813,0.0,C,0.0548,-4.539,Major,0.0519,178.045,0.638
3PWp9R5HvbQgxI5KBx5kVd,KANA-BOON,Japan,26tbPyZoBeNni4Rvwbw8Ml,Ai Ni Mamirete,2015-01,anime,21.0,False,298653,0.000118,0.412,0.841,1.85e-05,A#,0.0742,-2.87,Major,0.0382,136.002,0.429
0blbVefuxOGltDBa00dspv,LiSA,Japan,3GjRyTyMqHDgyTuhF8Kl4P,Lovely Day,2016-04,anime,18.0,False,227547,0.0403,0.593,0.978,0.000539,C#,0.0929,-1.523,Major,0.0664,151.943,0.722
3PWp9R5HvbQgxI5KBx5kVd,KANA-BOON,Japan,1eJYr9OZW7agEN789wA1rz,Indifference,2016-02,anime,21.0,False,211467,0.000608,0.364,0.926,1.98e-05,B,0.378,-3.045,Minor,0.0475,156.953,0.334
3PzqP5IkpLhlSdZLh7jwPn,WagakkiBand,Japan,3iMaH12HmSPcJztkmphIcZ,World domination,2018-04,j-rock,24.0,False,203707,0.0102,0.521,0.987,0.0,A,0.348,-3.195,Major,0.109,111.051,0.592
0MK8l3nURwwQIjafvXoJJt,ASIAN KUNG-FU GENERATION,Japan,1ffuy4YuvFiRhaCvas46no,Butterfly,2006-03,j-rock,18.0,False,283893,0.0012,0.644,0.658,0.558,A,0.0607,-5.599,Minor,0.0369,136.911,0.58
0bAsR2unSRpn6BQPEnNlZm,Aimer,Japan,1u6Jff08NXZ2JjMMIif5tf,Kanashimiha Aurorani,2011-09,anime,26.0,False,264960,0.0976,0.5,0.553,0.0,D,0.318,-5.327,Major,0.0258,145.973,0.387
00DuPiLri3mNomvvM3nZvU,Ling tosite sigure,Japan,0cLBHHpar12TMLt2vU9rVg,Illusion Is Mine,2010-09,j-rock,23.0,False,243773,0.00143,0.463,0.743,0.49,D#,0.378,-5.097,Minor,0.0901,139.973,0.303
0bAsR2unSRpn6BQPEnNlZm,Aimer,Japan,0Wq6bHWElO3op5FI7VxwFA,Nemuri No Mori (with Yuuki Ozaki) - Kazuki Remix,2015-07,anime,23.0,False,225013,0.167,0.534,0.605,0.0,C,0.192,-7.608,Major,0.0325,125.941,0.395
24b231EnCM3BkpiuWs5VBE,SID,Japan,7ooDQYVwOR8KSuVDOPKqPq,natsukoi,2008-02,anime,23.0,False,267413,0.037,0.547,0.984,3.59e-05,A,0.339,-3.345,Major,0.0843,142.008,0.409
3PzqP5IkpLhlSdZLh7jwPn,WagakkiBand,Japan,4tTFwmlHMhFtBQUSifxr15,拍手喝采,2017-11,j-rock,25.0,False,270067,0.0182,0.491,0.917,0.00653,C#,0.327,-4.955,Minor,0.138,171.915,0.713
00DuPiLri3mNomvvM3nZvU,Ling tosite sigure,Japan,2aC5a5V7nE9ZRFSohUacT8,Yuukei no Kioku,2007-01,j-rock,21.0,False,370333,0.00296,0.262,0.605,8.56e-06,G,0.144,-5.474,Minor,0.0354,169.403,0.427
6cutt8thPFUICMfxaYerWd,MY FIRST STORY,Japan,44Slr55caInRBxlJw74a7c,See You Again,2017-12,j-rock,29.0,False,252733,0.918,0.517,0.309,1.95e-06,A#,0.0848,-12.758,Major,0.0384,149.947,0.554
6cutt8thPFUICMfxaYerWd,MY FIRST STORY,Japan,5ipiQRKf6ZQM5NLuGY60Ng,終焉レクイエム,2017-12,j-rock,31.0,False,222600,0.00281,0.484,0.985,0.0,F,0.073,-1.869,Minor,0.107,100.027,0.195
3w2HqkKa6upwuXEULtGvnY,FLOW,Japan,3OxfGhokCDYNWhQK6pgH6B,Hikarioikakete - Crystal Lake Mix,2016-02,anime,21.0,False,309627,0.741,0.507,0.367,0.0,B,0.206,-8.319,Major,0.0285,113.969,0.378
0bAsR2unSRpn6BQPEnNlZm,Aimer,Japan,6rD4E0kRNm0wF01V4P0MiC,Kanashimihaohrorani - Restarred by Takagi Masakatsu,2012-10,anime,27.0,False,270080,0.969,0.49,0.222,0.000101,D,0.31,-9.968,Major,0.0301,145.951,0.34
0bAsR2unSRpn6BQPEnNlZm,Aimer,Japan,6PXnqnETH8lRJP27QzvyXU,Egao,2012-10,anime,24.0,False,362547,0.451,0.351,0.797,5.13e-05,G#,0.119,-4.189,Major,0.029,88.573,0.428
0MK8l3nURwwQIjafvXoJJt,ASIAN KUNG-FU GENERATION,Japan,1VYiyXoQOWSRygDl8VLqX0,Laika,2008-03,j-rock,17.0,False,231667,0.000289,0.469,0.917,3.32e-06,G,0.0532,-3.678,Major,0.0447,114.506,0.564
0bAsR2unSRpn6BQPEnNlZm,Aimer,Japan,4fEtDGiIIZAMN9t2zvdg3K,L-O-V-E,2012-12,anime,21.0,False,177440,0.0227,0.622,0.584,3.37e-05,C#,0.0743,-4.89,Major,0.0293,146.033,0.917
0blbVefuxOGltDBa00dspv,LiSA,Japan,1jAZqQPiLq9SiVdzhyPyf3,Elect Lyrical,2015-03,anime,17.0,False,277707,0.0643,0.63,0.927,0.00021,B,0.326,-3.052,Major,0.0632,145.998,0.597
00DuPiLri3mNomvvM3nZvU,Ling tosite sigure,Japan,5V4ks9RjAtwX5ue8hWZPKY,Chocolate Passion,2018-02,j-rock,21.0,False,256733,8.27e-05,0.39,0.983,0.342,A#,0.0804,-2.256,Minor,0.0773,100.102,0.185
6cutt8thPFUICMfxaYerWd,MY FIRST STORY,Japan,4kZRun5ZCHUTcxSJeDmYue,Calling you,2012-04,j-rock,30.0,False,185080,0.00312,0.443,0.98,0.0,G,0.305,-1.629,Major,0.0749,95.024,0.241
3PWp9R5HvbQgxI5KBx5kVd,KANA-BOON,Japan,3Ay0ZSC7FMtEOl3IZvNYYs,Byakuya,2013-10,anime,19.0,False,187896,0.0712,0.536,0.946,9.14e-05,F#,0.0654,-2.041,Major,0.0759,82.502,0.842
3w2HqkKa6upwuXEULtGvnY,FLOW,Japan,6zSJS7gZ6jystBUbjAq9GM,FLOW Anime OP ED Size Special Collection,2011-01,anime,20.0,False,895280,0.00426,0.34,0.929,0.0,C,0.184,-3.691,Major,0.108,132.461,0.538
0MK8l3nURwwQIjafvXoJJt,ASIAN KUNG-FU GENERATION,Japan,0JpMm0ovtuqzqZat5ccaoB,Omatsuri No Ato,2017-03,j-rock,17.0,False,173213,0.000374,0.354,0.933,0.59,D,0.292,-3.001,Major,0.0461,152.962,0.484
0MK8l3nURwwQIjafvXoJJt,ASIAN KUNG-FU GENERATION,Japan,2g1F4FCmXwH4QWChluGAdu,World World World,2008-03,j-rock,16.0,False,77493,0.00466,0.46,0.692,0.938,E,0.565,-6.431,Major,0.0347,114.821,0.0898
0MK8l3nURwwQIjafvXoJJt,ASIAN KUNG-FU GENERATION,Japan,3aUwu4Pfo6ImZw5xtuAHyK,Time Traveler,2016-03,j-rock,19.0,False,174933,0.00229,0.428,0.893,0.532,D,0.101,-4.345,Major,0.0672,169.107,0.528
0blbVefuxOGltDBa00dspv,LiSA,Japan,1oy5ijzOe5kuX5QOLa6Uqt,Blue Moon,2017-01,anime,22.0,False,310773,0.0901,0.385,0.838,1.81e-05,D#,0.126,-3.783,Minor,0.0724,173.962,0.274
0blbVefuxOGltDBa00dspv,LiSA,Japan,2aLYARrZX3Exux3pKgmFyA,She,2016-04,anime,18.0,False,236867,0.00118,0.485,0.991,0.000685,C#,0.358,-1.703,Minor,0.195,100.53,0.212
3PzqP5IkpLhlSdZLh7jwPn,WagakkiBand,Japan,7iYDNan6VHFd56tDa2PVUX,風鈴の唄うたい,2015-09,j-rock,26.0,False,282920,0.0138,0.517,0.518,0.0,C,0.221,-6.85,Minor,0.026,81.038,0.4
3PzqP5IkpLhlSdZLh7jwPn,WagakkiBand,Japan,30kFlK0JaAFN1jGU0uuh2I,Episode.0,2014-04,j-rock,26.0,False,322147,0.0154,0.515,0.786,0.000711,C#,0.152,-5.64,Minor,0.0345,125.949,0.309
3PzqP5IkpLhlSdZLh7jwPn,WagakkiBand,Japan,6sC5OnwKT3CnuOub53ckIm,月に叫ぶ夜,2017-09,j-rock,24.0,False,267027,0.00213,0.519,0.94,0.000221,C,0.311,-3.618,Major,0.0446,99.995,0.558
00DuPiLri3mNomvvM3nZvU,Ling tosite sigure,Japan,16MAUsbAHDeBu8mm3u24GN,Missing ling,2013-04,j-rock,18.0,False,414853,0.000165,0.184,0.703,0.0509,D#,0.109,-4.159,Minor,0.067,107.118,0.265
00DuPiLri3mNomvvM3nZvU,Ling tosite sigure,Japan,23TfxIt5pF2JaMJSzpTIEb,Hysteric Phase Show,2009-05,j-rock,19.0,False,215413,0.000122,0.229,0.807,0.000241,F,0.0672,-4.209,Minor,0.0582,175.215,0.548
0bAsR2unSRpn6BQPEnNlZm,Aimer,Japan,0MLd03iwZCaMDMlPG9GcfB,Samishikute Nemurenai Yoruha,2012-10,anime,25.0,False,324627,0.399,0.49,0.494,0.0,G#,0.163,-6.32,Major,0.0257,139.738,0.255
6cutt8thPFUICMfxaYerWd,MY FIRST STORY,Japan,4NhiepZSWF6DYV0hFLWe54,The Reason,2013-02,j-rock,29.0,False,229800,0.000292,0.585,0.92,0.0,D#,0.0827,-2.282,Major,0.0527,135.022,0.598
0MK8l3nURwwQIjafvXoJJt,ASIAN KUNG-FU GENERATION,Japan,5lwmM6K0op3eDPd4t8Peye,Compass,2003-04,j-rock,17.0,False,152893,5.3e-05,0.279,0.902,0.174,D,0.35,-2.204,Major,0.0657,178.873,0.382
0MK8l3nURwwQIjafvXoJJt,ASIAN KUNG-FU GENERATION,Japan,0aALFjdmU6SCUsQdXGmnAL,Planet,2008-03,j-rock,17.0,False,241040,0.000161,0.389,0.966,0.0,E,0.0642,-4.172,Major,0.0845,170.958,0.711
0MK8l3nURwwQIjafvXoJJt,ASIAN KUNG-FU GENERATION,Japan,3zmUUPP928UCe6WY6ZLdWf,The Reason Why,2003-11,j-rock,17.0,False,275973,4.61e-06,0.523,0.876,0.0344,B,0.123,-5.991,Major,0.0351,133.033,0.741
3PzqP5IkpLhlSdZLh7jwPn,WagakkiBand,Japan,3hDrePYePHbiOOP2o4BzlL,独歩,2018-04,j-rock,23.0,False,240933,0.833,0.565,0.407,0.0,C#,0.097,-7.402,Major,0.0254,83.077,0.384
3PzqP5IkpLhlSdZLh7jwPn,WagakkiBand,Japan,1zTNpxVwFeSdZxLoeCmH1x,君がいない街,2018-04,j-rock,25.0,False,257067,0.188,0.406,0.936,5.49e-06,F#,0.282,-3.331,Minor,0.101,195.678,0.454
3PzqP5IkpLhlSdZLh7jwPn,WagakkiBand,Japan,43NyAi2d2niniM4i214HDJ,沈まない太陽,2018-04,j-rock,24.0,False,270827,0.000954,0.587,0.937,1.13e-06,D,0.0955,-3.43,Major,0.104,111.999,0.498
0blbVefuxOGltDBa00dspv,LiSA,Japan,1jftt2fEGC7yHGPv7lXc0r,Owaranai Bouken,2016-04,anime,20.0,False,283333,0.0554,0.527,0.954,0.0,E,0.293,-2.618,Major,0.0824,154.06,0.508
3PWp9R5HvbQgxI5KBx5kVd,KANA-BOON,Japan,1OteCx9E263hRvDmU6teZm,Stand by Me,2016-02,anime,20.0,False,229747,0.000524,0.43,0.941,6.49e-05,D,0.127,-2.204,Major,0.0571,97.516,0.372
00DuPiLri3mNomvvM3nZvU,Ling tosite sigure,Japan,0MahiSphaIHDAydpkWrbW1,Tremolo+A,2009-05,j-rock,20.0,False,236053,0.00422,0.401,0.808,0.0252,D#,0.189,-4.884,Minor,0.0619,143.354,0.861
00DuPiLri3mNomvvM3nZvU,Ling tosite sigure,Japan,5Lvv2pM95X55L85EmCmEKD,Jpop Xfile,2015-01,j-rock,17.0,False,240253,0.00014,0.346,0.935,3.81e-05,A#,0.258,-2.701,Minor,0.177,92.509,0.614
3PWp9R5HvbQgxI5KBx5kVd,KANA-BOON,Japan,7qVHVwSzTwZJwR9bT5kFsd,Music,2013-10,anime,19.0,False,248546,0.0106,0.41,0.855,4.55e-06,G#,0.087,-2.637,Minor,0.0649,172.945,0.586
00DuPiLri3mNomvvM3nZvU,Ling tosite sigure,Japan,4jq2Cc17iCyi7rkwrnXbyJ,Die Meets Hard,2018-02,j-rock,21.0,False,245880,1.95e-05,0.428,0.944,3.57e-06,F,0.336,-2.765,Minor,0.0796,127.118,0.267
0bAsR2unSRpn6BQPEnNlZm,Aimer,Japan,1U3fg7XE9Gvhw0j1MLSSlH,Hoshi No Kieta Yoruni - Re-echoed by Genki Rockets Give Me Wallets,2014-06,anime,23.0,False,350147,0.15,0.687,0.617,0.000727,G#,0.102,-6.217,Major,0.025,102.982,0.222
3PzqP5IkpLhlSdZLh7jwPn,WagakkiBand,Japan,6QbJpK3JznpKuQO5VlizMA,流星,2017-03,j-rock,25.0,False,251973,0.0856,0.51,0.902,0.0,F,0.334,-2.175,Major,0.0574,157.001,0.712
3PzqP5IkpLhlSdZLh7jwPn,WagakkiBand,Japan,5Pe6s1G4MZCyzBnbC0KxlQ,紅蓮,2018-09,j-rock,26.0,False,225000,0.00074,0.361,0.973,1.7e-06,A,0.329,-3.114,Minor,0.132,194.45,0.452
00DuPiLri3mNomvvM3nZvU,Ling tosite sigure,Japan,4iAWTVIjQjibyTdGkN6ipa,Sosos,2015-09,j-rock,19.0,False,215400,6.31e-06,0.256,0.952,0.000215,C,0.307,-0.83,Minor,0.0652,82.116,0.327
3PzqP5IkpLhlSdZLh7jwPn,WagakkiBand,Japan,0H2uZ1EKef1jqyXsNB9c5L,花一匁,2017-11,j-rock,25.0,False,230867,0.00201,0.525,0.952,0.000295,C#,0.296,-4.32,Minor,0.1,144.021,0.604
3PzqP5IkpLhlSdZLh7jwPn,WagakkiBand,Japan,2St3x3NF5XtUN5veJRRj5H,鳥のように,2017-03,j-rock,25.0,False,238413,0.139,0.634,0.418,0.000244,E,0.0555,-7.746,Minor,0.0271,113.999,0.162
0MK8l3nURwwQIjafvXoJJt,ASIAN KUNG-FU GENERATION,Japan,3Kd2SFejpgXrxz59htEqPY,No Name,2003-11,j-rock,17.0,False,300067,0.00604,0.299,0.486,0.547,A,0.112,-11.106,Major,0.04,127.065,0.131
0MK8l3nURwwQIjafvXoJJt,ASIAN KUNG-FU GENERATION,Japan,76Cz5lO5ZqfYZBgVH3MuR1,Sakura Sou,2006-03,j-rock,16.0,False,233827,0.00132,0.602,0.839,0.122,G,0.0909,-5.653,Major,0.0519,146.894,0.846
0MK8l3nURwwQIjafvXoJJt,ASIAN KUNG-FU GENERATION,Japan,2HMIW11UoyqFqDUrBuirRG,Road Movie,2018-03,j-rock,17.0,False,264973,0.0383,0.708,0.819,0.389,G,0.118,-6.128,Major,0.0323,143.021,0.54
0MK8l3nURwwQIjafvXoJJt,ASIAN KUNG-FU GENERATION,Japan,3ucO3RsVKJqgpxYSqbJrqq,The Survivor's March - Can't Sleep Mix,2018-12,j-rock,17.0,False,282160,0.000136,0.416,0.641,0.00315,A,0.0633,-5.188,Major,0.0321,81.039,0.304
6cutt8thPFUICMfxaYerWd,MY FIRST STORY,Japan,1Y44rWSMNJtaEDYHLgXf97,MONSTER,2017-12,j-rock,30.0,False,236667,6.42e-05,0.47,0.983,0.0,F,0.161,-2.411,Minor,0.218,122.994,0.258
6cutt8thPFUICMfxaYerWd,MY FIRST STORY,Japan,0M6E9d9UvGGU0AsRAhXvJP,lonely,2018-07,j-rock,30.0,False,257933,0.0057,0.326,0.88,0.000821,G,0.101,-5.211,Minor,0.0962,135.996,0.136
0blbVefuxOGltDBa00dspv,LiSA,Japan,5mUBtwbd3Rszh0q8gBRac9,Winding Road,2013-10,anime,16.0,False,357147,0.0105,0.503,0.907,2.22e-06,A,0.329,-3.774,Major,0.0494,118.961,0.221
3w2HqkKa6upwuXEULtGvnY,FLOW,Japan,1rp9rxxfARrMHOMeWQ3g0p,Ai Ai Ai Ni Utarete Bye Bye Bye - 26 a Go Go !!! Mix,2014-03,anime,18.0,False,249360,0.000599,0.501,0.93,0.0,F#,0.364,-3.509,Minor,0.0414,96.519,0.672
00DuPiLri3mNomvvM3nZvU,Ling tosite sigure,Japan,14n0aadVjnU9JJlRn6jZ23,I Was Music,2010-09,j-rock,21.0,False,189187,3.25e-05,0.406,0.943,0.072,G#,0.0718,-3.293,Major,0.101,94.73,0.403
00DuPiLri3mNomvvM3nZvU,Ling tosite sigure,Japan,3yOMOsj9091yVhoCNkzgYB,This Is Is This?,2010-09,j-rock,20.0,False,262200,0.00774,0.368,0.795,0.023,F,0.0741,-5.576,Minor,0.0832,174.981,0.174
0bAsR2unSRpn6BQPEnNlZm,Aimer,Japan,0oyOdCSs1y5jCBm7raLWQB,Chiisana Hoshino Merodii,2014-06,anime,24.0,False,311467,0.164,0.467,0.496,0.0,E,0.34,-6.621,Major,0.0305,169.703,0.532
3PzqP5IkpLhlSdZLh7jwPn,WagakkiBand,Japan,50vt574nSpcHp6R9yljej2,華火,2015-09,j-rock,25.0,False,240107,0.0656,0.506,0.981,0.111,B,0.162,-1.714,Minor,0.135,115.978,0.378
3PzqP5IkpLhlSdZLh7jwPn,WagakkiBand,Japan,0JGyn2knbewyDPZvYUPavA,天上ノ彼方,2018-04,j-rock,24.0,False,261107,0.00946,0.459,0.972,0.0,F#,0.367,-2.428,Major,0.0747,97.48,0.516
0MK8l3nURwwQIjafvXoJJt,ASIAN KUNG-FU GENERATION,Japan,231WYkR9ymSORkTUIXtGWb,Tightrope,2006-03,j-rock,16.0,False,328733,0.000494,0.465,0.784,0.935,E,0.156,-5.508,Major,0.0392,112.904,0.482
0bAsR2unSRpn6BQPEnNlZm,Aimer,Japan,6oyoPUvIgTUnTMc7nbA3gA,When You Wish Upon A Star,2014-06,anime,21.0,False,142560,0.948,0.485,0.227,0.00414,G#,0.0981,-15.077,Major,0.068,72.954,0.315
00DuPiLri3mNomvvM3nZvU,Ling tosite sigure,Japan,20q73dOrP7ceLGAJQVtuTq,Azayaka na Satujin,2005-01,j-rock,19.0,False,285320,0.0054,0.286,0.93,0.00112,G#,0.279,-3.505,Major,0.0944,95.879,0.343
00DuPiLri3mNomvvM3nZvU,Ling tosite sigure,Japan,3XwohUnBHjLbkqxHbFTXle,Boukan,2005-01,j-rock,19.0,False,380320,0.144,0.352,0.276,0.0059,G#,0.684,-8.868,Minor,0.0534,125.818,0.106
00DuPiLri3mNomvvM3nZvU,Ling tosite sigure,Japan,5NPFoUeZLnagXrJjfrAHVn,24REVERSE,2008-01,j-rock,19.0,False,306613,0.000113,0.436,0.674,0.0178,G#,0.101,-7.292,Major,0.0605,120.286,0.477
3w2HqkKa6upwuXEULtGvnY,FLOW,Japan,64PrB3M0BgqLNlqYE1HmAD,Ryuusei,2003-01,anime,18.0,False,256160,0.0156,0.673,0.692,0.0,D,0.111,-5.553,Major,0.027,106.04,0.817
3w2HqkKa6upwuXEULtGvnY,FLOW,Japan,5ShXg4CvNWWYkTQMXppXrl,Re:member - NARUTO Opening Mix,2006-05,anime,18.0,False,92027,0.00416,0.429,0.91,0.0,B,0.0681,-4.579,Major,0.0548,172.043,0.929
0blbVefuxOGltDBa00dspv,LiSA,Japan,3HBwXXvzndGtlEyEgqDuMl,Miraikaze,2011-04,anime,15.0,False,228293,0.00854,0.414,0.912,0.00143,G,0.323,-3.327,Major,0.0509,165.199,0.619
0blbVefuxOGltDBa00dspv,LiSA,Japan,66TYPwrRMmjWK1Bs4xDOzL,Egoistic Shooter,2012-02,anime,19.0,False,184333,0.00346,0.608,0.977,1.35e-06,F#,0.0263,-2.289,Minor,0.12,101.053,0.56
3PzqP5IkpLhlSdZLh7jwPn,WagakkiBand,Japan,7G9g3Db3lyckwb4u1eH6ap,空の極みへ,2017-03,j-rock,24.0,False,217147,0.0185,0.488,0.968,1.37e-05,F,0.193,-3.561,Minor,0.132,149.962,0.532
0blbVefuxOGltDBa00dspv,LiSA,Japan,24GaqMv8P5a1y7Y7yRg42J,Jump!!,2017-01,anime,21.0,False,265693,0.0383,0.51,0.982,0.000297,C,0.329,-3.076,Major,0.0858,157.037,0.696
0blbVefuxOGltDBa00dspv,LiSA,Japan,7qqdLdZaCjV58rX3EVv0Il,Get Free,2016-04,anime,16.0,False,246907,0.00547,0.601,0.982,0.0,A,0.132,-2.578,Minor,0.07,95.003,0.582
3PzqP5IkpLhlSdZLh7jwPn,WagakkiBand,Japan,0vrT0TPEq7v7uf3k0wX34g,鋼-HAGANE-,2015-09,j-rock,24.0,False,260893,0.00694,0.56,0.976,5.3e-06,G,0.176,-2.495,Major,0.139,121.062,0.509
4rqJz9fE9prZvQd8WsQv6q,THE ORAL CIGARETTES,Japan,0AXx5spKafRdICXQ1lwZko,Kyouran Hey Kids!!(instrumental),2015-11,j-rock,19.0,False,249987,6.39e-05,0.54,0.973,0.815,G#,0.148,-1.993,Major,0.0848,142.045,0.705
0bAsR2unSRpn6BQPEnNlZm,Aimer,Japan,0GBnt3Gn6ghOSGC6O0Zs6Z,Kyoukara Omoide,2013-03,anime,22.0,False,306333,0.338,0.518,0.57,5.43e-05,D,0.382,-5.181,Minor,0.0256,139.989,0.365
6cutt8thPFUICMfxaYerWd,MY FIRST STORY,Japan,0vc907WNkLfxVW02cU3u8f,Fake,2014-10,j-rock,26.0,False,181000,0.000109,0.516,0.961,0.0,G#,0.326,-3.834,Major,0.0847,96.024,0.408
3PWp9R5HvbQgxI5KBx5kVd,KANA-BOON,Japan,0deTsnDn8VYSsJc0vewmBm,Me To Me To Me To Me,2013-10,anime,17.0,False,248268,0.0209,0.692,0.9,0.0,G#,0.0733,-3.691,Minor,0.167,145.048,0.794
3PWp9R5HvbQgxI5KBx5kVd,KANA-BOON,Japan,5BNOyO2G4Y6cdCatZKVZmx,Tokyo,2013-10,anime,17.0,False,310219,0.0118,0.728,0.577,4.54e-06,G,0.0924,-3.448,Major,0.0499,125.02,0.562
00DuPiLri3mNomvvM3nZvU,Ling tosite sigure,Japan,38FxgtYRyVaDiMYgXSMJfG,Tornado Minority,2018-02,j-rock,19.0,False,277747,0.0153,0.339,0.967,0.0,D#,0.156,-0.926,Minor,0.0995,136.076,0.208
0MK8l3nURwwQIjafvXoJJt,ASIAN KUNG-FU GENERATION,Japan,7G4TU4azg8qQpqKaIh35Yy,Gekkou,2006-03,j-rock,15.0,False,381907,0.000919,0.503,0.704,0.613,A,0.0684,-6.701,Major,0.0415,140.953,0.237
00DuPiLri3mNomvvM3nZvU,Ling tosite sigure,Japan,1BODNQ2uptITa9r0JvW5YZ,Seacret Cm,2009-05,j-rock,19.0,False,245867,0.00282,0.299,0.653,0.944,C,0.0972,-8.173,Minor,0.0451,94.181,0.371
0MK8l3nURwwQIjafvXoJJt,ASIAN KUNG-FU GENERATION,Japan,5mm6LYN6L3H1L6JfJxM2Qo,Senseless,2006-03,j-rock,16.0,False,336627,0.000332,0.335,0.933,0.725,E,0.117,-5.324,Major,0.0646,136.84,0.495
0MK8l3nURwwQIjafvXoJJt,ASIAN KUNG-FU GENERATION,Japan,0Q8F1QeYbEvapcvwNlo0gH,Into an Unseen Tomorrow,2018-03,j-rock,17.0,False,240733,3.89e-05,0.459,0.97,0.058,F#,0.132,-3.201,Major,0.0559,157.035,0.498
0MK8l3nURwwQIjafvXoJJt,ASIAN KUNG-FU GENERATION,Japan,3t7ugPD6rmzFJFXpyqi1vY,Dance in Winter,2006-03,j-rock,15.0,False,205360,0.000116,0.508,0.756,0.299,E,0.0393,-5.677,Major,0.0313,201.928,0.953
6cutt8thPFUICMfxaYerWd,MY FIRST STORY,Japan,5HyCbK2c0ztuCugA04SATV,この世界で一番の幸せ者にはする事など出来ないかもしれないけど…,2017-07,j-rock,30.0,False,204000,0.000805,0.476,0.983,0.0,E,0.366,-3.369,Major,0.201,100.034,0.174
6cutt8thPFUICMfxaYerWd,MY FIRST STORY,Japan,0GmeA0tDBzkGnMh8Aj1yiF,Warning,2012-04,j-rock,28.0,False,234653,0.00132,0.339,0.947,2.9e-06,G,0.802,-2.118,Major,0.107,185.265,0.232
24b231EnCM3BkpiuWs5VBE,SID,Japan,3koLpx9OINg0KOyxKpLt4t,Otegami,2006-11,anime,21.0,False,224733,0.0225,0.545,0.821,0.0,C#,0.134,-3.766,Minor,0.0322,92.863,0.528
3PzqP5IkpLhlSdZLh7jwPn,WagakkiBand,Japan,40J3jx8CDzPr8Xm1rRZ8hR,浮世heavy life,2017-03,j-rock,23.0,False,278333,0.00963,0.596,0.963,2.46e-06,A,0.105,-4.047,Minor,0.116,128.017,0.589
3w2HqkKa6upwuXEULtGvnY,FLOW,Japan,55HBsG1zeekMudUwhxx36F,Planetarium,2010-07,anime,16.0,False,225507,0.00759,0.491,0.483,2.62e-05,G,0.0815,-8.518,Major,0.0255,147.897,0.275
3PzqP5IkpLhlSdZLh7jwPn,WagakkiBand,Japan,0IOKVJmMZusqIQgB5OGqKH,白斑,2015-09,j-rock,24.0,False,220013,0.00422,0.44,0.94,0.0,A#,0.293,-3.334,Minor,0.111,199.89,0.705
6cutt8thPFUICMfxaYerWd,MY FIRST STORY,Japan,5rBnunsAR3wS0XM5d493O3,最終回STORY,2013-07,j-rock,29.0,False,243393,0.00091,0.546,0.943,0.0,A,0.409,-3.092,Major,0.113,107.557,0.202
3w2HqkKa6upwuXEULtGvnY,FLOW,Japan,34v2uyukDwrKekQFtZd08H,Tonight,2010-07,anime,14.0,False,231933,2.47e-05,0.516,0.995,0.0,B,0.331,-3.985,Major,0.123,100.91,0.464
3PzqP5IkpLhlSdZLh7jwPn,WagakkiBand,Japan,5jJzfOscXVNv2Zs3JaTsHI,パラダイムシフト,2018-04,j-rock,24.0,False,239800,0.000485,0.383,0.988,0.000216,F,0.194,-2.171,Minor,0.0767,182.031,0.755
3w2HqkKa6upwuXEULtGvnY,FLOW,Japan,4mJ65nk9s33zmopk0Rcafu,Pendulum,2016-01,anime,17.0,False,252120,0.0252,0.408,0.929,0.0,C#,0.0896,-3.839,Major,0.0627,182.022,0.543
00DuPiLri3mNomvvM3nZvU,Ling tosite sigure,Japan,4kOyPi0mBmA2tIRok6Hmoz,COOL J,2007-01,j-rock,18.0,False,236000,0.00341,0.283,0.987,2.42e-06,A#,0.129,-1.119,Minor,0.111,97.18,0.433
00DuPiLri3mNomvvM3nZvU,Ling tosite sigure,Japan,3HBL57xdRUNtuhbOf0YS39,Sadistic Summer,2005-01,j-rock,18.0,False,266120,0.135,0.272,0.973,0.0,D#,0.0609,-2.659,Minor,0.0773,99.348,0.532
6cutt8thPFUICMfxaYerWd,MY FIRST STORY,Japan,2Dhww8whqDBWiwsROZO3of,Drive Me,2014-10,j-rock,25.0,False,191667,0.00298,0.389,0.924,0.0,G,0.322,-4.771,Major,0.44,179.89,0.3
6cutt8thPFUICMfxaYerWd,MY FIRST STORY,Japan,4x8mobA7K3JzrH90itIOFb,Where come from…,2013-02,j-rock,27.0,False,196787,0.000143,0.458,0.949,0.0,C#,0.357,-2.425,Minor,0.138,74.805,0.554
0MK8l3nURwwQIjafvXoJJt,ASIAN KUNG-FU GENERATION,Japan,37xSkaI2TjK6zOACD45s2C,Holiday,2018-09,j-rock,16.0,False,188200,0.00486,0.522,0.886,1.15e-05,A,0.166,-3.92,Major,0.0318,105.029,0.733
4rqJz9fE9prZvQd8WsQv6q,THE ORAL CIGARETTES,Japan,0tkTtD0uMBCFLljBr3Z6Xo,Hyoutanyama No Ekiinsan,2013-08,j-rock,17.0,False,229867,0.00325,0.715,0.781,0.0,B,0.103,-4.379,Minor,0.032,132.089,0.962
0MK8l3nURwwQIjafvXoJJt,ASIAN KUNG-FU GENERATION,Japan,5hlrZC3JuYmLawmo97Estq,The Thaw,2018-03,j-rock,16.0,False,207987,8.01e-06,0.315,0.919,0.772,C,0.342,-2.588,Major,0.0467,175.054,0.574
00DuPiLri3mNomvvM3nZvU,Ling tosite sigure,Japan,37HNkizY68JbyC63Fl1HSU,O.F.T,2005-01,j-rock,18.0,False,291547,0.00256,0.325,0.748,0.144,D#,0.116,-2.597,Minor,0.0473,131.085,0.479
00DuPiLri3mNomvvM3nZvU,Ling tosite sigure,Japan,2PFXzQJZjSABusBJTlW1ur,Dynamite Nonsense,2014-11,j-rock,19.0,False,220429,0.000203,0.369,0.927,0.00034,C#,0.102,-2.091,Major,0.0607,142.895,0.463
0bAsR2unSRpn6BQPEnNlZm,Aimer,Japan,5zI8k7kzdD5cvKdBtbglY7,Ophelia,2015-06,anime,21.0,False,404053,0.0895,0.585,0.45,0.0,F#,0.0663,-9.043,Minor,0.0354,151.995,0.322
3PWp9R5HvbQgxI5KBx5kVd,KANA-BOON,Japan,6OKqnSyhoTLDWvat94fFjx,A. oh!!,2013-10,anime,17.0,False,271373,0.000317,0.44,0.935,0.00421,A,0.332,-3.533,Minor,0.0727,172.03,0.545
0blbVefuxOGltDBa00dspv,LiSA,Japan,622iI23bJv7DRbAvTkOGqN,Akai Wana (Who Loves It?) - Instrumental,2018-12,anime,19.0,False,248907,0.000205,0.431,0.972,0.759,B,0.139,-6.076,Minor,0.0822,141.008,0.443
6cutt8thPFUICMfxaYerWd,MY FIRST STORY,Japan,0NT0IWL13l990vIlg8Ovjd,Awake,2012-04,j-rock,28.0,False,216600,6.89e-05,0.272,0.981,1.76e-05,G,0.303,-1.672,Major,0.204,104.925,0.25
6cutt8thPFUICMfxaYerWd,MY FIRST STORY,Japan,4znsm4aSibRfCKPdrJB7PR,Weapons,2016-06,j-rock,25.0,False,122000,0.00247,0.443,0.723,0.862,C#,0.51,-12.293,Minor,0.0396,120.034,0.0504
3PzqP5IkpLhlSdZLh7jwPn,WagakkiBand,Japan,2NFd5SUXdY3gwz151qs2mq,望月,2017-03,j-rock,26.0,False,207760,0.014,0.415,0.897,0.000219,A,0.0916,-5.003,Minor,0.141,171.955,0.525
3PzqP5IkpLhlSdZLh7jwPn,WagakkiBand,Japan,1W9snGVOIgZjPVmiKdGsKE,MOON SHINE,2017-03,j-rock,23.0,False,285307,0.0203,0.625,0.923,0.000203,A,0.259,-4.75,Minor,0.133,120.06,0.603
3PzqP5IkpLhlSdZLh7jwPn,WagakkiBand,Japan,17STY1l4drQUYqW8Yjcs8s,ミ・ラ・イ,2017-03,j-rock,23.0,False,268533,0.0597,0.548,0.882,0.0,C,0.358,-4.446,Major,0.0444,99.964,0.461
00DuPiLri3mNomvvM3nZvU,Ling tosite sigure,Japan,7IvHjbYdxuwnb5hIJb1qNr,I not crazy am you are,2007-01,j-rock,18.0,False,280440,0.00292,0.282,0.967,3.27e-06,G,0.19,-0.367,Minor,0.12,144.748,0.334
00DuPiLri3mNomvvM3nZvU,Ling tosite sigure,Japan,6Q4Ar5Xx8fegyjSPansWeb,Moment a Rhythm (Short Ver.),2009-05,j-rock,19.0,False,436693,0.0082,0.433,0.465,0.407,G#,0.0876,-8.478,Minor,0.0263,79.589,0.228
00DuPiLri3mNomvvM3nZvU,Ling tosite sigure,Japan,7EPM8z9qssh2zq2qGWHIbA,Mib126,2009-05,j-rock,18.0,False,322173,0.000939,0.265,0.678,0.0431,B,0.15,-6.583,Major,0.0828,93.481,0.354
00DuPiLri3mNomvvM3nZvU,Ling tosite sigure,Japan,1wzLy6RNZpgIaCTTegMSwD,A Symmetry,2010-09,j-rock,19.0,False,291320,3.59e-05,0.375,0.895,0.441,F#,0.134,-3.804,Minor,0.0623,129.98,0.225
0MK8l3nURwwQIjafvXoJJt,ASIAN KUNG-FU GENERATION,Japan,66L2zHxPMZz7h9AkFWKsiU,Enoshima Escar,2008-11,j-rock,14.0,False,159333,0.000119,0.375,0.872,0.00981,C,0.271,-3.39,Major,0.0614,132.914,0.497
0MK8l3nURwwQIjafvXoJJt,ASIAN KUNG-FU GENERATION,Japan,1tBI7ivZZpArb39ZV8o4rW,Powder Snow,2003-04,j-rock,15.0,False,226133,7.85e-05,0.392,0.595,0.00671,B,0.387,-1.65,Minor,0.0544,132.963,0.505
0MK8l3nURwwQIjafvXoJJt,ASIAN KUNG-FU GENERATION,Japan,0gK9jSFoOFRRdNosDSWjPV,Last Dance with the Sadness,2010-06,j-rock,16.0,False,221773,0.0103,0.581,0.906,0.0,F#,0.0304,-3.604,Major,0.0424,123.285,0.692
0bAsR2unSRpn6BQPEnNlZm,Aimer,Japan,3vmw3dXMBlkv8CXs7sflK2,Fuyunodaiyamondo - Re-echoed by Genki Rockets,2012-10,anime,22.0,False,372360,0.647,0.519,0.482,0.0,F#,0.114,-6.563,Major,0.0337,76.002,0.411
6cutt8thPFUICMfxaYerWd,MY FIRST STORY,Japan,1Y56IAL1JGA6sWcL3GMO2p,Bullet radio,2012-04,j-rock,25.0,False,184867,0.000548,0.371,0.973,4.27e-05,A,0.205,-1.657,Major,0.153,187.122,0.297
6cutt8thPFUICMfxaYerWd,MY FIRST STORY,Japan,0L66s0HopFTud4TuwcklzN,Monolougue,2014-10,j-rock,24.0,False,93027,0.0233,0.363,0.812,0.785,E,0.222,-9.253,Major,0.0455,188.145,0.474
6cutt8thPFUICMfxaYerWd,MY FIRST STORY,Japan,1qBuFhQxHT74J068GuNzTj,Lose your mind,2013-02,j-rock,27.0,False,226387,8.48e-06,0.549,0.973,0.000828,F#,0.44,-3.044,Major,0.0464,106.92,0.62
3PWp9R5HvbQgxI5KBx5kVd,KANA-BOON,Japan,34A4zD1k99x4T9o5y6Hz59,Origin,2016-02,anime,18.0,False,229387,0.0029,0.29,0.971,0.0144,D,0.286,-2.611,Major,0.0626,175.965,0.444
00DuPiLri3mNomvvM3nZvU,Ling tosite sigure,Japan,5A7nqzXUt5IZIOA7oNBv6M,Telecaster no Sinjitu,2005-01,j-rock,19.0,False,206853,0.0113,0.265,0.931,1.35e-05,C#,0.316,-2.216,Major,0.113,110.016,0.246
00DuPiLri3mNomvvM3nZvU,Ling tosite sigure,Japan,6CdMr5ppTMEVRQcqApH1J9,Akai Yuuwaku,2007-01,j-rock,17.0,False,287200,0.00866,0.21,0.933,0.0168,B,0.0938,-2.06,Major,0.0778,92.773,0.277
0bAsR2unSRpn6BQPEnNlZm,Aimer,Japan,7oiNKMoY0EY2VLCGuSl1OO,Mine,2014-05,anime,24.0,False,313893,0.478,0.398,0.288,0.0,F#,0.357,-9.14,Major,0.0276,68.764,0.259
4rqJz9fE9prZvQd8WsQv6q,THE ORAL CIGARETTES,Japan,0JAR2I1agSMJ2uKNA2H8Ei,Kijyou No Kuron Ni Imi Wo Nasu,2013-08,j-rock,17.0,False,270600,0.000819,0.652,0.891,2.4e-06,G,0.116,-3.487,Major,0.041,120.059,0.944
3PzqP5IkpLhlSdZLh7jwPn,WagakkiBand,Japan,1keV1c1UZqeOVy3FolI6CU,東風破 - Japanese ver.,2017-11,j-rock,23.0,False,318867,0.333,0.449,0.695,0.0,D,0.159,-6.148,Major,0.0469,145.962,0.379
0blbVefuxOGltDBa00dspv,LiSA,Japan,1p0gRyvHMDFts7cPxBYQ2w,Peace Beat Beast,2017-01,anime,20.0,False,250813,0.0225,0.437,0.989,0.00124,E,0.256,-2.341,Minor,0.189,160.006,0.497
0blbVefuxOGltDBa00dspv,LiSA,Japan,6R974CaNcNyv8PGxcax1jv,Soshite Paradeha Tsuzuku,2017-01,anime,19.0,False,306987,0.199,0.729,0.898,8.21e-06,G,0.295,-3.214,Major,0.034,97.546,0.946
0MK8l3nURwwQIjafvXoJJt,ASIAN KUNG-FU GENERATION,Japan,7wpej4TnxD2GE8yHQZKIGV,World World,2008-03,j-rock,14.0,False,80960,0.582,0.791,0.532,0.379,G,0.489,-11.828,Major,0.0672,114.968,0.87
0MK8l3nURwwQIjafvXoJJt,ASIAN KUNG-FU GENERATION,Japan,2yyYCRaRU0fv2kjpVj5Aut,Song of Blue,2003-04,j-rock,14.0,False,232400,0.00191,0.39,0.696,0.443,C,0.269,-2.111,Major,0.0427,148.843,0.462
0bAsR2unSRpn6BQPEnNlZm,Aimer,Japan,4vYfOOeIjpNq6Z4qw14dLu,Kyoukara Omoide - Live in Church Version,2013-11,anime,20.0,False,376160,0.961,0.384,0.345,0.000388,F,0.103,-10.181,Major,0.0405,139.999,0.156
0bAsR2unSRpn6BQPEnNlZm,Aimer,Japan,30LKmJzsVasNRj9Fv6Sx66,Anatani Deawanakereba Kasetsutouka - Live in Church Version,2013-11,anime,21.0,False,415560,0.95,0.353,0.416,0.00132,C#,0.1,-9.047,Minor,0.0429,145.023,0.214
0bAsR2unSRpn6BQPEnNlZm,Aimer,Japan,3AiZ1XamHzSIYpXnSRElEH,Rokutouseino Yoru - From Live at Anywhere,2013-11,anime,20.0,False,337933,0.877,0.403,0.212,0.0,G#,0.106,-10.502,Major,0.0302,147.785,0.393
0bAsR2unSRpn6BQPEnNlZm,Aimer,Japan,0W6GcEzacEoRyHofzE3xuI,Hoshino Kieta Yoruni,2013-03,anime,19.0,False,355960,0.205,0.676,0.517,7.57e-06,G#,0.117,-7.85,Major,0.0237,102.989,0.326
3PWp9R5HvbQgxI5KBx5kVd,KANA-BOON,Japan,3m04qLALxWNbWssxGc5yM9,Machiiro,2015-08,anime,16.0,False,255920,0.0036,0.321,0.842,0.0,G,0.166,-3.335,Major,0.0387,172.055,0.383
3PzqP5IkpLhlSdZLh7jwPn,WagakkiBand,Japan,4tFbvtuShlifUVkYQn2Vy1,オキノタユウ,2017-03,j-rock,24.0,False,262453,0.134,0.594,0.488,3.41e-05,C,0.239,-6.462,Major,0.0283,131.033,0.198
4rqJz9fE9prZvQd8WsQv6q,THE ORAL CIGARETTES,Japan,14r3l0aQ1GWTx5C6tSWQv8,Kono Kisetsu Ni Boku Ga Utau Uta,2013-08,j-rock,16.0,False,301800,0.0663,0.693,0.73,0.0,B,0.309,-4.97,Minor,0.024,110.983,0.808
3PzqP5IkpLhlSdZLh7jwPn,WagakkiBand,Japan,3lrdPuiCcEsWC22Qou77pD,雨のち感情論,2017-11,j-rock,24.0,False,235027,0.0114,0.503,0.979,0.0,F#,0.105,-5.135,Major,0.0801,92.0,0.54
0bAsR2unSRpn6BQPEnNlZm,Aimer,Japan,23OVPgN6l7GRyUhwHkODYJ,When You Wish Upon A Star - Prologue,2014-06,anime,20.0,False,73627,0.973,0.456,0.145,0.000104,G#,0.125,-17.241,Major,0.0416,72.243,0.393
6cutt8thPFUICMfxaYerWd,MY FIRST STORY,Japan,3iASGIFlQ3RbavXMPobRuW,「花」 -0714-,2013-07,j-rock,29.0,False,246790,0.00807,0.577,0.641,0.0,B,0.147,-7.004,Major,0.0326,129.957,0.306
00DuPiLri3mNomvvM3nZvU,Ling tosite sigure,Japan,6mT2bkFF6J2MKyhLGzVmIz,Turbocharger ON,2005-01,j-rock,18.0,False,317667,0.003,0.246,0.882,0.845,F,0.367,-2.887,Minor,0.076,131.558,0.275
00DuPiLri3mNomvvM3nZvU,Ling tosite sigure,Japan,1NEG7LPa7k2Ub4vLHxX6EQ,High Energy Vacuum,2018-02,j-rock,18.0,False,233027,1.78e-05,0.249,0.973,3.93e-06,C,0.313,-2.229,Minor,0.0896,167.042,0.385
0blbVefuxOGltDBa00dspv,LiSA,Japan,4zpO89ZtKjjD8BML1sZjCc,Halo-Halo,2016-04,anime,15.0,False,254147,0.0744,0.635,0.997,0.181,A#,0.615,-1.556,Minor,0.0962,115.72,0.295
0blbVefuxOGltDBa00dspv,LiSA,Japan,7qlSmIsx9BvDJXtHb2tEen,Ash - Instrumental,2017-11,anime,15.0,False,235907,3.99e-05,0.425,0.931,0.93,C#,0.237,-4.954,Major,0.0526,95.965,0.404
24b231EnCM3BkpiuWs5VBE,SID,Japan,1nJrgbcNDql1R1aGmgl6RQ,Rasen No Yume,2018-04,anime,19.0,False,240813,0.00372,0.32,0.769,0.0,F,0.139,-4.44,Major,0.0771,80.445,0.73
0MK8l3nURwwQIjafvXoJJt,ASIAN KUNG-FU GENERATION,Japan,08qUyUq4VvYLVyshhnnnwE,1980,2012-09,j-rock,14.0,False,217693,0.00736,0.612,0.916,9.27e-06,C,0.0489,-3.467,Major,0.102,134.982,0.553
0MK8l3nURwwQIjafvXoJJt,ASIAN KUNG-FU GENERATION,Japan,4GeH28vuMQZO4kD0FAfUDJ,Science Fiction,2018-03,j-rock,15.0,False,172587,0.000125,0.37,0.941,0.0,D,0.0862,-2.487,Major,0.0569,94.524,0.473
3w2HqkKa6upwuXEULtGvnY,FLOW,Japan,5rfqOUncwgdK5twbIJXbS5,Freedom,2010-07,anime,13.0,False,200120,3.42e-05,0.536,0.986,0.00177,F,0.325,-3.649,Major,0.142,121.961,0.379
0MK8l3nURwwQIjafvXoJJt,ASIAN KUNG-FU GENERATION,Japan,0gA54tq2HtStaSWH54RCXa,Paint It White,2018-03,j-rock,14.0,False,226613,6.32e-05,0.504,0.848,0.000228,A,0.0583,-3.832,Major,0.0343,151.001,0.575
0MK8l3nURwwQIjafvXoJJt,ASIAN KUNG-FU GENERATION,Japan,1KLmyum5NjzsUE6DWm7zEA,Microphone,2010-06,j-rock,14.0,False,201493,7.78e-05,0.474,0.771,0.000111,A#,0.176,-3.964,Major,0.0313,145.366,0.694
0MK8l3nURwwQIjafvXoJJt,ASIAN KUNG-FU GENERATION,Japan,1UUedNYlrhGvyNOQQEg2Ze,Blue Sky and a Black Cat,2010-06,j-rock,15.0,False,278893,0.000199,0.442,0.882,0.0617,C,0.0849,-4.382,Major,0.0309,92.734,0.508
3w2HqkKa6upwuXEULtGvnY,FLOW,Japan,1UNXBXNj1Fg86XkTxPdYtl,Luna,2010-07,anime,13.0,False,286213,4.9e-05,0.493,0.938,3.61e-05,D,0.0801,-3.119,Major,0.0553,145.93,0.383
0MK8l3nURwwQIjafvXoJJt,ASIAN KUNG-FU GENERATION,Japan,1B1J4gPuvkGdx5MsxtVBxJ,Inamuragasaki Jane,2018-03,j-rock,14.0,False,189507,0.000849,0.553,0.969,2.53e-05,G#,0.0693,-2.739,Major,0.0484,121.004,0.788
0MK8l3nURwwQIjafvXoJJt,ASIAN KUNG-FU GENERATION,Japan,1gkpIQtqHAtWmjplCtYHBP,Goodbye Lost Generation,2010-06,j-rock,15.0,False,319360,0.00397,0.425,0.746,0.000198,B,0.111,-4.832,Major,0.0302,178.41,0.498
0MK8l3nURwwQIjafvXoJJt,ASIAN KUNG-FU GENERATION,Japan,2RMaSqveHxaZWu9t5SDL5v,Forever,2018-03,j-rock,15.0,False,191907,6.5e-05,0.479,0.892,0.807,G,0.109,-4.933,Major,0.0328,110.957,0.189
0bAsR2unSRpn6BQPEnNlZm,Aimer,Japan,123vGvwKWrn0EuUt1rD70C,Refrain Ga Sakenderu,2012-12,anime,18.0,False,261187,0.0394,0.669,0.639,0.0,A,0.0726,-5.533,Major,0.0288,125.973,0.435
3PzqP5IkpLhlSdZLh7jwPn,WagakkiBand,Japan,1EGIPhvhoQbpmh0j2dcCj4,郷愁の空,2015-09,j-rock,23.0,False,296187,0.0209,0.619,0.908,0.0,A,0.342,-4.672,Major,0.0436,117.017,0.675
0bAsR2unSRpn6BQPEnNlZm,Aimer,Japan,5Lm9ALkn8XcB9RSSfIJjlb,After Dark Prologue,2013-11,anime,22.0,False,68080,0.29,0.275,0.295,0.0107,A,0.141,-12.503,Major,0.0294,72.643,0.142
6cutt8thPFUICMfxaYerWd,MY FIRST STORY,Japan,1Oi7pxV2W8axzozwWeRwHQ,Gift,2013-02,j-rock,26.0,False,253787,0.000116,0.591,0.943,0.000899,G#,0.0822,-3.698,Major,0.0729,139.995,0.498
00DuPiLri3mNomvvM3nZvU,Ling tosite sigure,Japan,3shKeahNkvyBXQ4p41wR9K,knife vacation,2007-01,j-rock,17.0,False,241373,0.0157,0.193,0.95,0.0,F#,0.296,-1.221,Minor,0.0713,90.765,0.615
00DuPiLri3mNomvvM3nZvU,Ling tosite sigure,Japan,20m69fbMSG3Y8Wmh87Gwlp,Ultra Overcorrection,2018-02,j-rock,18.0,False,284013,8.84e-05,0.338,0.968,0.144,G#,0.047,-1.523,Minor,0.0816,136.033,0.412
3w2HqkKa6upwuXEULtGvnY,FLOW,Japan,4kwOQa2qMYWv5zmOfg8b75,Ambience,2010-07,anime,12.0,False,250653,0.00251,0.257,0.907,0.0,G,0.351,-3.842,Major,0.0798,175.808,0.182
3PzqP5IkpLhlSdZLh7jwPn,WagakkiBand,Japan,55HDiA8mtfaEQ1kxaMh1tr,CLEAN,2017-03,j-rock,22.0,False,330587,0.0339,0.536,0.769,2.71e-06,F,0.317,-4.586,Major,0.0309,107.993,0.541
0MK8l3nURwwQIjafvXoJJt,ASIAN KUNG-FU GENERATION,Japan,310icc7cDHRadisH808uCX,Signal on the Street,2015-05,j-rock,14.0,False,258533,0.000581,0.36,0.967,0.022,A#,0.138,-2.355,Major,0.0464,177.475,0.357
0MK8l3nURwwQIjafvXoJJt,ASIAN KUNG-FU GENERATION,Japan,7Af4nnpjgT3snjQlixKUYH,12,2003-04,j-rock,13.0,False,276440,3.34e-05,0.304,0.673,0.35,C,0.382,-2.068,Major,0.0565,156.74,0.449
0MK8l3nURwwQIjafvXoJJt,ASIAN KUNG-FU GENERATION,Japan,7qE1akii2AxdjBMclKk9FP,Oceanic Route,2012-09,j-rock,13.0,False,197733,0.003,0.326,0.964,6.03e-06,G,0.154,-4.108,Major,0.0502,171.082,0.49
0MK8l3nURwwQIjafvXoJJt,ASIAN KUNG-FU GENERATION,Japan,7GqyfrztZdfBBMo2tG5nR4,Machine Guns and Adjectives,2012-09,j-rock,14.0,False,235400,0.141,0.584,0.911,0.000413,C,0.0893,-4.746,Major,0.0489,117.087,0.588
0MK8l3nURwwQIjafvXoJJt,ASIAN KUNG-FU GENERATION,Japan,4J2eDpEjwdKbZ1jpihLv0J,Bitter Orange,2010-06,j-rock,14.0,False,253907,0.00192,0.491,0.878,7.13e-05,D#,0.241,-4.165,Major,0.034,139.279,0.776
3PzqP5IkpLhlSdZLh7jwPn,WagakkiBand,Japan,5M8WPsF28PtFUObDUGLKx2,なでしこ桜,2015-09,j-rock,23.0,False,283973,0.141,0.267,0.948,0.0288,G#,0.366,-1.007,Major,0.0962,185.554,0.539
0MK8l3nURwwQIjafvXoJJt,ASIAN KUNG-FU GENERATION,Japan,2BpspRcKKyAyz0EU5ZHqvh,1.2.3.4.5.6. Baby,2012-09,j-rock,14.0,False,205347,0.000666,0.428,0.832,0.403,E,0.286,-4.426,Major,0.0396,153.161,0.378
3PzqP5IkpLhlSdZLh7jwPn,WagakkiBand,Japan,46QnuI70H13bj9Bmv0aKtw,花になれ!,2018-09,j-rock,23.0,False,213533,0.0696,0.575,0.963,1.72e-05,A,0.249,-2.908,Major,0.06,159.973,0.869
0MK8l3nURwwQIjafvXoJJt,ASIAN KUNG-FU GENERATION,Japan,58n0IDT1OcouMm6SYSrb8X,Little Lennon,2015-05,j-rock,15.0,False,241800,0.0152,0.46,0.929,0.707,D,0.245,-3.413,Major,0.0428,93.674,0.437
0MK8l3nURwwQIjafvXoJJt,ASIAN KUNG-FU GENERATION,Japan,7upfEp32zoXvkTqZLqUBDJ,Eternal Sunshine,2015-05,j-rock,15.0,False,299493,0.0336,0.56,0.924,0.000217,D,0.0936,-2.0,Major,0.0561,133.22,0.326
0MK8l3nURwwQIjafvXoJJt,ASIAN KUNG-FU GENERATION,Japan,1OziKEyfQfvTFqDEFFed64,Yes,2010-06,j-rock,13.0,False,196600,1.65e-05,0.266,0.955,0.19,A,0.0783,-3.131,Major,0.0713,170.843,0.356
0MK8l3nURwwQIjafvXoJJt,ASIAN KUNG-FU GENERATION,Japan,6CKvkhhmtOLP58tYDywUSr,Gokurakuji Heartbreak,2018-03,j-rock,13.0,False,141307,0.00106,0.409,0.976,1.36e-05,G,0.246,-3.037,Major,0.0473,141.001,0.512
24b231EnCM3BkpiuWs5VBE,SID,Japan,4qyPvIwZ2ZFB6yGEDPS8cR,Watashi ha ame,2004-12,anime,18.0,False,272907,0.62,0.604,0.63,0.0,E,0.101,-6.322,Minor,0.0682,136.904,0.546
24b231EnCM3BkpiuWs5VBE,SID,Japan,0OQDM9hZH7BjgGmCotQnPH,Ash,2018-04,anime,19.0,False,238000,0.00195,0.523,0.935,0.0,G,0.198,-4.179,Major,0.099,96.025,0.386
00DuPiLri3mNomvvM3nZvU,Ling tosite sigure,Japan,5K3zIwQrCHP8XIdjGxG1CN,Eneme,2018-02,j-rock,16.0,False,297467,0.000117,0.206,0.975,0.0089,E,0.138,-2.56,Minor,0.125,143.156,0.183
3w2HqkKa6upwuXEULtGvnY,FLOW,Japan,6WxUnXYNPQTkcTa6hlgL1i,Burn - Game Size,2016-08,anime,17.0,False,124415,0.00348,0.256,0.904,0.0,G#,0.125,-5.374,Minor,0.138,197.861,0.315
3w2HqkKa6upwuXEULtGvnY,FLOW,Japan,1bC4XLajw1Yv0WKfZC9L62,Hibana,2016-01,anime,14.0,False,243613,0.0131,0.542,0.934,0.0,G,0.11,-3.532,Major,0.0767,147.042,0.75
6cutt8thPFUICMfxaYerWd,MY FIRST STORY,Japan,7xHCTwLyhthha31pYn55tv,21Miles,2015-08,j-rock,25.0,False,225333,0.704,0.494,0.366,0.0,D,0.0711,-13.276,Major,0.0583,159.626,0.564
3w2HqkKa6upwuXEULtGvnY,FLOW,Japan,0dxbs8d9vQKdPLe3Siaect,TO-O-KU-E,2010-07,anime,13.0,False,281547,0.00125,0.539,0.874,0.0072,C#,0.099,-4.631,Major,0.0347,109.909,0.451
0bAsR2unSRpn6BQPEnNlZm,Aimer,Japan,1YJ60s32vdXLEhWV8R75bi,Hoshikuzu Venus - Live in Church Version,2013-11,anime,19.0,False,280467,0.963,0.404,0.312,0.000199,F,0.131,-9.423,Major,0.0299,143.258,0.237
3w2HqkKa6upwuXEULtGvnY,FLOW,Japan,5LJSSPfRvpeFlyG2YzQ7TD,Answer,2008-03,anime,16.0,False,279733,0.000227,0.582,0.981,0.0,C,0.237,-2.952,Major,0.0395,122.163,0.878
0bAsR2unSRpn6BQPEnNlZm,Aimer,Japan,7qNAMtN5S8TZZwufyhp95f,Hakuchumu - TV Edit,2015-07,anime,18.0,False,133333,0.561,0.436,0.498,5.94e-06,B,0.116,-9.079,Major,0.0539,163.868,0.326
0bAsR2unSRpn6BQPEnNlZm,Aimer,Japan,0MqvvUNqrOmHizqPNvc11K,Fuyu No Diamond,2012-02,anime,20.0,False,360493,0.642,0.501,0.557,0.0,F#,0.0868,-4.804,Major,0.0258,75.989,0.402
0MK8l3nURwwQIjafvXoJJt,ASIAN KUNG-FU GENERATION,Japan,1VnnhRGpF5uVNX5jv66IX0,Pulsating Life,2008-06,j-rock,12.0,False,209467,1.74e-05,0.351,0.959,0.000414,C,0.332,-3.463,Major,0.0768,201.116,0.556
6cutt8thPFUICMfxaYerWd,MY FIRST STORY,Japan,3lZ4UYDG8n4InoWwM9vuI0,preservation,2013-02,j-rock,18.0,False,60480,0.00475,0.278,0.327,0.763,C#,0.156,-16.039,Major,0.0269,88.213,0.179
0MK8l3nURwwQIjafvXoJJt,ASIAN KUNG-FU GENERATION,Japan,1sKWri8QywOV10xedsuSAX,Sunday,2003-04,j-rock,13.0,False,243000,0.000389,0.398,0.778,0.0683,B,0.282,-2.715,Minor,0.0559,155.052,0.341
0MK8l3nURwwQIjafvXoJJt,ASIAN KUNG-FU GENERATION,Japan,2LEZ6CAOQEdN9kA5ByDcwX,A & Z,2012-09,j-rock,13.0,False,279333,0.000765,0.619,0.863,0.213,F#,0.548,-5.962,Minor,0.104,135.106,0.323
0MK8l3nURwwQIjafvXoJJt,ASIAN KUNG-FU GENERATION,Japan,33eYUqBx6T1p1CjffUtBdg,Shichirigahama Skywalk,2008-11,j-rock,12.0,False,169440,0.0453,0.643,0.856,3.85e-05,A,0.0612,-4.183,Major,0.0312,115.159,0.921
0MK8l3nURwwQIjafvXoJJt,ASIAN KUNG-FU GENERATION,Japan,2BcQW3myaoMzHkBelzukvq,N2,2012-09,j-rock,13.0,False,186173,0.0355,0.659,0.897,0.208,E,0.086,-4.365,Major,0.0493,131.135,0.514
0MK8l3nURwwQIjafvXoJJt,ASIAN KUNG-FU GENERATION,Japan,5bw5mDARMJSk838nfktPfZ,Dicotyledon,2010-06,j-rock,14.0,False,238507,5e-05,0.364,0.842,0.000108,C#,0.103,-3.685,Major,0.0356,189.385,0.723
0MK8l3nURwwQIjafvXoJJt,ASIAN KUNG-FU GENERATION,Japan,54xexr3PmxMYIl2zWgdh5Q,Rising Sun,2010-06,j-rock,13.0,False,257733,0.0147,0.789,0.612,0.000869,C,0.0889,-5.649,Major,0.0392,120.003,0.744
0blbVefuxOGltDBa00dspv,LiSA,Japan,0m1enJeMckm07EP3XSWudD,Tsuyogari Fanfare,2016-08,anime,13.0,False,302440,0.00384,0.522,0.982,0.000499,G#,0.333,-1.782,Major,0.0676,135.975,0.646
24b231EnCM3BkpiuWs5VBE,SID,Japan,5A8FOIaMLkCT1lsOgNDuKR,Milk,2006-11,anime,17.0,False,309720,0.199,0.506,0.684,0.0,C,0.308,-5.214,Major,0.0315,172.104,0.496
00DuPiLri3mNomvvM3nZvU,Ling tosite sigure,Japan,3PE3AoZ0vj7LdN03kKDfzO,Serial Number of Turbo,2018-02,j-rock,16.0,False,258507,0.186,0.554,0.816,0.000899,G,0.389,-5.853,Minor,0.0397,143.915,0.693
6cutt8thPFUICMfxaYerWd,MY FIRST STORY,Japan,1qrvzYIb4g8jGxNF2VZ3z6,institution,2012-04,j-rock,25.0,False,83240,0.0367,0.387,0.868,0.956,A,0.659,-7.177,Major,0.0399,169.961,0.236
3PzqP5IkpLhlSdZLh7jwPn,WagakkiBand,Japan,6DSB12S61jjBGP92x053uk,風立ちぬ,2018-04,j-rock,22.0,False,248400,0.151,0.556,0.857,0.0,G,0.328,-4.1,Major,0.0368,122.997,0.385
3PWp9R5HvbQgxI5KBx5kVd,KANA-BOON,Japan,4myPT8j5jzDvWLgCyEswF0,Yoru Wo Koete,2013-10,anime,15.0,False,276875,0.000366,0.505,0.807,0.00399,G,0.296,-3.318,Major,0.044,134.966,0.367
3w2HqkKa6upwuXEULtGvnY,FLOW,Japan,5dln8qARJBBv5eDOnaxFRT,Enemy,2010-07,anime,12.0,False,253600,1.03e-05,0.424,0.979,0.0683,B,0.251,-2.72,Minor,0.0644,175.903,0.753
0bAsR2unSRpn6BQPEnNlZm,Aimer,Japan,2ZpMA31ohrsntDWZtJCwEA,Re: I Am - Live in Church Version,2013-11,anime,20.0,False,376453,0.962,0.427,0.34,0.000869,G#,0.71,-8.848,Major,0.0276,145.178,0.268
3w2HqkKa6upwuXEULtGvnY,FLOW,Japan,21FkBTuFO6sC9bVigBIBjy,Echoes,2010-07,anime,12.0,False,100520,0.00436,0.364,0.597,0.834,C,0.895,-12.335,Major,0.13,86.983,0.312
3w2HqkKa6upwuXEULtGvnY,FLOW,Japan,1SKW14TGmVMnmIv38MZeuS,Soul Red,2010-07,anime,12.0,False,220520,0.000202,0.643,0.948,0.0,A,0.033,-3.977,Minor,0.0384,113.934,0.822
0bAsR2unSRpn6BQPEnNlZm,Aimer,Japan,1Px0LRSORZpiHltTxlHRgZ,Ninelie (with chelly) - TV Size,2016-05,anime,19.0,False,90307,0.0438,0.462,0.859,7.75e-05,F#,0.114,-6.306,Minor,0.0527,172.155,0.363
0bAsR2unSRpn6BQPEnNlZm,Aimer,Japan,0lAhZBxCDRgkxQmtCEUiau,Tsuyoku Hakanai Monotachi,2012-12,anime,17.0,False,285120,0.339,0.57,0.675,3.73e-05,C#,0.104,-5.591,Minor,0.0256,77.997,0.6
0MK8l3nURwwQIjafvXoJJt,ASIAN KUNG-FU GENERATION,Japan,4MeAAfe8HSfMWxxEPjWRGt,Winner and Loser,2015-05,j-rock,14.0,False,242747,0.00263,0.526,0.953,0.00379,B,0.323,-2.045,Minor,0.0297,94.611,0.586
0MK8l3nURwwQIjafvXoJJt,ASIAN KUNG-FU GENERATION,Japan,6bEPfNKGUbztxauDCZbTA2,Deep Breath,2008-06,j-rock,12.0,False,234867,0.000221,0.506,0.922,2.22e-06,D#,0.0787,-3.963,Major,0.0375,125.323,0.579
00DuPiLri3mNomvvM3nZvU,Ling tosite sigure,Japan,742ZnC1OgUGIScdzXEy5ui,Acoustic,2005-01,j-rock,16.0,False,238147,0.00335,0.353,0.483,0.00068,F#,0.121,-9.888,Major,0.0576,88.401,0.574
0MK8l3nURwwQIjafvXoJJt,ASIAN KUNG-FU GENERATION,Japan,4okjVUeiBOHmd0RdWNfxlE,Opera Glasses,2015-05,j-rock,14.0,False,284747,0.0166,0.511,0.963,0.00211,F#,0.0664,-2.242,Minor,0.0888,135.219,0.347
00DuPiLri3mNomvvM3nZvU,Ling tosite sigure,Japan,3vSV6ljhT4WUgDXUPxx4eX,Kankaku UFO,2006-01,j-rock,14.0,False,280267,0.0612,0.243,0.961,0.0105,G#,0.208,-3.671,Major,0.0862,100.257,0.245
00DuPiLri3mNomvvM3nZvU,Ling tosite sigure,Japan,1GSw5mLTI7YiXc3Z9AhgQl,CRAZY Kanjyou STYLE,2005-01,j-rock,15.0,False,300160,0.0198,0.351,0.912,0.00773,C#,0.0603,-3.482,Minor,0.123,123.827,0.46
6cutt8thPFUICMfxaYerWd,MY FIRST STORY,Japan,4XpQLcNHiDBfx4IfLSX5HP,The Storyteller,2017-07,j-rock,27.0,False,232933,0.00182,0.374,0.872,0.0,D,0.0968,-2.856,Major,0.0343,144.981,0.44
6cutt8thPFUICMfxaYerWd,MY FIRST STORY,Japan,1kWx9bzXhVKOc63PnPsI12,Still,2012-04,j-rock,21.0,False,280800,0.0519,0.448,0.879,1.16e-06,A#,0.188,-4.187,Major,0.064,174.978,0.228
0blbVefuxOGltDBa00dspv,LiSA,Japan,1JFr01G5TmTGkrYzPU3phF,Escape Game,2011-04,anime,16.0,False,230880,0.000147,0.68,0.802,0.0,B,0.0851,-4.859,Minor,0.0644,105.034,0.551
0blbVefuxOGltDBa00dspv,LiSA,Japan,2DKbW4za6OchQxFM5yvyJM,Kyomu,2015-09,anime,16.0,False,269027,0.0217,0.437,0.988,0.0,G,0.157,-3.263,Major,0.286,164.178,0.372
0blbVefuxOGltDBa00dspv,LiSA,Japan,4cXoTliOOgbpgUoW7PiA1n,Now and Future,2012-02,anime,17.0,False,260733,0.0013,0.545,0.925,0.0282,A#,0.0953,-2.558,Minor,0.0686,187.014,0.934
3PzqP5IkpLhlSdZLh7jwPn,WagakkiBand,Japan,2vUHmsOYoIi4PTGBD3zmPJ,Kishikaisei,2016-08,j-rock,10.0,False,250355,0.0323,0.561,0.982,0.000101,B,0.117,-2.688,Minor,0.0879,94.959,0.568
00DuPiLri3mNomvvM3nZvU,Ling tosite sigure,Japan,5DR9W7SvQeJKvLtEUazT6a,Who's WhoFO,2018-02,j-rock,16.0,False,297840,0.00121,0.476,0.879,0.000227,A,0.324,-3.951,Minor,0.0677,142.993,0.35
0bAsR2unSRpn6BQPEnNlZm,Aimer,Japan,1rKWyi67TbzcHHrsbENamE,Twinkle Twinkle Little Star Prologue,2012-10,anime,21.0,False,88347,0.803,0.471,0.0893,0.00029,G,0.0952,-16.002,Major,0.0407,66.964,0.147
3w2HqkKa6upwuXEULtGvnY,FLOW,Japan,1iTitVkTvepXc8wlYZXy4m,Joy to the World (feat. Kiba of Akiba),2016-02,anime,15.0,False,213133,8.27e-05,0.396,0.953,0.0,D,0.36,-5.01,Major,0.0896,152.128,0.629
3w2HqkKa6upwuXEULtGvnY,FLOW,Japan,5Kr6YrqQEcsAl3i5QeNK1D,Okuru Kotoba,2003-01,anime,13.0,False,192000,0.132,0.371,0.899,0.0,C,0.126,-3.787,Major,0.114,179.982,0.571
0bAsR2unSRpn6BQPEnNlZm,Aimer,Japan,2KWxAJGO5xjYt4KFQZtx85,Dareka Umiwo - Instrumental,2015-07,anime,17.0,False,293987,0.451,0.325,0.478,0.917,G,0.151,-11.174,Minor,0.0385,142.038,0.12
3w2HqkKa6upwuXEULtGvnY,FLOW,Japan,2E4SDQRkog9hbxNq0BSqBi,Good Days,2016-02,anime,16.0,False,431440,0.00469,0.369,0.688,4.81e-06,A,0.132,-5.649,Major,0.0295,156.04,0.266
0bAsR2unSRpn6BQPEnNlZm,Aimer,Japan,0VSzTehHYVAR5TnuF75oWP,Samishikute Nemurenai Yoruwa - Live in Church Version,2013-11,anime,19.0,False,381307,0.959,0.43,0.328,0.000219,G#,0.189,-11.303,Major,0.0414,140.783,0.328
3w2HqkKa6upwuXEULtGvnY,FLOW,Japan,4UvtVAxVV8WNJQEkCWRHn0,Days - Golden Coast Version,2005-07,anime,12.0,False,265133,0.00675,0.579,0.795,1.34e-06,A#,0.13,-6.053,Minor,0.0421,125.919,0.874
0bAsR2unSRpn6BQPEnNlZm,Aimer,Japan,31WQOg0wveo9LcW31DRVTR,Dareka Umiwo - TV Size,2015-07,anime,18.0,False,94307,0.637,0.494,0.472,5.81e-05,G,0.122,-9.912,Minor,0.0363,70.983,0.34
0bAsR2unSRpn6BQPEnNlZm,Aimer,Japan,3hvyQvmlHSYkOggbSjurcA,Broken Night - Fate/Hollow Ataraxia Edit,2014-12,anime,16.0,False,112787,0.573,0.319,0.655,0.0,F,0.153,-7.0,Major,0.0444,170.067,0.312
0bAsR2unSRpn6BQPEnNlZm,Aimer,Japan,5sXQeOn8qNsTcUGd0oCAu2,StarRingChild - Movie Version,2014-05,anime,18.0,False,205027,0.00877,0.489,0.889,1.52e-06,A,0.233,-4.727,Major,0.0636,163.972,0.777
0MK8l3nURwwQIjafvXoJJt,ASIAN KUNG-FU GENERATION,Japan,3Sldq4mi8wrLNukwWQcsac,Koshigoe Crybaby,2008-11,j-rock,11.0,False,234293,0.000317,0.518,0.95,0.00586,B,0.11,-3.371,Major,0.0492,111.146,0.515
0MK8l3nURwwQIjafvXoJJt,ASIAN KUNG-FU GENERATION,Japan,7qy30r53kTtTWzSufjYi4k,Railroad,2012-09,j-rock,12.0,False,188240,0.00239,0.49,0.76,2.77e-05,A,0.0866,-3.887,Major,0.0402,135.212,0.474
0MK8l3nURwwQIjafvXoJJt,ASIAN KUNG-FU GENERATION,Japan,1nwPKATRgvs2iay9wMj1lg,Kugenuma Surf,2008-11,j-rock,11.0,False,148373,0.00273,0.433,0.963,0.0,C,0.0941,-3.999,Major,0.0818,138.226,0.273
3PzqP5IkpLhlSdZLh7jwPn,WagakkiBand,Japan,42VZDPhWSkOiRAhAJrWx7A,Hangeki No Yaiba,2015-09,j-rock,8.0,False,217253,0.0305,0.362,0.973,0.0165,B,0.196,-1.998,Major,0.167,180.175,0.658
3PzqP5IkpLhlSdZLh7jwPn,WagakkiBand,Japan,4Elzsq4WFX9wLHTbQwtQcV,Hoshizukiyo,2015-09,j-rock,10.0,False,258640,0.0947,0.454,0.978,0.00022,D,0.273,-1.862,Minor,0.205,159.992,0.642
3PzqP5IkpLhlSdZLh7jwPn,WagakkiBand,Japan,09nYByh0r5BkKKOcLBBtBP,Roku Chou Nen to Ichiya Monogatari,2014-04,j-rock,18.0,False,235413,0.11,0.516,0.96,0.0814,B,0.0785,-2.092,Minor,0.129,91.945,0.801
3PzqP5IkpLhlSdZLh7jwPn,WagakkiBand,Japan,4hqon57bSA3aV5sWE6PBLM,あまりりす,2018-01,j-rock,19.0,False,245100,0.000974,0.54,0.935,0.000536,C#,0.352,-4.539,Major,0.0686,142.91,0.726
24b231EnCM3BkpiuWs5VBE,SID,Japan,1Bv2NEDcwzRXXhSOFLj2an,Nomad,2018-08,anime,17.0,False,279973,0.00235,0.504,0.844,3.47e-06,D,0.136,-3.702,Major,0.0409,119.97,0.525
24b231EnCM3BkpiuWs5VBE,SID,Japan,5w7TOBt3hwZCcoE25CQBTk,Butterfly Effect,2018-08,anime,18.0,False,242867,0.000516,0.303,0.912,0.0,B,0.0957,-4.081,Minor,0.104,189.82,0.516
3PzqP5IkpLhlSdZLh7jwPn,WagakkiBand,Japan,4cLVs3JfbzFkvphy8VQeku,Ikusa,2015-09,j-rock,10.0,False,219707,0.0276,0.464,0.979,0.00331,G#,0.079,-1.089,Major,0.0689,97.971,0.458
0blbVefuxOGltDBa00dspv,LiSA,Japan,1ktwwDxtNNc8rS0SjOe9RZ,Datte Atashino Hero - Instrumental,2017-08,anime,12.0,False,231493,1.06e-05,0.469,0.984,0.773,A#,0.205,-3.823,Minor,0.0711,94.439,0.474
00DuPiLri3mNomvvM3nZvU,Ling tosite sigure,Japan,719Dpc55KTV6Ev3hRg2Ofd,#5,2018-02,j-rock,16.0,False,336187,0.00359,0.498,0.935,0.0121,C,0.322,-4.481,Minor,0.08,107.008,0.343
00DuPiLri3mNomvvM3nZvU,Ling tosite sigure,Japan,2SjMGJV4wXpLpbaoQwP7oi,Last Dance Revolution,2006-01,j-rock,14.0,False,266080,0.00387,0.243,0.991,0.461,G#,0.221,-2.981,Minor,0.283,92.554,0.288
00DuPiLri3mNomvvM3nZvU,Ling tosite sigure,Japan,5fzl7y0fd87v1UMWnjHgCu,Tornado G,2005-01,j-rock,14.0,False,193667,0.0436,0.265,0.961,0.322,G#,0.0785,-2.929,Major,0.131,119.539,0.258
3PWp9R5HvbQgxI5KBx5kVd,KANA-BOON,Japan,6OduTOSS5jI2WWvq5pmxm8,Kimiwo Ukabete,2017-03,anime,15.0,False,311040,0.0443,0.461,0.646,0.0,D,0.051,-4.803,Major,0.03,167.88,0.431
6cutt8thPFUICMfxaYerWd,MY FIRST STORY,Japan,1nJdSzEOfqWsNLLywzq8Fv,Smash Out!! 武道館LIVE Ver.,2017-07,j-rock,26.0,False,211333,4.94e-06,0.428,0.99,0.0,F#,0.744,-2.662,Minor,0.0792,97.547,0.109
0bAsR2unSRpn6BQPEnNlZm,Aimer,Japan,0WNkcwWi0rRMV1VjhS4wCc,Ninelie (with chelly) - Instrumental,2016-05,anime,19.0,False,260627,0.000539,0.376,0.861,0.878,F#,0.139,-8.432,Minor,0.0339,172.038,0.0711
3w2HqkKa6upwuXEULtGvnY,FLOW,Japan,3jHQGOdDEmPFcrzjaWzWKn,Red Hot Riot,2013-03,anime,12.0,False,215813,0.000532,0.457,0.961,0.0,E,0.288,-4.006,Minor,0.056,92.423,0.491
3w2HqkKa6upwuXEULtGvnY,FLOW,Japan,3n92aFIWTNrJKZIKlHAynz,Decathlon (feat. AFRA),2016-02,anime,14.0,False,245293,0.0193,0.743,0.924,0.0,C#,0.462,-6.301,Major,0.175,128.027,0.669
3w2HqkKa6upwuXEULtGvnY,FLOW,Japan,1cmZQHBGDZOJY8SN0AJ8Nk,Rookie,2003-01,anime,12.0,False,206507,0.015,0.293,0.956,0.0,C,0.309,-4.304,Major,0.0576,199.92,0.814
24b231EnCM3BkpiuWs5VBE,SID,Japan,5HxKBt8jRz5RjNGaU6VGSD,Shiroi blouse kawaii hito,2006-11,anime,13.0,False,248893,0.661,0.754,0.604,0.0,C#,0.116,-7.566,Minor,0.0313,135.013,0.66
3w2HqkKa6upwuXEULtGvnY,FLOW,Japan,3cqbepl6oK8XZBP2qfs2hc,Core,2010-07,anime,11.0,False,119893,6.93e-05,0.496,0.978,0.798,A,0.251,-5.633,Minor,0.0694,121.872,0.113
24b231EnCM3BkpiuWs5VBE,SID,Japan,01fbLNsWyj6HZFTvPF6S4q,Mousou nikki,2004-12,anime,16.0,False,230453,0.0279,0.672,0.887,0.0,A,0.056,-6.051,Minor,0.0703,96.025,0.889
24b231EnCM3BkpiuWs5VBE,SID,Japan,3BmiNCSackMaLcUh7Fne5U,Ajisai,2004-12,anime,16.0,False,296067,0.0456,0.539,0.791,0.0,D,0.0413,-5.606,Major,0.0361,90.47,0.629
24b231EnCM3BkpiuWs5VBE,SID,Japan,77fOWKoqXY2r4miVAGu681,XYZ,2018-08,anime,16.0,False,177120,2.87e-05,0.399,0.961,1.63e-05,F,0.343,-4.32,Minor,0.174,153.059,0.447
00DuPiLri3mNomvvM3nZvU,Ling tosite sigure,Japan,0qeCu008jJjegrfM4AWctI,Sergio Echigo,2006-01,j-rock,14.0,False,402280,0.000892,0.262,0.798,0.0143,G,0.669,-5.392,Minor,0.0376,89.968,0.484
3PzqP5IkpLhlSdZLh7jwPn,WagakkiBand,Japan,1UEfMudvmCECsZfeNej719,Akatsukino Ito,2015-09,j-rock,8.0,False,208453,0.00109,0.297,0.906,0.000675,G,0.221,-4.567,Major,0.101,169.906,0.298
0bAsR2unSRpn6BQPEnNlZm,Aimer,Japan,0MxQbjuGTTEE8EfeDcQWiW,Kataomoi - (5th Anniversary Version) [Live],2016-11,anime,20.0,False,233840,0.801,0.569,0.486,0.0,C#,0.663,-7.47,Major,0.0413,95.685,0.559
0bAsR2unSRpn6BQPEnNlZm,Aimer,Japan,2fEArDm4qfIxLPjahS7AmW,Twinkle Twinkle Little Star,2012-10,anime,19.0,False,125160,0.631,0.52,0.251,4.02e-05,D,0.0908,-10.553,Major,0.0732,195.673,0.245
00DuPiLri3mNomvvM3nZvU,Ling tosite sigure,Japan,40PXA13PIuuOvlMp3RY0pj,A Over Die,2009-05,j-rock,14.0,False,232547,0.00395,0.403,0.893,0.774,C#,0.136,-4.084,Major,0.146,105.263,0.476
0MK8l3nURwwQIjafvXoJJt,ASIAN KUNG-FU GENERATION,Japan,6atDyy2WymnI0Am9Jisefm,Hase Sanz,2008-11,j-rock,11.0,False,176240,0.000538,0.488,0.947,4.91e-06,D,0.11,-4.138,Minor,0.0517,141.243,0.545
0MK8l3nURwwQIjafvXoJJt,ASIAN KUNG-FU GENERATION,Japan,5VMpjczbWK5BW22NT7gMhe,Caterpillar,2015-05,j-rock,13.0,False,214347,0.000445,0.495,0.959,0.578,G,0.216,-2.871,Major,0.0547,127.199,0.453
0MK8l3nURwwQIjafvXoJJt,ASIAN KUNG-FU GENERATION,Japan,4FBy4kvUVBBGjW3Um0mBoP,Kamakura Goodbye,2008-11,j-rock,12.0,False,271333,0.385,0.558,0.534,0.00235,A,0.126,-5.404,Major,0.0269,107.153,0.218
0MK8l3nURwwQIjafvXoJJt,ASIAN KUNG-FU GENERATION,Japan,6uPfPiIBDTjVrbvSkzYuxm,Prisoner in a Frame,2015-05,j-rock,12.0,False,276573,0.00918,0.568,0.807,0.061,A#,0.132,-4.092,Minor,0.0372,139.199,0.308
6cutt8thPFUICMfxaYerWd,MY FIRST STORY,Japan,0ESK20GH81DL8GPbjYAbRJ,Silence word,2013-02,j-rock,20.0,False,203173,0.00122,0.504,0.834,7.37e-06,G#,0.0819,-4.612,Major,0.0593,97.52,0.355
6cutt8thPFUICMfxaYerWd,MY FIRST STORY,Japan,1GH4WL7qpznWpbHZCJiT6i,Deserve!!,2013-02,j-rock,19.0,False,196307,0.000164,0.594,0.933,7.04e-05,C#,0.141,-2.939,Major,0.0632,95.028,0.663
0blbVefuxOGltDBa00dspv,LiSA,Japan,4mdS7JUyGVwKv3nKwdsTK0,Oath Sign - Acoustic Version,2012-02,anime,17.0,False,326200,0.854,0.766,0.339,0.0,D,0.347,-7.075,Major,0.034,116.682,0.351
568ZhdwyaiCyOGJRtNYhWf,Deep Purple,Europe,5SAUIWdZ04OxYfJFDchC7S,Smoke on the Water,1972-03,hard rock,62.0,False,342173,0.0983,0.632,0.586,0.581,C,0.0535,-11.333,Major,0.0284,114.243,0.89
568ZhdwyaiCyOGJRtNYhWf,Deep Purple,Europe,4gVTozEmzwAUXpwj3jEetX,Highway Star,1972-03,hard rock,57.0,False,368507,0.0283,0.298,0.895,0.00574,A,0.305,-7.647,Minor,0.0547,173.737,0.544
568ZhdwyaiCyOGJRtNYhWf,Deep Purple,Europe,4aU82r5G2KTUh3HmPHCbM1,Hush,1968-07,hard rock,49.0,False,264973,0.00542,0.586,0.664,0.134,A#,0.118,-9.077,Major,0.0491,108.345,0.181
568ZhdwyaiCyOGJRtNYhWf,Deep Purple,Europe,7m1EF6LilQOZ50GZYFZmkf,Perfect Strangers,1992-03,hard rock,60.0,False,321093,0.00698,0.534,0.57,0.0237,D,0.156,-12.385,Major,0.025,97.365,0.644
568ZhdwyaiCyOGJRtNYhWf,Deep Purple,Europe,44lAQJzaUI6hcpHEFqp2mJ,Space Truckin',1972-03,hard rock,43.0,False,274440,0.00343,0.624,0.815,0.622,A,0.175,-10.542,Major,0.0425,129.191,0.758
568ZhdwyaiCyOGJRtNYhWf,Deep Purple,Europe,5TrfusgKC1BYic5LaWCoKm,Child in Time,1970-06,hard rock,43.0,False,620373,0.17,0.338,0.461,0.564,A,0.0927,-10.74,Minor,0.0396,126.698,0.351
568ZhdwyaiCyOGJRtNYhWf,Deep Purple,Europe,5s8IEEjgCTrujK3aUalvfF,Burn - Remastered,1974-02,hard rock,43.0,False,364747,0.0109,0.38,0.938,0.0257,G,0.366,-6.183,Major,0.0384,96.653,0.604
568ZhdwyaiCyOGJRtNYhWf,Deep Purple,Europe,2E8eD7gNekjR1jai0JyPX2,Knocking At Your Back Door,1992-03,hard rock,48.0,False,424533,0.00232,0.534,0.676,7.65e-05,B,0.0581,-11.129,Minor,0.0429,121.484,0.555
568ZhdwyaiCyOGJRtNYhWf,Deep Purple,Europe,5NDyPVjcjK0hw2sUjjWFIO,Soldier of Fortune,1974-11,hard rock,38.0,False,193653,0.417,0.546,0.274,2.99e-05,D,0.109,-15.07,Minor,0.027,66.809,0.228
568ZhdwyaiCyOGJRtNYhWf,Deep Purple,Europe,0ZAPlh9j5ixbKfaMFMN0be,Lazy,1972-03,hard rock,37.0,False,442627,0.196,0.356,0.66,0.587,G,0.0934,-11.451,Minor,0.0632,187.837,0.409
568ZhdwyaiCyOGJRtNYhWf,Deep Purple,Europe,7yn7rpRvg6XCq10B94etIp,Black Night,2000-05,hard rock,36.0,False,207467,0.165,0.497,0.787,0.522,A,0.17,-11.039,Major,0.0734,134.598,0.812
568ZhdwyaiCyOGJRtNYhWf,Deep Purple,Europe,6aqWPEhtxJaPbSabre2fdx,Woman from Tokyo,1973-01,hard rock,36.0,False,348640,0.14,0.582,0.543,0.00149,A,0.115,-13.045,Major,0.0351,126.99,0.421
568ZhdwyaiCyOGJRtNYhWf,Deep Purple,Europe,01tFpbYAKvX1x1msvTstC7,Smoke on the Water - 45 Version,1973-01,hard rock,34.0,False,231307,0.27,0.682,0.45,0.213,C,0.183,-15.978,Major,0.0321,114.123,0.829
568ZhdwyaiCyOGJRtNYhWf,Deep Purple,Europe,3R21LktdU3UAKYWGiD5Jr0,Gettin' Tighter,1975-01,hard rock,35.0,False,217060,0.000801,0.426,0.771,0.0635,G,0.139,-11.845,Major,0.0703,120.464,0.673
568ZhdwyaiCyOGJRtNYhWf,Deep Purple,Europe,6LVkntQPrL5GUZKgN6E1fC,When a Blind Man Cries - B-Side; 2012 Remaster,1972-03,hard rock,34.0,False,211400,0.864,0.599,0.271,0.0243,B,0.0553,-10.724,Minor,0.0358,129.173,0.216
568ZhdwyaiCyOGJRtNYhWf,Deep Purple,Europe,4DsHoG4nyiUwsbx1lCF2lX,Speed King,1970-06,hard rock,33.0,False,263947,5.56e-05,0.348,0.675,0.00863,F,0.373,-13.931,Major,0.0355,99.569,0.837
568ZhdwyaiCyOGJRtNYhWf,Deep Purple,Europe,1U8ZYzMvZcZEwCUDqU6Zo4,Woman from Tokyo - Single Edit; 2002 Remaster [Single Edit],2017-09,hard rock,31.0,False,164867,0.0124,0.61,0.732,0.000703,E,0.159,-10.201,Major,0.0302,127.32,0.64
568ZhdwyaiCyOGJRtNYhWf,Deep Purple,Europe,54e8YIQ5TubPmMx8SLdoDA,Maybe I'm a Leo,1972-03,hard rock,29.0,False,292400,0.0327,0.49,0.45,0.197,A#,0.153,-10.384,Major,0.0288,173.329,0.864
568ZhdwyaiCyOGJRtNYhWf,Deep Purple,Europe,58FNOB9kNzDxUjRN2KRhDB,Mistreated,1974-02,hard rock,30.0,False,448080,0.0653,0.423,0.627,0.0177,F#,0.34,-6.612,Minor,0.0374,127.653,0.524
568ZhdwyaiCyOGJRtNYhWf,Deep Purple,Europe,1JtH2MUufNfhV6350BC1Wp,Stormbringer,1974-11,hard rock,29.0,False,246187,0.0131,0.338,0.831,8.08e-06,B,0.229,-11.448,Minor,0.0649,177.728,0.653
568ZhdwyaiCyOGJRtNYhWf,Deep Purple,Europe,1kgMmFE3YdaxnSg4WyaWsx,Fireball,1971-01,hard rock,29.0,False,202440,0.000595,0.552,0.962,0.00333,B,0.174,-7.875,Minor,0.0646,121.466,0.885
568ZhdwyaiCyOGJRtNYhWf,Deep Purple,Europe,7p7F0wilJFy4w6DsQ4O1se,Pictures of Home,1972-03,hard rock,28.0,False,306133,0.0117,0.444,0.907,0.288,G,0.175,-9.648,Major,0.0557,148.93,0.88
568ZhdwyaiCyOGJRtNYhWf,Deep Purple,Europe,7xEvYlb3prZPWY3UgSaGan,Sail Away,1974-02,hard rock,27.0,False,352093,0.0591,0.582,0.752,0.0,A,0.346,-6.461,Minor,0.0231,95.532,0.857
568ZhdwyaiCyOGJRtNYhWf,Deep Purple,Europe,307Hn5WmRqrXVu5hlDngSw,Strange Kind of Woman,2000-05,hard rock,28.0,False,232400,0.422,0.585,0.726,0.0235,B,0.332,-12.614,Minor,0.0549,126.105,0.884
568ZhdwyaiCyOGJRtNYhWf,Deep Purple,Europe,3Kq8i3kDLfFdEiZtcZHDDG,Never Before,1972-03,hard rock,27.0,False,240493,0.0562,0.594,0.596,0.0293,B,0.0917,-10.483,Minor,0.0357,142.597,0.889
568ZhdwyaiCyOGJRtNYhWf,Deep Purple,Europe,0gRlov9umk0PHEEpAw5pzi,Pictures of Home - 2012 Remaster,1972-03,hard rock,27.0,False,304120,0.229,0.445,0.922,0.471,G,0.203,-8.589,Major,0.0764,148.965,0.805
568ZhdwyaiCyOGJRtNYhWf,Deep Purple,Europe,5JbsyfzMUtqXKgx9s4oqn1,Smoke on the Water - 2012 Remaster,1972-03,hard rock,25.0,False,339947,0.117,0.595,0.682,0.335,C,0.0963,-9.205,Major,0.0281,114.243,0.804
568ZhdwyaiCyOGJRtNYhWf,Deep Purple,Europe,1MJD989fIavFGxWJlnAbdO,Might Just Take Your Life,1974-02,hard rock,26.0,False,280333,0.0508,0.601,0.774,3.21e-05,G,0.136,-6.059,Major,0.0299,112.238,0.586
568ZhdwyaiCyOGJRtNYhWf,Deep Purple,Europe,44GUzE7g9AbwoPRsC5n7Cc,"Lay Down, Stay Down",1974-02,hard rock,26.0,False,260400,0.0318,0.467,0.858,3.27e-06,G,0.0774,-6.101,Major,0.0406,146.141,0.789
568ZhdwyaiCyOGJRtNYhWf,Deep Purple,Europe,6nXa1gEF1CgHuj50FUgAHq,Space Truckin' - 2012 Remaster,1972-03,hard rock,25.0,False,273227,0.0271,0.62,0.872,0.739,A,0.253,-9.083,Major,0.0455,129.222,0.698
568ZhdwyaiCyOGJRtNYhWf,Deep Purple,Europe,5UXX9TjjfbjULIyrhlWKcR,You Fool No One,1974-02,hard rock,25.0,False,287693,0.00454,0.474,0.887,0.000466,D,0.191,-6.07,Major,0.0527,134.359,0.791
568ZhdwyaiCyOGJRtNYhWf,Deep Purple,Europe,5xYrOWCMbGrHwV9llkykLb,Highway Star - Remastered,2006-05,hard rock,23.0,False,366440,0.0889,0.288,0.912,0.0166,A,0.135,-6.003,Minor,0.0552,173.825,0.464
568ZhdwyaiCyOGJRtNYhWf,Deep Purple,Europe,4HomPKDsqVz9xAtW2zyMO2,King of Dreams,1990-10,hard rock,37.0,False,326013,0.026,0.607,0.784,0.00124,A,0.16,-6.035,Major,0.0269,111.871,0.643
7Ln80lUS6He07XvHI8qqHH,Arctic Monkeys,Europe,7e8utCy2JlSB8dRHKi49xM,Fluorescent Adolescent,2007-04,indie,67.0,False,173493,0.00178,0.646,0.813,2.26e-05,F#,0.144,-5.29,Minor,0.0288,112.115,0.821
7Ln80lUS6He07XvHI8qqHH,Arctic Monkeys,Europe,58ge6dfP91o9oXMzq3XkIS,505,2007-04,indie,63.0,False,253587,0.00237,0.52,0.852,5.79e-05,C,0.0733,-5.866,Major,0.0543,140.267,0.234
7Ln80lUS6He07XvHI8qqHH,Arctic Monkeys,Europe,29EkMZmUNz1WsuzaMtVo1i,I Bet You Look Good On The Dancefloor,2006-02,indie,62.0,False,173680,0.00225,0.535,0.948,0.0,F#,0.376,-4.19,Minor,0.0356,103.183,0.778
7Ln80lUS6He07XvHI8qqHH,Arctic Monkeys,Europe,3geFzA6VBSNZUTmV3bCry6,Mardy Bum,2006-02,indie,60.0,False,175440,0.0288,0.634,0.599,0.0,D,0.197,-5.447,Major,0.0365,112.215,0.312
7Ln80lUS6He07XvHI8qqHH,Arctic Monkeys,Europe,0ZRrJTPXDToRJ2iLo9oLrW,When The Sun Goes Down,2006-02,indie,59.0,True,202133,0.0341,0.348,0.875,0.0,B,0.117,-4.758,Minor,0.199,169.152,0.407
7Ln80lUS6He07XvHI8qqHH,Arctic Monkeys,Europe,3nhzPKCm2yqGmgEhdAg19u,Four Out Of Five,2018-05,indie,66.0,False,312347,0.0626,0.601,0.863,0.0,C,0.0717,-4.31,Major,0.0685,130.189,0.676
7Ln80lUS6He07XvHI8qqHH,Arctic Monkeys,Europe,0FgNSsaSZTvbLXUumSO8LQ,Star Treatment,2018-05,indie,63.0,False,354640,0.243,0.581,0.767,0.00131,G,0.141,-5.026,Minor,0.0527,120.07,0.673
7Ln80lUS6He07XvHI8qqHH,Arctic Monkeys,Europe,6FLqFu1ApSkUddZ9P4H6Io,Baby I'm Yours,2006-10,indie,55.0,False,152613,0.215,0.462,0.595,0.0,D,0.184,-9.363,Major,0.0347,113.719,0.64
7Ln80lUS6He07XvHI8qqHH,Arctic Monkeys,Europe,3BcQFPRZuuUClWStz29WjN,Old Yellow Bricks,2007-04,indie,55.0,False,187133,0.000185,0.663,0.839,4.65e-06,C,0.0808,-4.453,Major,0.0695,135.155,0.75
7Ln80lUS6He07XvHI8qqHH,Arctic Monkeys,Europe,7co8zvT6HJuyT81IDukyID,Tranquility Base Hotel & Casino,2018-05,indie,63.0,True,212093,0.0411,0.584,0.835,0.0147,A,0.199,-4.326,Minor,0.0297,142.2,0.781
7Ln80lUS6He07XvHI8qqHH,Arctic Monkeys,Europe,5rTIpPWeO0IL4HWlGWrz5G,Brianstorm,2007-04,indie,55.0,False,170253,8.39e-05,0.421,0.98,0.00125,C#,0.237,-4.229,Major,0.212,165.193,0.435
7Ln80lUS6He07XvHI8qqHH,Arctic Monkeys,Europe,4OkPamOn5GofkOQu64Z4eR,Teddy Picker,2007-04,indie,54.0,True,160640,0.000413,0.637,0.973,2.23e-05,A,0.104,-3.386,Major,0.112,150.223,0.8
7Ln80lUS6He07XvHI8qqHH,Arctic Monkeys,Europe,13NCxLOlvQ4Tnexgfp03Gs,Do Me A Favour,2007-04,indie,54.0,True,205240,7.84e-05,0.471,0.735,0.122,B,0.101,-6.685,Minor,0.0582,180.127,0.636
7Ln80lUS6He07XvHI8qqHH,Arctic Monkeys,Europe,21sa0bWFqOFEYPtahlt4Lt,Crying Lightning,2009-08,indie,54.0,False,224827,0.0148,0.498,0.885,0.00041,E,0.239,-4.423,Minor,0.0461,106.719,0.67
7Ln80lUS6He07XvHI8qqHH,Arctic Monkeys,Europe,2CbtdkBeW9Znt4vXTOafAl,A Certain Romance,2006-02,indie,54.0,False,331200,0.000566,0.455,0.881,6.06e-05,B,0.11,-5.587,Major,0.0401,137.949,0.201
7Ln80lUS6He07XvHI8qqHH,Arctic Monkeys,Europe,2AKwcNHeGAqCpD6etK425X,One Point Perspective,2018-05,indie,62.0,False,208640,0.057,0.714,0.585,0.00444,G#,0.144,-4.57,Major,0.0419,77.104,0.842
7Ln80lUS6He07XvHI8qqHH,Arctic Monkeys,Europe,7gsArdm7rk6X6wsMr2QKWS,From The Ritz To The Rubble,2006-02,indie,54.0,False,193427,0.00147,0.216,0.882,0.0,B,0.308,-5.176,Minor,0.0439,189.286,0.656
4Z8W4fKeB5YxbusRsdQVPb,Radiohead,Europe,1uRxyAup7OYrlh2SHJb80N,Daydreaming,2016-05,art rock,60.0,False,384439,0.968,0.299,0.263,0.857,A,0.126,-13.207,Minor,0.0323,137.848,0.113
7Ln80lUS6He07XvHI8qqHH,Arctic Monkeys,Europe,3MC4XRbQADJdW9IIIwbe2u,Cornerstone,2009-08,indie,53.0,False,197973,0.00764,0.287,0.721,0.0,A,0.328,-5.81,Major,0.0387,169.252,0.763
7Ln80lUS6He07XvHI8qqHH,Arctic Monkeys,Europe,4VysGAsuHWHDxasPnTgwbo,The Ultracheese,2018-05,indie,60.0,False,217720,0.624,0.476,0.555,3.98e-05,A,0.126,-6.551,Major,0.0404,131.497,0.426
7Ln80lUS6He07XvHI8qqHH,Arctic Monkeys,Europe,7ABWRukVQcXrIrDKDx5Gek,Only Ones Who Know,2007-04,indie,52.0,False,181480,0.899,0.257,0.409,0.00293,G,0.109,-10.828,Minor,0.0363,145.759,0.0794
7Ln80lUS6He07XvHI8qqHH,Arctic Monkeys,Europe,4bKpnMKt2vBOQ1wZHGEJJO,No Buses,2006-05,indie,51.0,False,197320,0.155,0.481,0.524,0.000147,E,0.0523,-9.051,Major,0.0369,101.883,0.425
7Ln80lUS6He07XvHI8qqHH,Arctic Monkeys,Europe,6NGvyhGjKSKkyN3yc4YNhD,Piledriver Waltz,2011-06,indie,51.0,False,203880,0.00724,0.443,0.865,0.000116,E,0.468,-4.547,Major,0.0391,110.008,0.474
7Ln80lUS6He07XvHI8qqHH,Arctic Monkeys,Europe,3UZfvX4ky5C4mblUIR0LE1,Suck It and See,2011-06,indie,51.0,False,225987,0.00105,0.339,0.932,0.114,E,0.255,-5.017,Major,0.057,128.291,0.586
4Z8W4fKeB5YxbusRsdQVPb,Radiohead,Europe,0s0lnAIcclHVjQ4fITlOoU,Exit Music (For a Film) (Remastered),2017-06,art rock,54.0,False,265053,0.148,0.355,0.296,0.13,G,0.644,-10.074,Major,0.0321,121.599,0.205
7t0rwkOPGlDPEhaOcVtOt9,The Cranberries,Europe,2IZZqH4K02UIYg5EohpNHF,Zombie,1994-10,pop,81.0,False,306411,0.0163,0.299,0.613,0.00359,G,0.368,-9.012,Major,0.0347,166.96,0.306
7t0rwkOPGlDPEhaOcVtOt9,The Cranberries,Europe,0gEyKnHvgkrkBM6fbeHdwK,Linger,1993-03,pop,76.0,False,274707,0.0783,0.439,0.434,4.87e-05,G,0.14,-14.918,Major,0.0265,94.845,0.204
7t0rwkOPGlDPEhaOcVtOt9,The Cranberries,Europe,4JGKZS7h4Qa16gOU3oNETV,Dreams,1993-03,pop,73.0,False,271560,0.00313,0.551,0.643,0.00385,E,0.421,-13.091,Major,0.0353,128.661,0.514
7Ln80lUS6He07XvHI8qqHH,Arctic Monkeys,Europe,3NmndGYOIYocA5OTHMVoaw,Golden Trunks,2018-05,indie,57.0,False,173627,0.129,0.492,0.564,1.73e-05,D,0.131,-5.811,Major,0.0278,92.544,0.0896
7Ln80lUS6He07XvHI8qqHH,Arctic Monkeys,Europe,4wSWZjWH7a5eVxskGxO13w,The View From The Afternoon,2006-02,indie,50.0,False,222947,0.00487,0.387,0.922,0.0,A,0.187,-5.192,Minor,0.0674,146.478,0.417
7Ln80lUS6He07XvHI8qqHH,Arctic Monkeys,Europe,7wsEZh68qX7jY0dziXMb0H,Love is a Laserquest,2011-06,indie,50.0,False,191427,0.00197,0.349,0.662,0.908,B,0.136,-6.873,Major,0.0402,169.926,0.554
7Ln80lUS6He07XvHI8qqHH,Arctic Monkeys,Europe,3Rleu2vd9qHGjRJdcFtPbC,Dancing Shoes,2006-02,indie,50.0,False,141133,0.00328,0.522,0.889,0.0,C#,0.345,-4.137,Major,0.0461,144.499,0.852
7Ln80lUS6He07XvHI8qqHH,Arctic Monkeys,Europe,0mQiDbYxHElUp1eNpLZXaY,American Sports,2018-05,indie,57.0,False,158040,0.00169,0.372,0.865,0.00293,G,0.127,-4.288,Minor,0.0513,176.689,0.594
7Ln80lUS6He07XvHI8qqHH,Arctic Monkeys,Europe,0RN9h0ojhQWtAD6O8X7Zzp,Riot Van,2006-02,indie,50.0,False,134933,0.358,0.593,0.333,0.0,A,0.245,-14.342,Major,0.046,103.537,0.258
4Z8W4fKeB5YxbusRsdQVPb,Radiohead,Europe,4sLGaMl33I6mcsk7u4xHAU,Codex,2011-02,art rock,56.0,False,287067,0.841,0.327,0.128,0.76,D,0.13,-17.536,Minor,0.0301,58.993,0.0648
7Ln80lUS6He07XvHI8qqHH,Arctic Monkeys,Europe,4PGWramunj3Bsz5UXCu4ex,Anyways,2018-05,indie,60.0,False,221230,0.529,0.284,0.576,3.91e-05,E,0.187,-6.972,Major,0.035,82.527,0.323
7Ln80lUS6He07XvHI8qqHH,Arctic Monkeys,Europe,11DdPGqDsM3ux1gVAqUIln,Balaclava,2007-04,indie,50.0,False,167440,0.00168,0.417,0.824,8.09e-05,B,0.343,-4.524,Minor,0.105,137.836,0.642
7Ln80lUS6He07XvHI8qqHH,Arctic Monkeys,Europe,0IiQ3gvsK7OTYoDvBUKukm,My Propeller,2009-08,indie,50.0,False,205747,0.052,0.415,0.657,0.0552,A,0.233,-6.758,Minor,0.0295,115.752,0.69
7Ln80lUS6He07XvHI8qqHH,Arctic Monkeys,Europe,5qm8ISXOho1EvFj6e4f4bG,She's Thunderstorms,2011-06,indie,49.0,False,234920,0.000518,0.505,0.898,0.00236,G,0.173,-4.906,Major,0.0329,118.929,0.731
7Ln80lUS6He07XvHI8qqHH,Arctic Monkeys,Europe,4KGyQfes7t5BiaoBvs380e,Fake Tales Of San Francisco,2006-02,indie,49.0,False,177947,0.00998,0.454,0.778,0.0,A,0.0427,-4.225,Major,0.0449,127.158,0.704
7Ln80lUS6He07XvHI8qqHH,Arctic Monkeys,Europe,45QyGXbqTWaFUrIKe2ugs3,D Is For Dangerous,2007-04,indie,49.0,False,134733,1.05e-05,0.551,0.928,0.000108,C#,0.145,-4.776,Major,0.0365,145.057,0.736
7Ln80lUS6He07XvHI8qqHH,Arctic Monkeys,Europe,3s4OT5Si1n9TFSNEPjNs0s,Black Treacle,2011-06,indie,49.0,False,217440,0.000821,0.343,0.89,0.0,G,0.0912,-5.759,Major,0.0655,100.061,0.525
7Ln80lUS6He07XvHI8qqHH,Arctic Monkeys,Europe,7seSDB6TiLZarbicyDIjiQ,Batphone,2018-05,indie,56.0,False,271613,0.312,0.675,0.681,0.0,F,0.304,-5.728,Minor,0.0356,106.521,0.675
7Ln80lUS6He07XvHI8qqHH,Arctic Monkeys,Europe,577M06tqh2BwsT1qqZOBM1,Don't Sit Down 'Cause I've Moved Your Chair,2011-06,indie,49.0,False,183507,0.0191,0.434,0.912,0.278,A,0.326,-5.148,Major,0.0451,119.729,0.315
7Ln80lUS6He07XvHI8qqHH,Arctic Monkeys,Europe,1JdArJ9NKCF9TQASGQgszg,The World's First Ever Monster Truck Front Flip,2018-05,indie,55.0,True,180013,0.346,0.602,0.601,0.349,A#,0.0735,-5.742,Major,0.0303,145.075,0.553
7Ln80lUS6He07XvHI8qqHH,Arctic Monkeys,Europe,2vVHf43MQ8V3gDbo8HRlnJ,Perhaps Vampires Is A Bit Strong But…,2006-02,indie,48.0,False,268627,0.000293,0.371,0.914,8.75e-05,B,0.0852,-4.917,Minor,0.081,134.982,0.394
7Ln80lUS6He07XvHI8qqHH,Arctic Monkeys,Europe,4z6mZWFgBZd07926K61Mi8,She Looks Like Fun,2018-05,indie,55.0,True,182560,0.00944,0.514,0.773,0.00326,C,0.387,-3.754,Major,0.0388,103.943,0.445
7Ln80lUS6He07XvHI8qqHH,Arctic Monkeys,Europe,7IUBw7EUgcjzGV6zv9fkLX,Secret Door,2009-08,indie,48.0,True,223067,0.0314,0.323,0.806,1.11e-05,G,0.181,-6.554,Minor,0.0769,124.615,0.548
7Ln80lUS6He07XvHI8qqHH,Arctic Monkeys,Europe,57oJKJys4oC7NTR7hwZkPU,Science Fiction,2018-05,indie,55.0,False,185907,0.0295,0.542,0.766,0.0802,G,0.396,-5.411,Major,0.0282,88.062,0.643
7Ln80lUS6He07XvHI8qqHH,Arctic Monkeys,Europe,0ZUXj43fteJjwvGoLMntte,"If You Were There, Beware",2007-04,indie,48.0,False,274200,0.00082,0.232,0.8,0.0244,E,0.128,-6.853,Minor,0.0536,201.1,0.224
7Ln80lUS6He07XvHI8qqHH,Arctic Monkeys,Europe,7gPd55hW5pVjTm3H9S1Wbv,This House Is A Circus,2007-04,indie,47.0,True,189680,1.95e-05,0.472,0.909,0.00277,G,0.644,-5.349,Major,0.0584,155.311,0.388
7Ln80lUS6He07XvHI8qqHH,Arctic Monkeys,Europe,141YScqYkYhHPpqWhIBebc,Dangerous Animals,2009-08,indie,47.0,False,210667,0.0129,0.34,0.922,2.39e-06,D#,0.226,-5.189,Major,0.18,125.363,0.532
7Ln80lUS6He07XvHI8qqHH,Arctic Monkeys,Europe,28J7s6ylqLYzBUTBSUyEjm,Still Take You Home,2006-02,indie,47.0,False,173667,0.000669,0.599,0.946,0.0,G#,0.0973,-4.192,Major,0.0378,108.934,0.653
7Ln80lUS6He07XvHI8qqHH,Arctic Monkeys,Europe,1TYRcvY3JTYoLVhADPpDH5,Red Light Indicates Doors Are Secured,2006-02,indie,46.0,False,143627,0.00316,0.622,0.846,0.0,B,0.0989,-4.831,Minor,0.0311,110.683,0.914
7Ln80lUS6He07XvHI8qqHH,Arctic Monkeys,Europe,48ucaKjccruxDbi3Au5ZaH,The Bad Thing,2007-04,indie,46.0,False,143213,0.00118,0.545,0.953,0.0,D,0.26,-3.737,Major,0.0703,111.121,0.591
7Ln80lUS6He07XvHI8qqHH,Arctic Monkeys,Europe,4pDrMVAsQn0uqo9sb6C8E2,Reckless Serenade,2011-06,indie,46.0,False,162747,0.00037,0.585,0.694,0.0144,D,0.0724,-6.632,Major,0.0392,127.966,0.785
7Ln80lUS6He07XvHI8qqHH,Arctic Monkeys,Europe,6r17TK9vMMuwTTL2p7O3Ac,Leave Before The Lights Come On,2006-10,indie,46.0,False,233947,0.00272,0.365,0.887,2.18e-05,C,0.0923,-4.579,Major,0.0417,150.718,0.916
7Ln80lUS6He07XvHI8qqHH,Arctic Monkeys,Europe,5ojVq0bohB1uEEMga1IO3j,You Probably Couldn't See For The Lights But You Were Staring Straight At Me,2006-02,indie,46.0,False,130813,0.00384,0.58,0.972,0.0,B,0.296,-4.274,Minor,0.0589,105.492,0.926
7Ln80lUS6He07XvHI8qqHH,Arctic Monkeys,Europe,4MFQ0wsGuiKJrPNLUaCVnt,Who The Fuck Are Arctic Monkeys?,2006-05,indie,45.0,True,336827,0.000216,0.348,0.896,0.0173,E,0.168,-7.63,Minor,0.0397,132.577,0.572
7Ln80lUS6He07XvHI8qqHH,Arctic Monkeys,Europe,4GJKUGqq1qdqQCl3uWv6Sn,Despair In The Departure Lounge,2006-05,indie,45.0,False,202853,0.676,0.316,0.306,0.0025,D,0.0809,-13.322,Major,0.0411,85.255,0.284
7Ln80lUS6He07XvHI8qqHH,Arctic Monkeys,Europe,2s4ZQQsk9c4n13IAUfnIzm,The Hellcat Spangled Shalalala,2011-06,indie,45.0,True,180373,0.000793,0.449,0.872,0.00062,B,0.0642,-4.992,Major,0.0507,130.22,0.788
7Ln80lUS6He07XvHI8qqHH,Arctic Monkeys,Europe,3oWnxFT2m7atFLTXXFJppc,Pretty Visitors,2009-08,indie,45.0,False,220507,0.0614,0.244,0.896,2.83e-05,F#,0.127,-5.576,Minor,0.464,83.354,0.142
7Ln80lUS6He07XvHI8qqHH,Arctic Monkeys,Europe,61OkcfgMfjlJQ7MJPU0HLz,Dance Little Liar,2009-08,indie,45.0,False,283493,0.0586,0.538,0.607,0.769,C#,0.0975,-9.133,Minor,0.0352,100.158,0.543
7Ln80lUS6He07XvHI8qqHH,Arctic Monkeys,Europe,68H747D2LgwsPsPlVjFZUR,"- - Recorded at Electric Lady Studios, New York",2018-05,indie,54.0,False,145748,0.969,0.395,0.0377,1.32e-05,C,0.128,-16.06,Major,0.0396,82.977,0.243
7Ln80lUS6He07XvHI8qqHH,Arctic Monkeys,Europe,4HaASIdQNzTdplQ9zJeLwp,Bigger Boys and Stolen Sweethearts,2005-11,indie,44.0,True,180640,0.00518,0.494,0.587,0.0,A,0.0892,-7.323,Major,0.0324,131.774,0.605
7t0rwkOPGlDPEhaOcVtOt9,The Cranberries,Europe,1qylvO4iCIZZcqc4TqSjTZ,Zombie - Acoustic Version,2017-04,pop,67.0,False,241560,0.00414,0.469,0.427,3.77e-05,E,0.128,-7.954,Minor,0.0241,84.053,0.0821
1dfeR4HaWDbWqFHLkxsg1d,Queen,Europe,4kzvAGJirpZ9ethvKZdJtg,We Are The Champions,1977-10,classic rock,50.0,False,180667,0.23,0.46,0.482,0.0,A#,0.101,-7.413,Major,0.0285,94.975,0.202
12Chz98pHFMPJEknJQMWvI,Muse,Europe,2daZovie6pc2ZK7StayD1K,Dead Inside,2015-06,alternative rock,61.0,False,262947,0.000259,0.65,0.758,0.000492,G#,0.276,-5.021,Major,0.0507,100.005,0.603
36QJpDe2go2KgaRleHCDTp,Led Zeppelin,Europe,5VBzIn9cBH4BNa1c6Zilba,How Many More Times - 1993 Remaster,1969-01,classic rock,54.0,False,508000,0.114,0.322,0.68,0.0245,A,0.434,-11.349,Major,0.061,142.748,0.518
12Chz98pHFMPJEknJQMWvI,Muse,Europe,5VVWgWH8HFLAtM8lbttvn9,Stockholm Syndrome,2004-03,alternative rock,61.0,False,297000,0.00187,0.434,0.977,0.166,D,0.347,-4.845,Major,0.0786,128.223,0.0939
36QJpDe2go2KgaRleHCDTp,Led Zeppelin,Europe,4es5wreov9D4Y4fXLGZkuB,Houses of the Holy,1975-02,classic rock,52.0,False,242080,0.112,0.629,0.864,0.247,A,0.648,-7.561,Major,0.034,123.325,0.958
36QJpDe2go2KgaRleHCDTp,Led Zeppelin,Europe,6fxcpQMUoX0ofnbIHVnVWN,Out on the Tiles - Remastered,1970-01,classic rock,54.0,False,247345,0.083,0.418,0.962,0.00282,E,0.138,-8.423,Major,0.0567,94.141,0.59
36QJpDe2go2KgaRleHCDTp,Led Zeppelin,Europe,0NSeXLBOh16zjbENkAu0P6,Black Dog,1971-11,classic rock,56.0,False,294000,0.274,0.432,0.848,0.0344,E,0.233,-8.095,Minor,0.0878,81.201,0.743
36QJpDe2go2KgaRleHCDTp,Led Zeppelin,Europe,5cgL1YdlGWR5KfncpAGFQk,Custard Pie,1975-02,classic rock,54.0,False,253867,0.297,0.476,0.666,0.103,A,0.0316,-9.309,Major,0.0346,182.107,0.855
12Chz98pHFMPJEknJQMWvI,Muse,Europe,40pPI2TbaYSZlKfV44HRjn,Supremacy,2012-09,alternative rock,62.0,False,295373,0.00451,0.256,0.679,0.0409,A,0.172,-4.495,Minor,0.0387,158.718,0.325
1dfeR4HaWDbWqFHLkxsg1d,Queen,Europe,1DdC1R2eDWg3Xq9RPSX4h2,"Get Down, Make Love - Remastered 2011",1977-10,classic rock,50.0,False,230120,0.423,0.441,0.723,0.0,G#,0.36,-4.746,Major,0.257,143.711,0.454
22bE4uQ6baNwSHPVcDxLCe,The Rolling Stones,Europe,7EXgO1bRnEArE58rtrgMWB,Street Fighting Man - 50th Anniversary Edition,1968-12,classic rock,58.0,False,195147,0.1,0.583,0.855,0.0177,C,0.262,-7.213,Major,0.0333,128.178,0.69
12Chz98pHFMPJEknJQMWvI,Muse,Europe,7lvZfms8Bh8QnThBmFTD7a,Get Up and Fight,2018-11,alternative rock,61.0,False,244720,0.0043,0.646,0.846,1.4e-05,E,0.105,-5.654,Major,0.0356,135.014,0.87
51Blml2LZPmy7TTiAg47vQ,U2,Europe,34sL4eaI8UKWOyYpCvoboU,All I Want Is You,1988-10,rock,61.0,False,389933,0.106,0.239,0.442,0.0411,C#,0.0738,-11.494,Major,0.0308,185.723,0.4
12Chz98pHFMPJEknJQMWvI,Muse,Europe,2qkmPUG7ARsRwhVICQVwQS,Mercy,2015-06,alternative rock,61.0,False,231973,0.00952,0.482,0.926,0.0,G,0.311,-4.789,Major,0.0549,130.007,0.371
12Chz98pHFMPJEknJQMWvI,Muse,Europe,7pdG3g13RKtrCmKwnSDeO4,Blockades,2018-11,alternative rock,60.0,False,230680,0.000644,0.498,0.941,0.0236,G,0.34,-4.454,Minor,0.0878,127.044,0.236
22bE4uQ6baNwSHPVcDxLCe,The Rolling Stones,Europe,4Wd9pEtEnZNDjgiswGOpJb,Waiting On A Friend - Remastered 2009,1981-08,classic rock,56.0,False,274227,0.15,0.61,0.791,0.0288,C,0.43,-5.982,Major,0.0288,116.946,0.911
51Blml2LZPmy7TTiAg47vQ,U2,Europe,3xjTuTBaihydhSC7ByNoSb,Stuck In A Moment You Can't Get Out Of,2000-01,rock,51.0,False,272293,0.351,0.531,0.653,9.7e-05,E,0.117,-4.866,Major,0.024,158.498,0.331
36QJpDe2go2KgaRleHCDTp,Led Zeppelin,Europe,3K2KSafiK1to517id5CoPr,The Ocean,1973-03,classic rock,53.0,False,271027,0.0533,0.443,0.555,0.024,E,0.311,-9.303,Minor,0.0474,87.982,0.755
12Chz98pHFMPJEknJQMWvI,Muse,Europe,1244xKUG27TnmQhUJlo3gU,Reapers,2015-06,alternative rock,60.0,False,359520,3.33e-05,0.421,0.892,0.00331,G,0.141,-4.235,Major,0.0564,95.866,0.398
1dfeR4HaWDbWqFHLkxsg1d,Queen,Europe,5AHQ3hXjXQzmtCT5iEkh2f,Sheer Heart Attack - Remastered 2011,1977-10,classic rock,50.0,False,207600,0.00867,0.359,0.931,0.00189,A#,0.359,-4.564,Major,0.108,91.499,0.418
1dfeR4HaWDbWqFHLkxsg1d,Queen,Europe,5w49nWH532c39tuJ3kthEm,Seaside Rendezvous - Remastered 2011,1975-11,classic rock,49.0,False,134133,0.408,0.45,0.706,0.0,C,0.292,-5.462,Major,0.113,167.906,0.764
36QJpDe2go2KgaRleHCDTp,Led Zeppelin,Europe,5NnZ4JJxWiqqhYNu3rwmFj,Misty Mountain Hop - Remastered,1971-11,classic rock,52.0,False,278907,0.379,0.47,0.806,0.0624,D,0.86,-7.165,Major,0.0369,132.359,0.787
36QJpDe2go2KgaRleHCDTp,Led Zeppelin,Europe,7jP44G0vKQLkfJ3x19pqPn,Friends - Remastered,1970-01,classic rock,53.0,False,233901,0.744,0.257,0.452,0.0996,G,0.38,-12.365,Major,0.0349,83.553,0.271
22bE4uQ6baNwSHPVcDxLCe,The Rolling Stones,Europe,5m6livL7ccIS92wq16n52r,Monkey Man,1969-12,classic rock,55.0,False,251453,0.507,0.406,0.768,0.0473,F#,0.0825,-9.321,Major,0.0374,99.855,0.55
12Chz98pHFMPJEknJQMWvI,Muse,Europe,5YXr4AGfUQpLSxtFSsKUh6,Map Of The Problematique,2006-06,alternative rock,59.0,False,258066,0.000386,0.493,0.959,0.118,G#,0.254,-3.613,Major,0.0414,125.04,0.703
36QJpDe2go2KgaRleHCDTp,Led Zeppelin,Europe,0CrseEjTnYoB625tKoUowp,You Shook Me - 1993 Remaster,1969-01,classic rock,53.0,False,388093,0.662,0.367,0.481,0.0237,B,0.137,-12.915,Minor,0.0626,155.96,0.383
36QJpDe2go2KgaRleHCDTp,Led Zeppelin,Europe,4YsNkF22bkppExAF3kOTYv,Dancing Days - Remastered,1973-03,classic rock,52.0,False,223465,0.174,0.556,0.855,0.00381,C,0.261,-6.901,Major,0.0403,117.248,0.721
12Chz98pHFMPJEknJQMWvI,Muse,Europe,6KR9NaynH8bF9w727wKQBL,New Born,2001-01,alternative rock,50.0,False,363267,0.00326,0.238,0.932,0.298,E,0.114,-5.809,Major,0.0912,150.899,0.186
22bE4uQ6baNwSHPVcDxLCe,The Rolling Stones,Europe,3w7hnMNX4zVZeBJ6LisTjT,Moonlight Mile - Remastered,1971-04,classic rock,54.0,False,357200,0.583,0.404,0.515,0.0996,G,0.111,-6.223,Major,0.0275,130.794,0.238
36QJpDe2go2KgaRleHCDTp,Led Zeppelin,Europe,05BTaDBhGylMDjupCczCwC,Misty Mountain Hop - Alternate Mix,1971-11,classic rock,52.0,False,285053,0.0763,0.488,0.892,0.486,D,0.266,-7.131,Major,0.0496,132.554,0.675
36QJpDe2go2KgaRleHCDTp,Led Zeppelin,Europe,2fvLQe9ZlRaEJ5o4sG3TbM,In the Evening,1979-08,classic rock,52.0,False,407240,0.00652,0.454,0.779,0.48,D,0.0963,-8.444,Major,0.0428,103.161,0.509
36QJpDe2go2KgaRleHCDTp,Led Zeppelin,Europe,5MWfv4F84sJhScYq18yqbN,Dazed and Confused - 2014 Remaster,1969-01,classic rock,52.0,False,388667,0.0898,0.24,0.546,0.00648,D,0.0898,-10.026,Major,0.0548,181.373,0.429
36QJpDe2go2KgaRleHCDTp,Led Zeppelin,Europe,6KCjY5kHvgWaWcAV6BBzxO,The Battle of Evermore - Remastered,1971-11,classic rock,52.0,False,351678,0.656,0.42,0.662,0.000423,E,0.096,-9.828,Minor,0.0341,147.949,0.378
36QJpDe2go2KgaRleHCDTp,Led Zeppelin,Europe,6GXlXAfXR7C6u1VjR3VMsm,Communication Breakdown - 2007 Remaster,2007-01,classic rock,53.0,False,148560,0.161,0.384,0.95,7.15e-06,D,0.61,-7.264,Major,0.149,175.055,0.454
1dfeR4HaWDbWqFHLkxsg1d,Queen,Europe,6T4mvqvMIwa0S6EH84QAAJ,Sleeping On The Sidewalk - Remastered 2011,1977-10,classic rock,48.0,False,186080,0.484,0.615,0.77,0.000168,E,0.325,-7.674,Major,0.0274,129.734,0.645
22bE4uQ6baNwSHPVcDxLCe,The Rolling Stones,Europe,668YgsnvdNBHfRscNIBS31,It's Only Rock'n'Roll (But I Like It) - Remastered 2009,1974-10,classic rock,56.0,False,307440,0.499,0.615,0.954,0.00783,A,0.319,-3.886,Major,0.0476,128.434,0.838
1dfeR4HaWDbWqFHLkxsg1d,Queen,Europe,0hpe7o5pdxzlTXvdd0s5CR,Keep Yourself Alive - Long Lost Retake / June 1975 / Remastered 2011,1975-11,classic rock,48.0,False,243560,0.221,0.467,0.792,0.000291,E,0.0969,-8.856,Major,0.153,135.883,0.439
12Chz98pHFMPJEknJQMWvI,Muse,Europe,5vV3MXW9acnFuYeYO08CHC,The Void,2018-11,alternative rock,58.0,False,284853,0.431,0.571,0.551,0.0207,G,0.0852,-8.736,Minor,0.0268,134.819,0.165
1dfeR4HaWDbWqFHLkxsg1d,Queen,Europe,5LJy5FhiILp9WXf7g7dt6t,I Can't Live With You - Remastered 2011,1991-02,classic rock,48.0,False,273560,0.368,0.442,0.882,0.0,A,0.276,-4.057,Major,0.0992,91.646,0.472
36QJpDe2go2KgaRleHCDTp,Led Zeppelin,Europe,2fQ2iALVbAZ7MkH6PaaIJ6,No Quarter - 1990 Remaster,1973-03,classic rock,52.0,False,419133,0.657,0.339,0.34,0.459,B,0.375,-14.377,Major,0.0385,142.362,0.117
36QJpDe2go2KgaRleHCDTp,Led Zeppelin,Europe,38KeSzb6FZYSogDXpc7xz8,Babe I'm Gonna Leave You - 2014 Remaster,1969-01,classic rock,52.0,False,402761,0.375,0.411,0.466,8.47e-05,E,0.142,-11.537,Minor,0.0332,136.093,0.158
36QJpDe2go2KgaRleHCDTp,Led Zeppelin,Europe,59hhEeGGOgoPBVBNp3wxCd,The Song Remains the Same,1973-03,classic rock,51.0,False,330107,0.053,0.267,0.78,0.192,G,0.271,-8.777,Major,0.055,144.292,0.674
51Blml2LZPmy7TTiAg47vQ,U2,Europe,0T702y9ndzZTnPq1bqiAM2,I Will Follow - Remastered 2008,1980-10,rock,58.0,False,217387,0.000377,0.355,0.903,3.34e-05,G#,0.31,-6.844,Major,0.0811,155.265,0.626
36QJpDe2go2KgaRleHCDTp,Led Zeppelin,Europe,2mYpbsbzCM3dqrM2XjgSjh,Nobody's Fault But Mine,1976-03,classic rock,51.0,False,376267,0.0523,0.243,0.813,0.21,A,0.188,-8.809,Major,0.102,187.617,0.471
1dfeR4HaWDbWqFHLkxsg1d,Queen,Europe,5lI8wWbYEwDuph9hoPd1s6,God Save The Queen - Remastered 2011,1975-11,classic rock,48.0,False,75347,0.667,0.192,0.314,0.268,G,0.31,-15.247,Major,0.032,94.528,0.265
36QJpDe2go2KgaRleHCDTp,Led Zeppelin,Europe,2E64SWjM9rQmAshItmdbcw,Communication Breakdown - 2014 Remaster,1969-01,classic rock,52.0,False,150201,0.144,0.375,0.956,7.6e-06,D,0.417,-7.078,Major,0.175,175.04,0.381
12Chz98pHFMPJEknJQMWvI,Muse,Europe,1DqoQsvOtn23gDx6Up6cX5,Pressure (feat. UCLA Bruin Marching Band),2018-11,alternative rock,57.0,False,244027,0.496,0.631,0.947,4.63e-05,E,0.576,-2.656,Minor,0.0551,136.016,0.807
51Blml2LZPmy7TTiAg47vQ,U2,Europe,0RHPoliIwT6ddbPugZNitX,Elevation,2000-01,rock,50.0,False,227467,0.00115,0.58,0.814,0.000369,A,0.0508,-8.109,Major,0.0407,110.077,0.413
36QJpDe2go2KgaRleHCDTp,Led Zeppelin,Europe,5g9VOUgrn7ozYE3ZQm8w41,In My Time of Dying,1975-02,classic rock,51.0,False,665600,0.137,0.33,0.843,0.00586,D,0.199,-10.221,Major,0.0581,101.855,0.474
36QJpDe2go2KgaRleHCDTp,Led Zeppelin,Europe,1RIsAtnYOlo8zGMycNFioq,Dazed and Confused - 2007 Remaster,2007-01,classic rock,52.0,False,388453,0.0919,0.262,0.539,0.00803,D,0.0889,-10.264,Major,0.0451,87.197,0.436
36QJpDe2go2KgaRleHCDTp,Led Zeppelin,Europe,5UdShl12E6eHEgS8lQ1bPr,All My Love - Remastered,2007-01,classic rock,54.0,False,355893,0.123,0.552,0.791,1.42e-05,G,0.162,-8.356,Major,0.0303,91.2,0.698
22bE4uQ6baNwSHPVcDxLCe,The Rolling Stones,Europe,0FfZBWDv7p63yj6oh2I2PS,Shattered - Remastered,1978-06,classic rock,52.0,False,226800,0.454,0.734,0.952,5.48e-05,E,0.119,-2.58,Major,0.127,140.368,0.74
12Chz98pHFMPJEknJQMWvI,Muse,Europe,6xq3Bd7MvZVa7pda9tC4MW,The Handler,2015-06,alternative rock,59.0,False,273760,0.000143,0.47,0.925,0.0417,D,0.449,-4.181,Major,0.047,130.009,0.279
22bE4uQ6baNwSHPVcDxLCe,The Rolling Stones,Europe,3Slqc9I5VrWEBdoqqkodi2,Get Off Of My Cloud - Mono,1966-01,classic rock,55.0,False,176213,0.0209,0.594,0.902,0.394,E,0.048,-6.67,Major,0.0537,126.315,0.907
22bE4uQ6baNwSHPVcDxLCe,The Rolling Stones,Europe,06FcMPcosZg13x2QODDDK6,Let It Bleed,1969-12,classic rock,54.0,False,327880,0.433,0.558,0.684,0.00293,C,0.226,-8.246,Major,0.0288,116.232,0.867
36QJpDe2go2KgaRleHCDTp,Led Zeppelin,Europe,0kfjZ0JCXU9sSg99gbQpbJ,Good Times Bad Times - Remaster,1969-01,classic rock,51.0,False,166107,0.0828,0.445,0.703,2.73e-06,A,0.0782,-9.783,Major,0.0859,93.199,0.633
12Chz98pHFMPJEknJQMWvI,Muse,Europe,2IFqUmfW8oQoKn6ToxKsMs,Survival,2012-09,alternative rock,59.0,False,257467,0.000692,0.557,0.826,0.188,A#,0.0914,-4.545,Minor,0.0394,164.01,0.632
51Blml2LZPmy7TTiAg47vQ,U2,Europe,2dhJM2skHC9D41gHj34Kgw,You’re The Best Thing About Me,2017-12,rock,62.0,False,225400,0.00235,0.656,0.772,1.07e-06,D,0.249,-6.688,Major,0.0376,117.038,0.822
12Chz98pHFMPJEknJQMWvI,Muse,Europe,6JnFVmPyJvjnfBag0hhIFa,Assassin,2006-06,alternative rock,57.0,False,211133,0.00133,0.351,0.961,0.00335,G,0.108,-3.942,Minor,0.145,124.715,0.416
22bE4uQ6baNwSHPVcDxLCe,The Rolling Stones,Europe,44xykY61s1aKsgf40A5cyI,Mother's Little Helper,1966-04,classic rock,55.0,False,164893,0.0157,0.324,0.532,7.67e-06,E,0.195,-11.547,Minor,0.0447,203.536,0.702
22bE4uQ6baNwSHPVcDxLCe,The Rolling Stones,Europe,6l9gVPHFaUfigHEiWqSh45,She's So Cold - Remastered,1980-06,classic rock,54.0,False,253507,0.421,0.754,0.831,0.00731,C,0.0754,-5.302,Major,0.0557,139.549,0.836
36QJpDe2go2KgaRleHCDTp,Led Zeppelin,Europe,1oCOp1kVAgNlXX9Tx9mvzq,Ramble On - Remaster,1969-10,classic rock,50.0,False,274010,0.186,0.456,0.549,0.00227,E,0.0877,-13.111,Major,0.0343,98.583,0.834
51Blml2LZPmy7TTiAg47vQ,U2,Europe,4SzIZFruLhiAzhuMtAhIRt,Who's Gonna Ride Your Wild Horses,1991-11,rock,54.0,False,316427,0.0302,0.432,0.679,0.000435,G,0.053,-10.594,Major,0.0366,132.678,0.414
36QJpDe2go2KgaRleHCDTp,Led Zeppelin,Europe,3g3LzkOMh3lx2FmCgb40bj,What Is and What Should Never Be - 2014 Remaster,1969-10,classic rock,50.0,False,286231,0.311,0.353,0.593,0.0,A,0.0685,-9.675,Major,0.0457,82.56,0.488
36QJpDe2go2KgaRleHCDTp,Led Zeppelin,Europe,3Ch9zofxkeb5Dh1poeEhF8,In the Light,1975-02,classic rock,51.0,False,526587,0.0699,0.309,0.337,0.000611,D,0.0421,-12.801,Major,0.0385,127.212,0.0949
36QJpDe2go2KgaRleHCDTp,Led Zeppelin,Europe,3buvRn4CDX86EO9LHTITGn,Heartbreaker - Remastered,1969-10,classic rock,50.0,False,254068,0.0797,0.381,0.734,0.0469,D,0.173,-8.917,Major,0.0933,96.614,0.565
51Blml2LZPmy7TTiAg47vQ,U2,Europe,3MRQ3CSjoiV1HFil8ykM9M,I Still Haven't Found What I'm Looking For - Remastered 2007,1987-03,rock,54.0,False,277480,0.0139,0.565,0.764,0.00488,C#,0.079,-9.43,Major,0.0351,100.891,0.686
1dfeR4HaWDbWqFHLkxsg1d,Queen,Europe,3GptwqFVjCIs2iLMiGLZTA,We Are The Champions - Raw Sessions Version,2017-10,classic rock,47.0,False,277227,0.509,0.438,0.537,0.0,A#,0.361,-7.301,Major,0.0337,96.301,0.187
1dfeR4HaWDbWqFHLkxsg1d,Queen,Europe,2GCFcbxm61rSA8gzsDk6NJ,Hammer To Fall,1984-02,classic rock,47.0,False,266600,0.138,0.405,0.692,0.00036,A,0.26,-8.851,Major,0.0615,128.444,0.604
36QJpDe2go2KgaRleHCDTp,Led Zeppelin,Europe,6Qjc36CLNJHkWwSNIPbghM,The Lemon Song - Remastered,1969-10,classic rock,50.0,False,379389,0.0581,0.409,0.545,0.00597,D,0.152,-11.314,Major,0.0835,90.536,0.686
36QJpDe2go2KgaRleHCDTp,Led Zeppelin,Europe,0AOnpRWH1YSIjOP8g5fFLw,Down by the Seaside,1975-02,classic rock,49.0,False,313893,0.584,0.39,0.513,0.282,C,0.141,-10.406,Major,0.0279,92.242,0.499
36QJpDe2go2KgaRleHCDTp,Led Zeppelin,Europe,3OuMIIFP5TxM8tLXMWYPGV,Whole Lotta Love - 2014 Remaster,1969-10,classic rock,51.0,False,334555,0.0617,0.401,0.893,0.0391,A,0.164,-11.171,Major,0.437,87.979,0.406
12Chz98pHFMPJEknJQMWvI,Muse,Europe,09oOhscdjOI4JzxgP9t0x3,Bliss,2001-01,alternative rock,48.0,False,251147,0.000258,0.447,0.8,0.00206,C,0.113,-9.482,Minor,0.047,127.956,0.251
22bE4uQ6baNwSHPVcDxLCe,The Rolling Stones,Europe,5IATbFZds3cbOx8YxuMuko,Emotional Rescue - Remastered 2009,1980-06,classic rock,55.0,False,339400,0.113,0.68,0.616,0.0853,A#,0.0379,-5.515,Major,0.0664,113.412,0.8
1dfeR4HaWDbWqFHLkxsg1d,Queen,Europe,1AwRWJXurNEFSTwQdViYqD,Good Company - Remastered 2011,1975-11,classic rock,47.0,False,203440,0.792,0.502,0.412,1.26e-05,F#,0.355,-11.227,Major,0.0481,183.145,0.533
1dfeR4HaWDbWqFHLkxsg1d,Queen,Europe,75pjAkMaZbAiDOaLCJJmW6,Dragon Attack - Remastered 2011,1980-06,classic rock,47.0,False,258773,0.161,0.699,0.845,0.0037,C,0.301,-5.398,Major,0.149,88.176,0.58
22bE4uQ6baNwSHPVcDxLCe,The Rolling Stones,Europe,0f7VY69zhtS20Xm5PVYCm5,Doo Doo Doo Doo Doo (Heartbreaker),1973-08,classic rock,52.0,False,206467,0.0827,0.445,0.821,0.238,C,0.0832,-4.442,Major,0.0331,111.215,0.598
12Chz98pHFMPJEknJQMWvI,Muse,Europe,5rupf5kRDLhhFPxH15ZmBF,Muscle Museum,1999-01,alternative rock,60.0,False,262973,0.00779,0.447,0.534,0.000125,F#,0.0933,-7.502,Major,0.0345,79.99,0.373
12Chz98pHFMPJEknJQMWvI,Muse,Europe,1D2ISRyHAs9QBHIWVQIbgM,Something Human (Acoustic Version),2018-11,alternative rock,58.0,False,226333,0.425,0.609,0.832,4.44e-05,A,0.17,-5.284,Major,0.039,105.023,0.654
1dfeR4HaWDbWqFHLkxsg1d,Queen,Europe,1Ji1gZtpgMBepbNpyiLfgv,The Prophet's Song - Remastered 2011,1975-11,classic rock,47.0,False,500960,0.309,0.396,0.455,0.00011,D,0.347,-9.752,Minor,0.0468,140.366,0.197
36QJpDe2go2KgaRleHCDTp,Led Zeppelin,Europe,6kpMYSZ58MkohGS7OkO4A9,Bron-Yr-Aur,1975-02,classic rock,49.0,False,126373,0.667,0.343,0.295,0.835,C,0.0946,-18.524,Major,0.0375,171.668,0.261
12Chz98pHFMPJEknJQMWvI,Muse,Europe,7ykaGsyod4JPbWiaNNlP5B,Algorithm (Alternate Reality Version),2018-11,alternative rock,57.0,False,212360,0.0139,0.441,0.747,0.0224,G#,0.111,-9.034,Major,0.0585,84.96,0.0517
1dfeR4HaWDbWqFHLkxsg1d,Queen,Europe,7tFiyTwD0nx5a1eklYtX2J,Bohemian Rhapsody - Remastered 2011,1975-11,classic rock,82.0,False,354320,0.254,0.397,0.396,0.0,D#,0.268,-9.91,Major,0.05,142.913,0.227
1dfeR4HaWDbWqFHLkxsg1d,Queen,Europe,7hQJA50XrCWABAu5v6QZ4i,Don't Stop Me Now - Remastered,1978-11,classic rock,81.0,False,209413,0.0488,0.559,0.855,0.000681,F,0.68,-5.077,Major,0.186,156.311,0.605
1dfeR4HaWDbWqFHLkxsg1d,Queen,Europe,11IzgLRXV7Cgek3tEgGgjw,Under Pressure - Remastered,1982-05,classic rock,77.0,False,248440,0.444,0.667,0.705,0.0,D,0.107,-7.657,Major,0.0488,113.808,0.506
1dfeR4HaWDbWqFHLkxsg1d,Queen,Europe,6cFZ4PLC19taNlpl9pbGMf,Somebody To Love - Remastered 2011,1976-12,classic rock,77.0,False,296493,0.172,0.492,0.676,0.0,G#,0.239,-6.861,Major,0.0516,110.232,0.412
1dfeR4HaWDbWqFHLkxsg1d,Queen,Europe,54flyrjcdnQdco7300avMJ,We Will Rock You - Remastered,1977-10,classic rock,76.0,False,122067,0.688,0.692,0.488,0.0,B,0.4,-7.282,Minor,0.104,81.4,0.51
1dfeR4HaWDbWqFHLkxsg1d,Queen,Europe,7GqWnsKhMtEW0nzki5o0d8,Killer Queen - Remastered 2011,1974-11,classic rock,74.0,False,179600,0.34,0.568,0.642,0.0,A#,0.171,-6.495,Major,0.0447,117.305,0.604
1dfeR4HaWDbWqFHLkxsg1d,Queen,Europe,7ccI9cStQbQdystvc6TvxD,We Are The Champions - Remastered 2011,1977-10,classic rock,73.0,False,179200,0.389,0.467,0.486,0.0,A#,0.121,-6.645,Major,0.0274,95.205,0.184
1dfeR4HaWDbWqFHLkxsg1d,Queen,Europe,1HmzAZUvhQLhLo2z3ocpZI,Radio Ga Ga - Remastered,1984-02,classic rock,72.0,False,348227,0.197,0.743,0.524,0.00013,F,0.204,-7.627,Major,0.0362,112.329,0.644
1dfeR4HaWDbWqFHLkxsg1d,Queen,Europe,790YJcgHlN3SaosQCHlWzn,Love Of My Life - Remastered 2011,1975-11,classic rock,71.0,False,217400,0.927,0.358,0.19,5.83e-06,F,0.121,-11.355,Major,0.0288,77.756,0.269
1dfeR4HaWDbWqFHLkxsg1d,Queen,Europe,7h2yhVxcZOGyQdOwD4Hu8J,I Want To Break Free - Remastered 2011,1984-02,classic rock,70.0,False,258013,0.108,0.793,0.428,0.000194,E,0.0701,-8.962,Major,0.0319,108.942,0.582
1dfeR4HaWDbWqFHLkxsg1d,Queen,Europe,35ItUJlMtjOQW3SSiTCrrw,Crazy Little Thing Called Love - Remastered 2011,1980-06,classic rock,70.0,False,163373,0.679,0.622,0.781,0.0,D,0.272,-6.756,Major,0.0516,76.709,0.718
1dfeR4HaWDbWqFHLkxsg1d,Queen,Europe,4igIYHF3B5VBxEafHauVo3,Fat Bottomed Girls - Remastered 2011,1978-11,classic rock,69.0,False,255600,0.0416,0.341,0.674,5.47e-06,D,0.345,-7.643,Major,0.0492,88.933,0.452
1dfeR4HaWDbWqFHLkxsg1d,Queen,Europe,5ODSfJ2h7m1Zkg6MIm2C9Q,Radio Ga Ga - Live Aid,2018-10,classic rock,69.0,False,245680,0.0138,0.406,0.934,0.0,F,0.955,-6.668,Major,0.0845,118.823,0.395
1dfeR4HaWDbWqFHLkxsg1d,Queen,Europe,25H6P7a94WUr5102lC6TNI,I Want To Break Free,2018-10,classic rock,68.0,False,223080,0.105,0.807,0.414,2.57e-05,E,0.0813,-8.903,Major,0.0352,108.944,0.502
1dfeR4HaWDbWqFHLkxsg1d,Queen,Europe,4OKf7CcYuw5H2HptkcKxcP,You're My Best Friend - Remastered 2011,1975-11,classic rock,67.0,False,170800,0.155,0.512,0.762,0.0108,C,0.0874,-7.035,Major,0.0495,118.894,0.553
1dfeR4HaWDbWqFHLkxsg1d,Queen,Europe,6AWe04n4zsYkGKb3Pf7LMk,Bohemian Rhapsody - 2011 Remaster,2018-10,classic rock,67.0,False,354947,0.287,0.39,0.397,0.0,C,0.207,-9.963,Minor,0.0513,144.031,0.246
1dfeR4HaWDbWqFHLkxsg1d,Queen,Europe,3cMunJsyeFbyYm7X3LgW9T,Somebody To Love - 2011 Remaster,2018-10,classic rock,67.0,False,295733,0.164,0.466,0.698,0.0,G#,0.127,-6.967,Major,0.0629,109.772,0.349
1dfeR4HaWDbWqFHLkxsg1d,Queen,Europe,6AAa4zIwllv49ACRh2ndLh,Killer Queen - 2011 Remaster,2018-10,classic rock,67.0,False,179356,0.365,0.526,0.64,1.3e-06,A#,0.0958,-6.374,Major,0.0472,117.132,0.622
12Chz98pHFMPJEknJQMWvI,Muse,Europe,4VqPOruhp5EdPBeR92t6lQ,Uprising,2009-09,alternative rock,77.0,False,304840,0.000202,0.602,0.905,0.064,D,0.117,-4.046,Major,0.0775,128.019,0.411
1dfeR4HaWDbWqFHLkxsg1d,Queen,Europe,5nv5hodQpAMoT2PqSVmakE,Ay-Oh - Live Aid,2018-10,classic rock,66.0,False,41455,0.881,0.215,0.87,0.112,D,0.976,-10.92,Major,0.351,144.877,0.462
1dfeR4HaWDbWqFHLkxsg1d,Queen,Europe,5SWhZ7Xn6t7TowUp77vaUz,We Are The Champions - Live Aid,2018-10,classic rock,66.0,False,237026,0.175,0.316,0.86,4.92e-05,G,0.902,-5.038,Minor,0.0661,100.888,0.195
1dfeR4HaWDbWqFHLkxsg1d,Queen,Europe,5YpHQOxvS1pe36h2vkkjSx,Hammer To Fall - Live Aid,2018-10,classic rock,65.0,False,243532,0.00515,0.222,0.981,0.000383,A,0.979,-5.846,Major,0.0918,140.503,0.153
1dfeR4HaWDbWqFHLkxsg1d,Queen,Europe,62PDM93qqC4xSfQMV48MRF,Don't Stop Me Now - …revisited,2018-10,classic rock,65.0,False,217824,0.0152,0.465,0.917,0.02,F,0.286,-6.331,Major,0.237,155.061,0.39
36QJpDe2go2KgaRleHCDTp,Led Zeppelin,Europe,2nVHqZbOGkKWzlcy1aMbE7,Kashmir,1975-02,classic rock,70.0,False,508200,0.488,0.48,0.536,4.22e-05,D,0.155,-11.166,Major,0.0427,80.617,0.581
51Blml2LZPmy7TTiAg47vQ,U2,Europe,6wpGqhRvJGNNXwWlPmkMyO,I Still Haven't Found What I'm Looking For,1987-03,rock,76.0,False,277477,0.0157,0.566,0.783,0.003,C#,0.0806,-9.412,Major,0.0363,100.864,0.587
1dfeR4HaWDbWqFHLkxsg1d,Queen,Europe,3hU637WcAGM5ubSqeaTme5,The Show Must Go On - Remastered 2011,1991-02,classic rock,65.0,False,277827,0.425,0.428,0.701,1.61e-06,B,0.102,-6.67,Minor,0.0352,83.97,0.201
1dfeR4HaWDbWqFHLkxsg1d,Queen,Europe,1mnQiO568zXIrUncttTZGp,Good Old-Fashioned Lover Boy - Remastered 2011,1976-12,classic rock,64.0,False,173173,0.542,0.548,0.485,0.0,D#,0.0587,-6.68,Major,0.0315,96.775,0.38
1dfeR4HaWDbWqFHLkxsg1d,Queen,Europe,7ayVko8RIfeikaANiv8s4I,Fat Bottomed Girls - Live in Paris,2018-10,classic rock,64.0,False,277706,0.0797,0.314,0.914,2.43e-05,D,0.956,-5.884,Major,0.0599,92.049,0.346
12Chz98pHFMPJEknJQMWvI,Muse,Europe,3lPr8ghNDBLc2uZovNyLs9,Supermassive Black Hole,2006-06,alternative rock,74.0,False,212440,0.0492,0.668,0.921,0.00517,G,0.0877,-3.727,Major,0.0439,120.0,0.782
1dfeR4HaWDbWqFHLkxsg1d,Queen,Europe,3Rvjhi2fdHU7qLIv4a4MCy,Bohemian Rhapsody - Live Aid,2018-10,classic rock,63.0,False,147840,0.315,0.379,0.781,0.000162,C,0.401,-6.147,Minor,0.0417,77.567,0.327
12Chz98pHFMPJEknJQMWvI,Muse,Europe,0c4IEciLCDdXEhhKxj4ThA,Madness,2012-09,alternative rock,71.0,False,281040,0.127,0.502,0.417,0.00419,A#,0.106,-7.665,Major,0.0718,180.301,0.218
51Blml2LZPmy7TTiAg47vQ,U2,Europe,6ADSaE87h8Y3lccZlBJdXH,With Or Without You - Remastered,1987-03,rock,79.0,False,295516,0.000207,0.543,0.432,0.369,D,0.146,-11.832,Major,0.0288,110.196,0.107
1dfeR4HaWDbWqFHLkxsg1d,Queen,Europe,6XJyZY2e0k9hZYV7T6TZkB,Keep Yourself Alive - Live at The Rainbow,2018-10,classic rock,63.0,False,236083,0.0194,0.308,0.975,9.14e-06,A,0.975,-5.894,Minor,0.173,138.974,0.295
1dfeR4HaWDbWqFHLkxsg1d,Queen,Europe,0GN3KwXNPI6wNmLlbSoVzi,Love Of My Life - Live at Rock in Rio Festival,2018-10,classic rock,63.0,False,268703,0.807,0.228,0.563,8.63e-06,D,0.809,-11.962,Major,0.0953,111.7,0.0713
12Chz98pHFMPJEknJQMWvI,Muse,Europe,3eSyMBd7ERw68NVB3jlRmW,Pressure,2018-11,alternative rock,73.0,False,235600,0.00342,0.622,0.842,0.00014,B,0.0575,-3.678,Minor,0.0609,136.041,0.724
1dfeR4HaWDbWqFHLkxsg1d,Queen,Europe,4DtB1PJsbl4KAb2rZVNCUL,I Want It All - Remastered 2011,1989-05,classic rock,63.0,False,242093,0.0369,0.406,0.846,2.82e-06,B,0.353,-5.626,Minor,0.062,92.773,0.44
1dfeR4HaWDbWqFHLkxsg1d,Queen,Europe,0xqaviScnf68cFZf0caB4V,Crazy Little Thing Called Love - 2011 Remaster,2018-10,classic rock,62.0,False,163342,0.673,0.626,0.762,2.1e-06,G,0.325,-6.846,Major,0.0432,76.793,0.766
1dfeR4HaWDbWqFHLkxsg1d,Queen,Europe,3lUx27TOwV2nAiKwnYYXxe,Bicycle Race - Remastered 2011,1978-11,classic rock,62.0,False,180813,0.0724,0.493,0.68,0.0,A#,0.11,-6.376,Minor,0.0976,83.971,0.568
1dfeR4HaWDbWqFHLkxsg1d,Queen,Europe,56WjtnIYDizFHsceYrZEvE,We Will Rock You - Movie Mix,2018-10,classic rock,62.0,False,129093,0.117,0.64,0.593,1.21e-06,B,0.78,-6.24,Minor,0.121,81.402,0.407
51Blml2LZPmy7TTiAg47vQ,U2,Europe,1VuBmEauSZywQVtqbxNqka,Beautiful Day,2000-01,rock,64.0,False,248067,0.0144,0.537,0.921,0.00479,D,0.382,-6.474,Major,0.0481,136.264,0.467
36QJpDe2go2KgaRleHCDTp,Led Zeppelin,Europe,70gbuMqwNBE2Y5rkQJE9By,Going to California - Remastered,1971-11,classic rock,66.0,False,212161,0.943,0.503,0.265,0.045,D,0.0867,-15.913,Major,0.0333,78.044,0.522
12Chz98pHFMPJEknJQMWvI,Muse,Europe,3skn2lauGk7Dx6bVIt5DVj,Starlight,2006-06,alternative rock,73.0,False,240213,0.000436,0.55,0.874,1.02e-05,E,0.206,-4.046,Major,0.0321,121.61,0.318
0k17h0D3J5VfsdmQ1iZtE9,Pink Floyd,Europe,2TjdnqlpwOjhijHCwHCP2d,The Great Gig in the Sky,1973-03,progressive rock,67.0,False,283872,0.768,0.275,0.216,0.897,F,0.0832,-13.818,Major,0.0345,116.388,0.181
1dfeR4HaWDbWqFHLkxsg1d,Queen,Europe,35cljnTV9schHORuqWF8mA,Fat Bottomed Girls - Single Version,1978-11,classic rock,61.0,False,203280,0.0652,0.426,0.697,0.0,D,0.322,-7.45,Major,0.062,87.708,0.54
1dfeR4HaWDbWqFHLkxsg1d,Queen,Europe,6UzSmURaa506OfZxFZci1J,Now I'm Here - Live at The Hammersmith Odeon,2018-10,classic rock,61.0,False,265981,0.142,0.347,0.919,0.00542,A,0.714,-7.39,Major,0.139,133.86,0.13
1dfeR4HaWDbWqFHLkxsg1d,Queen,Europe,30U2ANWm8iFBRiYX3USS5H,Hammer To Fall - Remastered 2011,1991-10,classic rock,61.0,False,218320,0.317,0.429,0.789,3.4e-05,A,0.128,-4.948,Major,0.0905,126.746,0.51
51Blml2LZPmy7TTiAg47vQ,U2,Europe,3G69vJMWsX6ZohTykad2AU,One,1991-11,rock,76.0,False,276187,0.245,0.392,0.534,0.00104,C,0.155,-8.793,Major,0.0369,181.305,0.325
36QJpDe2go2KgaRleHCDTp,Led Zeppelin,Europe,62p6fF2r4NY6pwZbxxvmr8,Fool in the Rain,1979-08,classic rock,63.0,False,372893,0.0866,0.539,0.866,0.00414,C,0.0953,-8.404,Major,0.0483,130.345,0.761
1dfeR4HaWDbWqFHLkxsg1d,Queen,Europe,1e9Tt3nKBwRbuaU79kN3dn,Seven Seas Of Rhye - Remastered 2011,1974-03,classic rock,60.0,False,168973,0.108,0.349,0.891,0.0138,D,0.232,-6.026,Major,0.122,126.622,0.4
1dfeR4HaWDbWqFHLkxsg1d,Queen,Europe,1LFK84nUerBbYfFd1LmnTm,A Kind Of Magic - Remastered 2011,1986-06,classic rock,60.0,False,264253,0.0203,0.673,0.783,0.00153,A,0.19,-5.79,Major,0.0364,130.099,0.688
36QJpDe2go2KgaRleHCDTp,Led Zeppelin,Europe,51pQ7vY7WXzxskwloaeqyj,Stairway to Heaven,1971-11,classic rock,68.0,False,478173,0.575,0.346,0.335,0.00674,G,0.185,-12.453,Major,0.0339,84.204,0.213
1dfeR4HaWDbWqFHLkxsg1d,Queen,Europe,0LCWyLFPXIeg1CIC1NS712,The Show Must Go On - 2011 Remaster,2018-10,classic rock,60.0,False,271612,0.433,0.425,0.675,4.51e-06,B,0.112,-6.79,Minor,0.0409,84.156,0.0671
12Chz98pHFMPJEknJQMWvI,Muse,Europe,7ouMYWpwJ422jRcDASZB7P,Knights Of Cydonia,2006-06,alternative rock,69.0,False,366213,0.000273,0.366,0.963,0.0122,B,0.115,-5.301,Minor,0.142,137.114,0.211
36QJpDe2go2KgaRleHCDTp,Led Zeppelin,Europe,16VhHtoaOjTU4AJBNSBNQ1,Hey Hey What Can I Do,1982-11,classic rock,61.0,False,236760,0.166,0.468,0.858,0.000304,C#,0.0807,-9.639,Major,0.0543,77.987,0.526
1dfeR4HaWDbWqFHLkxsg1d,Queen,Europe,05ZPrmaISOFhW3BnkuxyLR,Who Wants To Live Forever - 2011 Remaster,2018-10,classic rock,59.0,False,314489,0.583,0.18,0.371,0.00217,E,0.116,-9.033,Minor,0.0332,139.671,0.0388
1dfeR4HaWDbWqFHLkxsg1d,Queen,Europe,4J0kN8QS2esY6cWBsFjtW9,Death On Two Legs (Dedicated To...) - Remastered 2011,1975-11,classic rock,59.0,False,223173,0.345,0.398,0.699,4.88e-05,D,0.187,-6.131,Major,0.0517,124.758,0.494
1dfeR4HaWDbWqFHLkxsg1d,Queen,Europe,0kIpcu3DQacQObHVyra9Jx,'39 - Remastered 2011,1975-11,classic rock,59.0,False,210800,0.0289,0.519,0.572,0.0,G#,0.11,-9.737,Major,0.0271,101.641,0.385
1dfeR4HaWDbWqFHLkxsg1d,Queen,Europe,2mGEqJahn3CSyCG1BTEqMs,Save Me - Remastered 2011,1980-06,classic rock,59.0,False,229920,0.36,0.499,0.461,1.1e-06,G,0.111,-6.75,Major,0.0253,81.582,0.358
12Chz98pHFMPJEknJQMWvI,Muse,Europe,57lCa95tmjJ8EYdNTex8Kk,Thought Contagion,2018-11,alternative rock,68.0,False,206107,0.00107,0.48,0.76,2.37e-05,F,0.0809,-3.663,Major,0.0402,139.985,0.378
1dfeR4HaWDbWqFHLkxsg1d,Queen,Europe,4b0mX1GtrQLiUW9jpb6Xcx,Play The Game - Remastered 2011,1980-06,classic rock,58.0,False,212533,0.446,0.397,0.692,0.0,F,0.0961,-5.684,Major,0.0294,78.356,0.322
36QJpDe2go2KgaRleHCDTp,Led Zeppelin,Europe,5KXdflxoxCcE9m5F2QoAUY,Over the Hills and Far Away,1973-03,classic rock,60.0,False,289360,0.0582,0.412,0.54,0.0717,G,0.0849,-13.897,Major,0.0516,96.783,0.299
1dfeR4HaWDbWqFHLkxsg1d,Queen,Europe,1v870eS7JuHSeBNBFsVz3b,Stone Cold Crazy - Remastered 2011,1974-11,classic rock,58.0,False,133813,0.0237,0.425,0.928,0.00429,G,0.0908,-6.531,Major,0.0853,120.421,0.464
1dfeR4HaWDbWqFHLkxsg1d,Queen,Europe,6WKoOXecrcYW8RmerNCxFB,Keep Yourself Alive,1973-02,classic rock,58.0,False,228333,0.234,0.505,0.755,0.0,A,0.0668,-7.952,Major,0.0565,134.948,0.456
1dfeR4HaWDbWqFHLkxsg1d,Queen,Europe,00QAndVDVfNqNWYdWAhEan,Who Wants To Live Forever - Remastered 2011,1991-10,classic rock,58.0,False,295347,0.577,0.135,0.399,0.00104,E,0.115,-8.67,Minor,0.0361,87.476,0.0383
12Chz98pHFMPJEknJQMWvI,Muse,Europe,383QXk8nb2YrARMUwDdjQS,Psycho,2015-06,alternative rock,69.0,True,316718,0.00114,0.555,0.883,0.041,D,0.868,-3.426,Major,0.0341,125.02,0.507
51Blml2LZPmy7TTiAg47vQ,U2,Europe,6C4LXC9UFH1IKiHYOp0BiJ,Sunday Bloody Sunday - Remastered 2008,1983-02,rock,71.0,False,279440,0.402,0.543,0.944,0.000564,F#,0.0373,-7.495,Major,0.0543,101.174,0.735
0k17h0D3J5VfsdmQ1iZtE9,Pink Floyd,Europe,7K6xMPtAjTuLPNlJMLf5bS,"Another Brick in the Wall, Pt. 1",1979-11,progressive rock,63.0,False,192146,0.937,0.617,0.0457,0.641,C,0.0991,-26.401,Major,0.0344,99.48,0.0967
1dfeR4HaWDbWqFHLkxsg1d,Queen,Europe,1CKo7tzWiPzIGXc28DrABh,I Was Born To Love You - 2011 Remaster,1995-11,classic rock,57.0,False,289813,0.097,0.452,0.912,0.0,G#,0.0982,-5.986,Major,0.0822,139.072,0.522
1dfeR4HaWDbWqFHLkxsg1d,Queen,Europe,5PTvZMe9mIL0GrRvPBRu6S,It's A Hard Life - Remastered 2011,1984-02,classic rock,57.0,False,246973,0.439,0.436,0.614,0.0,D#,0.258,-6.095,Major,0.0299,82.365,0.278
12Chz98pHFMPJEknJQMWvI,Muse,Europe,7xyYsOvq5Ec3P4fr6mM9fD,Hysteria,2004-03,alternative rock,69.0,False,227440,0.000456,0.412,0.92,0.0026,A,0.11,-4.852,Minor,0.0575,93.162,0.455
0k17h0D3J5VfsdmQ1iZtE9,Pink Floyd,Europe,574y1r7o2tRA009FW0LE7v,Speak to Me,1973-03,progressive rock,62.0,True,65314,0.362,0.592,0.0196,0.854,C#,0.108,-33.35,Major,0.0358,119.504,0.0312
36QJpDe2go2KgaRleHCDTp,Led Zeppelin,Europe,6lrh9jZ1xoMwoErgPSj2rY,All My Love - 1990 Remaster,1979-08,classic rock,62.0,False,351267,0.131,0.599,0.744,0.00275,G,0.0795,-8.72,Major,0.0316,91.259,0.723
36QJpDe2go2KgaRleHCDTp,Led Zeppelin,Europe,55sjCMeQM26VxbNHhMtj2b,Going to California,1971-11,classic rock,61.0,False,211467,0.892,0.495,0.237,0.00638,D,0.0865,-17.701,Major,0.0333,77.376,0.541
12Chz98pHFMPJEknJQMWvI,Muse,Europe,2takcwOaAZWiXQijPHIx7B,Time Is Running Out,2004-03,alternative rock,68.0,False,237040,0.00242,0.585,0.842,0.00686,A,0.0866,-5.883,Minor,0.0556,118.211,0.428
1dfeR4HaWDbWqFHLkxsg1d,Queen,Europe,0SaopEgTo6O5dJoFXBbulL,Friends Will Be Friends - Remastered 2011,1986-06,classic rock,56.0,False,246907,0.0463,0.373,0.567,5.74e-05,G,0.337,-7.543,Major,0.0277,150.172,0.325
1dfeR4HaWDbWqFHLkxsg1d,Queen,Europe,5jNn9QeC5PCZl3t27eusXg,Princes Of The Universe - Remastered 2011,1986-06,classic rock,56.0,False,213827,0.0335,0.363,0.885,0.0,G,0.342,-5.013,Major,0.103,81.444,0.431
1dfeR4HaWDbWqFHLkxsg1d,Queen,Europe,0P7YJ9fxIOM0Rq4pZ2qU42,Now I'm Here - Remastered 2011,1974-11,classic rock,56.0,False,252933,0.0319,0.485,0.759,0.000897,E,0.0979,-6.784,Major,0.0503,132.602,0.534
1dfeR4HaWDbWqFHLkxsg1d,Queen,Europe,3lrNq7iGL5r3KS93YiKAbC,Don't Stop Me Now,1981-10,classic rock,56.0,False,209600,0.0789,0.568,0.779,0.000812,F,0.528,-9.465,Major,0.188,156.388,0.607
1dfeR4HaWDbWqFHLkxsg1d,Queen,Europe,4bmak6Hd7NPwVrY26TjKNT,Innuendo - Remastered 2011,1991-02,classic rock,56.0,False,393027,0.165,0.265,0.739,0.0053,C#,0.331,-5.542,Major,0.0479,148.376,0.227
12Chz98pHFMPJEknJQMWvI,Muse,Europe,0dMYPDqcI4ca4cjqlmp9mE,The Dark Side,2018-11,alternative rock,67.0,False,227213,0.000884,0.484,0.927,3.96e-06,D,0.223,-3.759,Major,0.0425,99.979,0.389
22bE4uQ6baNwSHPVcDxLCe,The Rolling Stones,Europe,6gKAjxAV0LvphJD1F54L9w,She's A Rainbow - Full Version / With Intro,1972-12,classic rock,57.0,False,251760,0.456,0.46,0.78,0.00571,A#,0.343,-8.991,Major,0.0409,109.389,0.567
36QJpDe2go2KgaRleHCDTp,Led Zeppelin,Europe,6kjlvJLh2DBsSQtqVzFh8I,Immigrant Song - 1990 Remaster,1970-10,classic rock,61.0,False,145067,0.00031,0.574,0.926,0.478,B,0.386,-10.79,Major,0.0562,113.097,0.609
36QJpDe2go2KgaRleHCDTp,Led Zeppelin,Europe,1NV6sCADgcLSW7DG7zSWlq,Ten Years Gone,1975-02,classic rock,59.0,False,391400,0.526,0.544,0.4,0.0378,D,0.0716,-12.504,Major,0.0439,76.982,0.264
1dfeR4HaWDbWqFHLkxsg1d,Queen,Europe,6hvFXQ9Kmsabx520Xlu5rK,Spread Your Wings - Remastered 2011,1977-10,classic rock,56.0,False,274227,0.297,0.382,0.668,7.97e-06,A,0.0557,-6.367,Major,0.0369,174.837,0.475
1dfeR4HaWDbWqFHLkxsg1d,Queen,Europe,5eDwoZdv3Qftzs8ijKviYg,Too Much Love Will Kill You - 2011 Remaster,1995-11,classic rock,56.0,False,259213,0.564,0.39,0.4,6.2e-05,G,0.164,-7.542,Major,0.031,145.496,0.209
1dfeR4HaWDbWqFHLkxsg1d,Queen,Europe,52zfZjVEiMM1EK51ERuaEi,I'm Going Slightly Mad - Remastered 2011,1991-02,classic rock,56.0,False,262933,0.579,0.625,0.818,1.89e-05,A,0.214,-6.079,Minor,0.051,115.623,0.348
1dfeR4HaWDbWqFHLkxsg1d,Queen,Europe,6tYYT8zNxkadSCujCdR6Ur,Flash - Single Version,1980-12,classic rock,56.0,False,168213,0.194,0.47,0.65,0.0317,G,0.111,-11.202,Major,0.0806,108.465,0.339
1dfeR4HaWDbWqFHLkxsg1d,Queen,Europe,2HpkD9J7t7xBaduVflpmqn,These Are The Days Of Our Lives - 2011 Remaster,1991-02,classic rock,56.0,False,255040,0.375,0.677,0.403,0.000269,C,0.0594,-9.457,Major,0.0291,112.619,0.568
36QJpDe2go2KgaRleHCDTp,Led Zeppelin,Europe,5G7uLHtoEW140QOcBpJlfz,What Is and What Should Never Be - 1990 Remaster,1969-10,classic rock,58.0,False,283973,0.275,0.34,0.472,0.0,A,0.0843,-12.939,Major,0.0473,78.086,0.533
1dfeR4HaWDbWqFHLkxsg1d,Queen,Europe,0xzhryP1AoHUazYdJ5rj3B,One Vision - Remastered 2011,1986-06,classic rock,56.0,False,311027,0.0392,0.433,0.927,0.000524,D,0.366,-7.275,Major,0.287,119.971,0.283
1dfeR4HaWDbWqFHLkxsg1d,Queen,Europe,7pNjsnSTgme34y3uc2qLHI,Headlong - Remastered 2011,1991-02,classic rock,56.0,False,277773,0.208,0.565,0.916,1.89e-05,D,0.197,-5.143,Major,0.0876,144.039,0.364
1dfeR4HaWDbWqFHLkxsg1d,Queen,Europe,6K8gEgGkOyD1wFY3kAcyOy,Tie Your Mother Down - Remastered 2011,1976-12,classic rock,56.0,False,286693,0.126,0.289,0.891,7.4e-05,D,0.356,-5.596,Major,0.0744,135.218,0.162
0k17h0D3J5VfsdmQ1iZtE9,Pink Floyd,Europe,0EaLRxrtnq7Mqhdf8q9txr,Run Like Hell,1979-11,progressive rock,60.0,False,263573,0.0235,0.716,0.499,0.449,A,0.86,-15.457,Major,0.0354,116.974,0.42
1dfeR4HaWDbWqFHLkxsg1d,Queen,Europe,2HPvr5vD9rjbc0tejSmkkp,Breakthru - Remastered 2011,1989-05,classic rock,55.0,False,248387,0.0742,0.575,0.881,0.0077,F,0.342,-5.595,Major,0.0887,90.136,0.373
1dfeR4HaWDbWqFHLkxsg1d,Queen,Europe,12TZzfqJyY3UvtZ3lq1WmY,Lazing On A Sunday Afternoon - Remastered 2011,1975-11,classic rock,55.0,False,67400,0.456,0.628,0.567,0.00174,D#,0.0814,-9.039,Major,0.0646,131.629,0.715
12Chz98pHFMPJEknJQMWvI,Muse,Europe,429MqIq5nGH32feyRZHunv,Plug In Baby,2001-01,alternative rock,56.0,False,218000,6.94e-06,0.408,0.965,0.000402,D,0.11,-4.232,Major,0.05,136.018,0.349
12Chz98pHFMPJEknJQMWvI,Muse,Europe,0RILico3Gbl5jxSNg3zLrJ,Dig Down,2018-11,alternative rock,64.0,False,228147,0.0879,0.428,0.429,0.00041,C,0.168,-6.06,Major,0.049,127.173,0.182
1dfeR4HaWDbWqFHLkxsg1d,Queen,Europe,5C6D9gICTE0rS0xfF2udY8,Love Of My Life,1975-11,classic rock,54.0,False,216960,0.938,0.346,0.138,1.78e-05,F,0.112,-14.64,Major,0.0306,82.593,0.259
1dfeR4HaWDbWqFHLkxsg1d,Queen,Europe,22PDDxasXyFMek05JaWmVC,"My Fairy King - BBC Session / February 5th 1973, Langham 1 Studio",2016-10,classic rock,54.0,False,247573,0.567,0.345,0.509,2.22e-05,D,0.176,-9.614,Minor,0.0358,99.28,0.271
51Blml2LZPmy7TTiAg47vQ,U2,Europe,4qgZs0RNjdzKAS22lP0QjY,Where The Streets Have No Name - Remastered,1987-03,rock,65.0,False,337506,0.011,0.495,0.728,0.00353,D,0.151,-9.549,Major,0.0385,125.81,0.218
1dfeR4HaWDbWqFHLkxsg1d,Queen,Europe,5o6VEJfhYj9Ubp73tmwl6t,Liar - Remastered 2011,1973-07,classic rock,54.0,False,383920,0.00263,0.228,0.815,0.0672,D,0.186,-7.089,Major,0.174,74.268,0.286
7t0rwkOPGlDPEhaOcVtOt9,The Cranberries,Europe,1AWXiUQjoQfcmqaBEtaOoL,Ode To My Family,1994-10,rock,69.0,False,270707,0.0706,0.374,0.445,1.05e-06,G,0.361,-10.115,Major,0.0236,95.313,0.148
1dfeR4HaWDbWqFHLkxsg1d,Queen,Europe,0h15VlXIzD1MwKwNi12ois,The Invisible Man - Remastered 2011,1989-05,classic rock,54.0,False,237680,0.196,0.71,0.8,0.0107,C,0.333,-6.815,Major,0.0396,120.015,0.652
1dfeR4HaWDbWqFHLkxsg1d,Queen,Europe,6l8GvAyoUZwWDgF1e4822w,Bohemian Rhapsody,2006-01,classic rock,54.0,False,355400,0.309,0.388,0.398,0.0,C,0.211,-10.357,Minor,0.0543,146.852,0.297
22bE4uQ6baNwSHPVcDxLCe,The Rolling Stones,Europe,55LRDFmsuazr533WrtHHW9,Jumpin' Jack Flash - Mono,1966-01,classic rock,63.0,False,219467,0.0362,0.596,0.901,0.749,D#,0.0698,-7.373,Major,0.0482,137.359,0.621
51Blml2LZPmy7TTiAg47vQ,U2,Europe,7ndGFo9nZ108KPgXtfYWCe,Sweetest Thing,1987-03,rock,65.0,False,184543,0.0404,0.521,0.651,1.32e-05,C,0.16,-8.999,Major,0.0516,141.612,0.512
12Chz98pHFMPJEknJQMWvI,Muse,Europe,1esX5rtwwssnsEQNQk0HGg,Something Human,2018-11,alternative rock,66.0,False,226787,0.0536,0.59,0.903,0.00289,A,0.12,-4.841,Major,0.0542,105.018,0.545
51Blml2LZPmy7TTiAg47vQ,U2,Europe,4D01oA1mGouaAT7fubvKRT,Desire,1988-10,rock,65.0,False,179360,0.000212,0.49,0.827,0.00406,G#,0.112,-9.481,Major,0.0482,108.577,0.626
1dfeR4HaWDbWqFHLkxsg1d,Queen,Europe,1mSClObliRtgPVT399COQH,Under Pressure,1982-05,classic rock,55.0,False,245507,0.417,0.655,0.538,0.0,D,0.0865,-12.711,Major,0.0582,113.521,0.472
12Chz98pHFMPJEknJQMWvI,Muse,Europe,0It6VJoMAare1zdV2wxqZq,Undisclosed Desires,2009-09,alternative rock,66.0,False,235000,0.00819,0.683,0.585,0.0162,G#,0.0797,-6.76,Major,0.0323,115.997,0.641
1dfeR4HaWDbWqFHLkxsg1d,Queen,Europe,4ObxJP7kYUkBqpiklCzrBo,Brighton Rock - Remastered 2011,1974-11,classic rock,54.0,False,310013,0.348,0.359,0.848,0.0219,B,0.741,-9.119,Minor,0.401,137.213,0.342
51Blml2LZPmy7TTiAg47vQ,U2,Europe,57ZXcBtCZXSg9TVV5xRdnR,Vertigo,2004-11,rock,57.0,False,194520,0.000153,0.391,0.831,0.00192,D,0.141,-3.892,Major,0.0613,139.946,0.683
51Blml2LZPmy7TTiAg47vQ,U2,Europe,3dh2LlmeMqKJbzn2WUgt3d,Pride (In The Name Of Love) - Remastered 2009,1984-10,rock,59.0,False,228427,0.0016,0.464,0.839,0.000326,E,0.601,-7.106,Major,0.0329,105.756,0.75
36QJpDe2go2KgaRleHCDTp,Led Zeppelin,Europe,0AqjkVFqa1ujle4Lb1k9wR,The Ocean - Remastered,1973-03,classic rock,55.0,False,271397,0.08,0.401,0.56,0.0121,A,0.361,-8.7,Major,0.0612,88.256,0.735
36QJpDe2go2KgaRleHCDTp,Led Zeppelin,Europe,6UCb3me83cyCV19sjvucte,D'yer Mak'er,1973-03,classic rock,57.0,False,261773,0.15,0.537,0.893,0.000286,A,0.0688,-10.234,Minor,0.0636,163.727,0.588
7t0rwkOPGlDPEhaOcVtOt9,The Cranberries,Europe,0hrFgGoNb8iaXR4WiuYGdY,The Pressure,2019-03,rock,56.0,False,201760,0.00166,0.588,0.65,1.09e-06,C,0.199,-4.593,Major,0.0257,117.999,0.183
1dfeR4HaWDbWqFHLkxsg1d,Queen,Europe,4mKlzy0qaK1c2Qw5e2VqpF,Killer Queen,1981-10,classic rock,53.0,False,180067,0.358,0.574,0.547,0.0,A#,0.0807,-9.722,Major,0.0416,117.244,0.559
36QJpDe2go2KgaRleHCDTp,Led Zeppelin,Europe,4ZkhFcoS3apzze9w2yI9NO,Thank You - 1990 Remaster,1969-10,classic rock,57.0,False,289467,0.171,0.316,0.27,0.00225,G,0.165,-14.429,Major,0.059,78.476,0.0956
12Chz98pHFMPJEknJQMWvI,Muse,Europe,2sHLWUTiaBPGOIZinpqO4C,Propaganda,2018-11,alternative rock,62.0,False,180507,0.0251,0.754,0.675,0.00419,D,0.513,-4.616,Major,0.0939,95.024,0.432
12Chz98pHFMPJEknJQMWvI,Muse,Europe,7f0vVL3xi4i78Rv5Ptn2s1,Algorithm,2018-11,alternative rock,64.0,False,245960,0.0125,0.522,0.923,0.017,D,0.0854,-4.56,Major,0.0539,170.057,0.595
36QJpDe2go2KgaRleHCDTp,Led Zeppelin,Europe,3w2GGz0HjIu9OcWXINRFJR,Rock and Roll,1971-11,classic rock,61.0,False,219800,0.000564,0.327,0.895,0.0159,A,0.104,-7.428,Major,0.0367,169.39,0.898
1dfeR4HaWDbWqFHLkxsg1d,Queen,Europe,0z4ZkIPi5VXJksMtd18seX,We Will Rock You,1981-10,classic rock,52.0,False,122107,0.469,0.69,0.44,0.0,B,0.164,-8.675,Minor,0.0976,81.376,0.566
36QJpDe2go2KgaRleHCDTp,Led Zeppelin,Europe,2g7iUTiLRue30KAXnesFgt,Trampled Under Foot,1975-02,classic rock,56.0,False,335467,0.163,0.55,0.835,0.179,G,0.0864,-8.632,Minor,0.0487,111.25,0.808
36QJpDe2go2KgaRleHCDTp,Led Zeppelin,Europe,1ZUv3ISx2nFaz0JimVdcoT,That's the Way - Remastered,1970-01,classic rock,56.0,False,337110,0.673,0.245,0.328,0.0,F#,0.138,-11.553,Major,0.0377,86.926,0.102
51Blml2LZPmy7TTiAg47vQ,U2,Europe,50JK22El2PTIzZBU2liLDI,Mysterious Ways,1991-11,rock,62.0,False,243587,0.00156,0.674,0.659,0.00765,G#,0.108,-8.049,Major,0.0277,99.768,0.697
0k17h0D3J5VfsdmQ1iZtE9,Pink Floyd,Europe,5yMyLZu4wPvWcbLFiRhYVM,Empty Spaces,1979-11,progressive rock,56.0,False,127830,0.187,0.501,0.338,0.862,B,0.514,-19.12,Major,0.0397,95.942,0.105
36QJpDe2go2KgaRleHCDTp,Led Zeppelin,Europe,0RR8wuHHc5NqSFxhPDDBNV,Communication Breakdown - 22/6/69 Pop Sundae; 2016 Remaster,2016-09,classic rock,58.0,False,191827,0.00574,0.367,0.779,0.00708,A,0.288,-8.334,Major,0.0488,90.354,0.794
36QJpDe2go2KgaRleHCDTp,Led Zeppelin,Europe,55ZL7fjGAWfClmpnsK6Xon,No Quarter - Remastered,2007-01,classic rock,57.0,False,422680,0.724,0.336,0.339,0.608,B,0.126,-14.237,Major,0.0397,139.869,0.0768
36QJpDe2go2KgaRleHCDTp,Led Zeppelin,Europe,4hLQfgtzEyxme6w5GiwAEy,The Rover,1975-02,classic rock,56.0,False,336907,0.0133,0.367,0.752,0.00979,F#,0.0658,-8.134,Minor,0.0317,205.47,0.401
1dfeR4HaWDbWqFHLkxsg1d,Queen,Europe,1gZisUSub74637T2rJmimh,Heaven For Everyone - Remastered 2011,1995-11,classic rock,53.0,False,336160,0.316,0.588,0.444,2.52e-06,C,0.158,-9.537,Major,0.0308,110.203,0.247
12Chz98pHFMPJEknJQMWvI,Muse,Europe,1C2QJNTmsTxCDBuIgai8QV,Resistance,2009-09,alternative rock,64.0,False,346693,0.0616,0.467,0.774,0.289,A,0.108,-6.569,Minor,0.0485,135.006,0.0916
36QJpDe2go2KgaRleHCDTp,Led Zeppelin,Europe,1dK6cNOMYjEP3QGYOfwP6t,Bron-Y-Aur Stomp - Remastered,1970-01,classic rock,55.0,False,257346,0.16,0.525,0.501,0.025,C#,0.146,-14.192,Major,0.0318,108.291,0.333
1dfeR4HaWDbWqFHLkxsg1d,Queen,Europe,35balOkqaPZ4IrvZtG3YNg,You Don't Fool Me - Remastered 2011,1995-11,classic rock,52.0,False,324853,0.113,0.592,0.83,9.3e-05,E,0.366,-6.445,Minor,0.0373,121.946,0.584
1dfeR4HaWDbWqFHLkxsg1d,Queen,Europe,2jAc9KIQ9XoZxkydXh3MVh,Radio Ga Ga,1984-02,classic rock,52.0,False,348173,0.134,0.75,0.379,0.000615,F,0.19,-12.904,Major,0.0359,112.406,0.659
12Chz98pHFMPJEknJQMWvI,Muse,Europe,5Yj4AP0JGQWierBFKdKVyS,Feeling Good,2001-01,alternative rock,53.0,False,198800,0.299,0.345,0.418,1.75e-05,G,0.103,-7.787,Minor,0.0316,109.044,0.267
12Chz98pHFMPJEknJQMWvI,Muse,Europe,0YdWb05mQJwJnd3U7zXWFv,"Hungry Like The Wolf - Recorded Live At AIR Studios, London",2019-01,alternative rock,63.0,False,189249,0.00111,0.51,0.963,0.0,C,0.743,-3.659,Major,0.0422,129.035,0.732
36QJpDe2go2KgaRleHCDTp,Led Zeppelin,Europe,62QInSlXQI11BR9ycVWjd6,I Can't Quit You Baby - 1990 Remaster,1969-01,classic rock,56.0,False,282427,0.525,0.506,0.434,0.0011,D,0.234,-13.758,Major,0.129,80.523,0.498
1dfeR4HaWDbWqFHLkxsg1d,Queen,Europe,5rQKjP9forn7JVuiZBj6eZ,Bicycle Race,1978-11,classic rock,52.0,False,182000,0.0742,0.389,0.549,1.02e-06,A#,0.0285,-10.72,Minor,0.0826,164.862,0.69
1dfeR4HaWDbWqFHLkxsg1d,Queen,Europe,1m7WXN6V99NabqaKvPzSXV,Keep Yourself Alive - Remastered 2011,1973-07,classic rock,52.0,False,226720,0.265,0.451,0.722,6.22e-05,A,0.0941,-9.457,Major,0.0842,134.287,0.594
36QJpDe2go2KgaRleHCDTp,Led Zeppelin,Europe,1rxD34LAtkafrMUHqHIV76,Bring It on Home - Remastered,1969-10,classic rock,55.0,False,259741,0.479,0.345,0.461,0.0184,A,0.0993,-12.063,Major,0.0645,96.346,0.171
1dfeR4HaWDbWqFHLkxsg1d,Queen,Europe,1EID0aupOLdv4ZDQu2Jbrz,I'm In Love With My Car - Remastered 2011,1975-11,classic rock,52.0,False,184893,0.0132,0.3,0.813,1.3e-05,E,0.232,-8.508,Minor,0.0697,143.772,0.321
1dfeR4HaWDbWqFHLkxsg1d,Queen,Europe,0bnTlF0pyVHFRXuwS9QB7x,It's Late - Remastered 2011,1977-10,classic rock,52.0,False,386360,0.196,0.29,0.712,2.77e-06,A,0.0819,-5.181,Major,0.0644,181.99,0.508
36QJpDe2go2KgaRleHCDTp,Led Zeppelin,Europe,7ecVrUYlhj6OrKTAK0oDzo,The Girl I Love She Got Long Black Wavy Hair - 22/6/69 Pop Sundae; 2016 Remaster,2016-09,classic rock,56.0,False,183227,0.111,0.264,0.609,0.311,A,0.322,-10.992,Minor,0.0655,185.875,0.862
7t0rwkOPGlDPEhaOcVtOt9,The Cranberries,Europe,73iiFikYjDQMb5DVLbIfJM,All Over Now - Edit,2019-03,rock,38.0,False,237507,0.000323,0.526,0.842,0.206,C,0.161,-5.177,Minor,0.0301,108.984,0.525
12Chz98pHFMPJEknJQMWvI,Muse,Europe,1mgWnqeUOurHJIyorDtuqF,Break it to Me,2018-11,alternative rock,61.0,False,217560,0.157,0.667,0.967,0.258,C#,0.0596,-0.759,Minor,0.0939,90.015,0.614
1dfeR4HaWDbWqFHLkxsg1d,Queen,Europe,39sH8Fl415P7O8GRP1Td6Z,Fat Bottomed Girls,1978-11,classic rock,51.0,False,255533,0.04,0.252,0.657,1.56e-05,D,0.327,-10.102,Major,0.0581,178.01,0.398
1dfeR4HaWDbWqFHLkxsg1d,Queen,Europe,1YBkXyn1nlp2SdCdsNkGtS,"All Dead, All Dead - Remastered 2011",1977-10,classic rock,51.0,False,189587,0.79,0.456,0.0799,0.000108,F,0.11,-14.775,Major,0.0344,88.914,0.253
36QJpDe2go2KgaRleHCDTp,Led Zeppelin,Europe,5cWIRgigrzjTjDBNXQxhAR,Travelling Riverside Blues - 29/6/69 Top Gear; 2016 Remaster,2016-09,classic rock,55.0,False,310907,0.177,0.476,0.78,0.00308,G,0.26,-9.009,Major,0.0564,91.609,0.634
36QJpDe2go2KgaRleHCDTp,Led Zeppelin,Europe,4S2QZuPFZ9qeHW2sonMJS1,Gallows Pole - Remastered,1970-01,classic rock,54.0,False,297929,0.125,0.399,0.845,0.00109,D,0.334,-8.736,Major,0.0369,105.911,0.359
1dfeR4HaWDbWqFHLkxsg1d,Queen,Europe,3CCxL8R4wxfrGKqAmprgQi,Somebody To Love,1981-10,classic rock,51.0,False,295960,0.116,0.491,0.581,0.0,G#,0.125,-10.693,Major,0.0542,110.179,0.422
36QJpDe2go2KgaRleHCDTp,Led Zeppelin,Europe,5qbVkwfy0RYGFA6hAiIL90,The Lemon Song - 1993 Remaster,1969-10,classic rock,55.0,False,379627,0.0939,0.409,0.515,0.0723,A,0.0916,-13.007,Major,0.116,90.527,0.729
12Chz98pHFMPJEknJQMWvI,Muse,Europe,1tjHKKI0r82IB5KL29whHs,Panic Station,2012-09,alternative rock,62.0,True,184200,0.00224,0.671,0.766,0.000154,D,0.159,-3.1,Major,0.0378,104.99,0.726
36QJpDe2go2KgaRleHCDTp,Led Zeppelin,Europe,35XlkvHy9WHPI4Tf9eax4t,Over the Hills and Far Away - Remastered,2007-01,classic rock,53.0,False,290933,0.0729,0.415,0.688,0.0495,G,0.0832,-10.504,Major,0.0636,96.968,0.23
1dfeR4HaWDbWqFHLkxsg1d,Queen,Europe,4pRnWYreOtP4jXdvhzRvdA,No-One But You (Only The Good Die Young),2002-09,classic rock,51.0,False,251333,0.573,0.496,0.4,0.0,C,0.0909,-8.272,Minor,0.0301,119.395,0.0932
1dfeR4HaWDbWqFHLkxsg1d,Queen,Europe,3AymrUApW5JKKaNrHQhcBG,Thank God It's Christmas - 2011 Remaster,1984-02,classic rock,51.0,False,261627,0.24,0.275,0.443,0.0,G,0.139,-8.724,Major,0.0318,71.986,0.291
1dfeR4HaWDbWqFHLkxsg1d,Queen,Europe,1lpFXKKckqVkyAN1lPwwC2,Radio Ga Ga,1984-02,classic rock,3.0,False,349133,0.173,0.762,0.414,0.000111,F,0.0942,-12.036,Major,0.0379,112.398,0.731
51Blml2LZPmy7TTiAg47vQ,U2,Europe,7r7Fg0xo6oDt8jzYFmPIU3,You're the Best Thing About Me,2017-09,rock,6.0,False,257867,0.00552,0.776,0.647,0.0,D,0.0783,-6.31,Major,0.0824,117.023,0.661
4Z8W4fKeB5YxbusRsdQVPb,Radiohead,Europe,0Uro2xUVsEHQNKR5QL4Lku,Fake Plastic Trees,1995-03,art rock,3.0,False,290707,0.167,0.454,0.229,0.102,D,0.202,-12.592,Major,0.0297,73.552,0.134
4Z8W4fKeB5YxbusRsdQVPb,Radiohead,Europe,3dAxzv7hkxipbuWJaOMzAl,Burn the Witch,2016-05,art rock,45.0,False,220609,0.303,0.541,0.847,0.271,B,0.109,-6.52,Major,0.0297,148.937,0.62
4Z8W4fKeB5YxbusRsdQVPb,Radiohead,Europe,2nkdmdmpSreBz0ugsCnUix,High And Dry,2014-01,art rock,0.0,False,257480,0.0718,0.418,0.383,0.0177,E,0.0896,-11.782,Major,0.0257,87.773,0.352
51Blml2LZPmy7TTiAg47vQ,U2,Europe,0rkcFGA6XEVd2XV2JI6msk,When Love Comes To Town,1988-10,rock,3.0,False,254267,0.0526,0.65,0.665,4.62e-06,A,0.13,-11.259,Major,0.0372,115.51,0.593
22bE4uQ6baNwSHPVcDxLCe,The Rolling Stones,Europe,7HRKgCruDphRaLW4wmx8xM,Can't You Hear Me Knocking - Remastered,1971-04,classic rock,3.0,False,436000,0.408,0.545,0.757,0.045,C,0.16,-5.228,Major,0.0396,152.217,0.714
7t0rwkOPGlDPEhaOcVtOt9,The Cranberries,Europe,58brvcrp3VivwIxRR8gT6Y,All Over Now,2019-04,rock,43.0,False,256387,0.000199,0.529,0.845,0.174,C,0.227,-5.432,Minor,0.0294,109.093,0.571
7t0rwkOPGlDPEhaOcVtOt9,The Cranberries,Europe,6ZoJ8bgGyCuGQ8shhKGkeg,Lost,2019-04,rock,42.0,False,239947,0.0315,0.473,0.598,0.00779,F#,0.125,-5.101,Minor,0.0268,93.022,0.0565
7t0rwkOPGlDPEhaOcVtOt9,The Cranberries,Europe,2TK3tO5QKbs4Tsd2pNqr2x,Wake Me When It's Over,2019-04,rock,44.0,False,251587,0.001,0.437,0.785,6.07e-05,E,0.104,-4.139,Minor,0.053,183.837,0.485
7t0rwkOPGlDPEhaOcVtOt9,The Cranberries,Europe,6z11fdXJnPit4DEhdFHBOm,A Place I Know,2019-04,rock,40.0,False,266467,0.163,0.525,0.583,0.049,C,0.109,-6.891,Major,0.0232,92.734,0.546
7t0rwkOPGlDPEhaOcVtOt9,The Cranberries,Europe,4kvXiS91TvzXLlxF7Bl9zT,Catch Me If You Can,2019-04,rock,40.0,False,278240,0.0112,0.455,0.711,0.0012,A,0.111,-6.928,Minor,0.0381,94.972,0.0819
7t0rwkOPGlDPEhaOcVtOt9,The Cranberries,Europe,6jljsFw0Hypb56SgaJSSSg,Got It,2019-04,rock,38.0,False,242320,0.0145,0.623,0.843,4.17e-05,G,0.153,-4.857,Major,0.0329,124.011,0.433
7t0rwkOPGlDPEhaOcVtOt9,The Cranberries,Europe,1Q3BsTZ2YrH4zooshxyhmL,Illusion,2019-04,rock,37.0,False,247453,0.0347,0.603,0.727,1.11e-05,A,0.126,-6.085,Major,0.0288,113.011,0.356
7t0rwkOPGlDPEhaOcVtOt9,The Cranberries,Europe,1WwAVSB0J8faKs2UWRDVjf,Crazy Heart,2019-04,rock,37.0,False,205480,0.00108,0.516,0.837,2.31e-06,G,0.0415,-3.708,Major,0.0351,112.972,0.461
7t0rwkOPGlDPEhaOcVtOt9,The Cranberries,Europe,0KtJ0y5Q2xS9UAjucbkcH2,Summer Song,2019-04,rock,38.0,False,214400,0.0343,0.596,0.925,1.07e-05,C,0.175,-4.882,Major,0.055,137.919,0.616
7t0rwkOPGlDPEhaOcVtOt9,The Cranberries,Europe,5uMHnkSFTkYV764nfjoGKM,The Pressure,2019-04,rock,49.0,False,201760,0.00166,0.588,0.65,1.09e-06,C,0.199,-4.593,Major,0.0257,117.999,0.183
7t0rwkOPGlDPEhaOcVtOt9,The Cranberries,Europe,1faolBLC36cigtao56kZHM,In the End,2019-04,rock,43.0,False,176880,0.0568,0.252,0.592,0.000285,A,0.14,-7.778,Minor,0.0314,170.094,0.229
7t0rwkOPGlDPEhaOcVtOt9,The Cranberries,Europe,1fPDldWK8SRdIjGPXrDqZT,Ridiculous Thoughts,1994-10,rock,48.0,False,271867,0.00389,0.429,0.689,9.59e-06,A,0.095,-9.44,Minor,0.0357,101.875,0.21
7t0rwkOPGlDPEhaOcVtOt9,The Cranberries,Europe,3EXrtClWmgsM7dw75Mw2M1,When You're Gone,1996-04,rock,55.0,False,296200,0.344,0.467,0.531,5.72e-05,D#,0.0687,-7.138,Major,0.0265,187.252,0.353
7t0rwkOPGlDPEhaOcVtOt9,The Cranberries,Europe,3J58Ccc5iTbCRnYx2xjo6d,Animal Instinct,1999-04,rock,60.0,False,211067,0.089,0.61,0.85,0.0,E,0.256,-5.411,Minor,0.0307,132.174,0.604
7t0rwkOPGlDPEhaOcVtOt9,The Cranberries,Europe,0f0k0OJ9VbaLHX4J1t2qUy,Just My Imagination,1999-04,rock,60.0,False,221293,0.257,0.545,0.797,3.86e-06,A#,0.0884,-5.315,Major,0.0252,100.464,0.852
7t0rwkOPGlDPEhaOcVtOt9,The Cranberries,Europe,42e1QfTyPYWuoddr0ghc0i,Free To Decide,1996-04,rock,47.0,False,265067,0.00588,0.378,0.759,5.13e-06,G,0.0826,-5.672,Major,0.0325,117.553,0.379
7t0rwkOPGlDPEhaOcVtOt9,The Cranberries,Europe,15Trb1S2FDZSMLDzWfnlbg,Promises,1999-04,rock,56.0,False,327573,0.0628,0.501,0.864,0.0,E,0.169,-3.231,Minor,0.0502,130.063,0.247
7t0rwkOPGlDPEhaOcVtOt9,The Cranberries,Europe,4wUAQIiwXE4i1jPFWvz9zf,I Can't Be With You,1994-10,rock,51.0,False,187827,0.0704,0.477,0.744,8.8e-06,A#,0.125,-10.394,Major,0.0327,130.56,0.667
7t0rwkOPGlDPEhaOcVtOt9,The Cranberries,Europe,2Uovs7m5wttaD4qkr8vrzo,Twenty One,1994-10,rock,49.0,False,187907,0.00986,0.578,0.358,0.562,G,0.123,-14.819,Minor,0.0317,119.974,0.0891
7t0rwkOPGlDPEhaOcVtOt9,The Cranberries,Europe,1ayRJ4dlr48VJ3FK6uPq2i,Salvation,1996-04,rock,50.0,False,142907,0.000648,0.327,0.979,2.66e-05,A#,0.317,-4.527,Major,0.0787,169.012,0.873
7t0rwkOPGlDPEhaOcVtOt9,The Cranberries,Europe,3mayeyaPg5DQGBa78LJM59,Pretty,1993-03,rock,45.0,False,136200,0.343,0.654,0.243,0.000148,C,0.142,-15.379,Major,0.0253,97.064,0.675
7t0rwkOPGlDPEhaOcVtOt9,The Cranberries,Europe,1ASMqs9x07lQPj4iMz46O3,Liar,1993-03,rock,42.0,False,141587,0.0078,0.633,0.633,0.00168,A,0.169,-9.331,Minor,0.03,113.889,0.732
7t0rwkOPGlDPEhaOcVtOt9,The Cranberries,Europe,0M7wMmWaB3ZIkGuRFE4457,How,1993-03,rock,44.0,False,171840,0.109,0.554,0.582,0.0118,E,0.0805,-12.307,Minor,0.0314,105.497,0.637
7t0rwkOPGlDPEhaOcVtOt9,The Cranberries,Europe,45ipml9tB0PVrLFAJegcWE,Dreaming My Dreams,1994-10,rock,50.0,False,216333,0.131,0.321,0.204,6.93e-05,C,0.0776,-16.193,Major,0.0319,121.805,0.439
7t0rwkOPGlDPEhaOcVtOt9,The Cranberries,Europe,38RI4pQFGNyWFVnhogStzH,Analyse,2001-10,rock,38.0,False,250040,0.00299,0.568,0.721,0.000337,E,0.127,-4.725,Major,0.0339,120.095,0.344
7t0rwkOPGlDPEhaOcVtOt9,The Cranberries,Europe,6jEcFhllWB0clBHFylomJZ,You And Me,1999-04,rock,47.0,False,215533,0.248,0.496,0.749,0.0,C,0.218,-7.042,Minor,0.0278,96.15,0.663
7t0rwkOPGlDPEhaOcVtOt9,The Cranberries,Europe,44qXe4KIx8bu9eLtTV1BB8,Empty,1994-10,rock,49.0,False,206173,0.385,0.263,0.279,9.39e-05,E,0.184,-12.312,Minor,0.0299,77.122,0.0892
7t0rwkOPGlDPEhaOcVtOt9,The Cranberries,Europe,3g1iyXOgxuPm9zkzqpDOeT,Yeats' Grave,1994-10,rock,44.0,False,179573,0.163,0.425,0.752,0.000626,G,0.561,-9.339,Minor,0.0474,136.482,0.354
7t0rwkOPGlDPEhaOcVtOt9,The Cranberries,Europe,3N6V8ppRNlbAhqwFzlGgHP,Everything I Said,1994-10,rock,46.0,False,232760,0.00411,0.419,0.397,0.000219,D#,0.196,-10.534,Major,0.0264,97.304,0.0737
7t0rwkOPGlDPEhaOcVtOt9,The Cranberries,Europe,1ODEng2FFlNltR6S949ynx,No Need To Argue,1994-10,rock,48.0,False,174667,0.888,0.193,0.0867,6.24e-05,C,0.112,-22.19,Major,0.0545,196.446,0.0382
7t0rwkOPGlDPEhaOcVtOt9,The Cranberries,Europe,4zEvxRDaKDoFlHxK7Hy0wg,Sunday,1993-03,rock,46.0,False,211067,0.0614,0.329,0.565,1.97e-05,C,0.126,-13.103,Major,0.0335,108.875,0.166
7t0rwkOPGlDPEhaOcVtOt9,The Cranberries,Europe,5nYZAg64b6sEpukTSuuSUZ,Daffodil Lament,1994-10,rock,46.0,False,368027,0.0364,0.166,0.427,0.124,G,0.0825,-11.818,Minor,0.0335,174.859,0.0623
7t0rwkOPGlDPEhaOcVtOt9,The Cranberries,Europe,2uFBqk6flKDuXiaWt0vV68,Hollywood,1996-04,rock,41.0,False,307333,0.000472,0.413,0.826,4.41e-05,C,0.325,-5.598,Major,0.037,147.828,0.413
7t0rwkOPGlDPEhaOcVtOt9,The Cranberries,Europe,4azFYRLO5CCUXl7DSpluma,This Is The Day,2001-10,rock,33.0,False,255000,0.000445,0.388,0.924,1.81e-05,E,0.0476,-2.935,Minor,0.0625,108.175,0.415
7t0rwkOPGlDPEhaOcVtOt9,The Cranberries,Europe,0YK7uBYSa7ereS84nm9ElY,Disappointment,1994-10,rock,42.0,False,254733,0.0363,0.372,0.429,0.000465,G,0.0909,-12.743,Major,0.0341,116.64,0.333
7t0rwkOPGlDPEhaOcVtOt9,The Cranberries,Europe,5RApJB3xWzniVnHtQDAaCP,The Icicle Melts,1994-10,rock,45.0,False,174000,0.0253,0.359,0.55,0.0,G,0.157,-7.78,Major,0.0325,97.963,0.074
7t0rwkOPGlDPEhaOcVtOt9,The Cranberries,Europe,7EJvwHjf9NKCmYBBGOuwQS,I Still Do,1993-03,rock,46.0,False,196107,0.264,0.428,0.436,4.02e-05,E,0.11,-11.754,Minor,0.0313,117.649,0.159
7t0rwkOPGlDPEhaOcVtOt9,The Cranberries,Europe,7Lyl8T6UVffsrp0gx7HzgW,Linger - Acoustic Version,2017-03,rock,0.0,False,295867,0.000384,0.417,0.535,0.000154,G,0.125,-8.619,Major,0.0264,92.069,0.0774
51Blml2LZPmy7TTiAg47vQ,U2,Europe,3bcYb4HwWlytUFLny0e0Q1,With Or Without You,1987-03,rock,2.0,False,296160,0.000226,0.532,0.353,0.198,D,0.123,-14.672,Major,0.0309,109.888,0.111
51Blml2LZPmy7TTiAg47vQ,U2,Europe,5MEMiHV54Y5ODV1zvEPsyp,I Still Haven't Found What I'm Looking For,1987-03,rock,1.0,False,277493,0.0205,0.561,0.63,0.00133,C#,0.0695,-12.924,Major,0.0395,100.646,0.682
1dfeR4HaWDbWqFHLkxsg1d,Queen,Europe,1lCRw5FEZ1gPDNPzy1K4zW,We Are The Champions - Remastered 2011,1977-10,classic rock,76.0,False,179200,0.378,0.268,0.459,0.0,A#,0.118,-6.94,Major,0.0346,64.177,0.175
22bE4uQ6baNwSHPVcDxLCe,The Rolling Stones,Europe,0832Tptls5YicHPGgw7ssP,Beast Of Burden - Remastered,1978-06,classic rock,18.0,False,265173,0.413,0.786,0.87,0.000494,C#,0.0389,-3.875,Minor,0.0316,100.66,0.864
1dfeR4HaWDbWqFHLkxsg1d,Queen,Europe,1CnN9udhDokm7lARZjMji2,Killer Queen - Remastered 2011,1974-11,classic rock,21.0,False,179600,0.391,0.535,0.651,0.0,A#,0.133,-6.326,Major,0.0544,117.218,0.612
1dfeR4HaWDbWqFHLkxsg1d,Queen,Europe,45Zo6ftGzq6wRckCUrMoBJ,Under Pressure - Remastered,2011-01,classic rock,35.0,False,248440,0.422,0.671,0.711,0.0,D,0.104,-7.813,Major,0.0478,113.809,0.466
22bE4uQ6baNwSHPVcDxLCe,The Rolling Stones,Europe,1dv3ePjze9tPq2pk8eWJdR,Gimme Shelter,1969-12,classic rock,22.0,False,270773,0.463,0.63,0.616,0.0408,C#,0.173,-8.128,Minor,0.0309,118.65,0.509
0k17h0D3J5VfsdmQ1iZtE9,Pink Floyd,Europe,3aoDEt6zSuYQ47gzarlaVo,Money - 2011 Remastered Version,1973-03,progressive rock,15.0,False,382834,0.0241,0.469,0.537,0.00201,A,0.269,-10.421,Major,0.152,124.193,0.783
22bE4uQ6baNwSHPVcDxLCe,The Rolling Stones,Europe,5EcvzboYmDIfXo9gPplsSB,Brown Sugar,1971-04,classic rock,16.0,False,228667,0.228,0.638,0.931,0.000295,C,0.0524,-3.605,Major,0.0363,128.662,0.965
1dfeR4HaWDbWqFHLkxsg1d,Queen,Europe,10kmdx4OFs3OHwGa1CfYOF,We Are The Champions,1992-01,classic rock,0.0,False,180800,0.45,0.281,0.312,1.26e-06,A#,0.0949,-14.576,Major,0.033,90.143,0.221
12Chz98pHFMPJEknJQMWvI,Muse,Europe,1hHuyqVCZCbhYQixEkdQCo,Sing for Absolution,2004-03,alternative rock,56.0,False,294867,0.457,0.436,0.678,0.0384,F,0.0873,-7.211,Major,0.0301,170.287,0.194
1dfeR4HaWDbWqFHLkxsg1d,Queen,Europe,4Y1pFoYkE9aulSGRD39nqU,Keep Yourself Alive - 2011 Mix,1973-07,classic rock,42.0,False,227467,0.257,0.442,0.736,7.31e-05,A,0.157,-9.546,Major,0.0744,134.21,0.597
1dfeR4HaWDbWqFHLkxsg1d,Queen,Europe,6PT7wUJefYPEU1lX1lcLRJ,Doing Alright - Remastered 2011,1973-07,classic rock,42.0,False,249213,0.752,0.339,0.286,2.71e-05,A,0.085,-12.334,Major,0.0344,93.013,0.192
1dfeR4HaWDbWqFHLkxsg1d,Queen,Europe,385Urz8Qa8CIcK9tl3SA8g,Great King Rat - Remastered 2011,1973-07,classic rock,37.0,False,342880,0.0424,0.35,0.845,0.000622,E,0.111,-12.339,Minor,0.2,135.252,0.421
1dfeR4HaWDbWqFHLkxsg1d,Queen,Europe,3G0FqZoEi8Za1oEXdGYcNG,My Fairy King - Remastered 2011,1973-07,classic rock,35.0,False,248280,0.409,0.3,0.547,0.00613,D,0.134,-10.124,Minor,0.0333,95.663,0.247
1dfeR4HaWDbWqFHLkxsg1d,Queen,Europe,6wSIhcotMYMwAwcO21uZCl,Liar - Remastered 2011,1973-07,classic rock,35.0,False,383907,0.00252,0.217,0.784,0.0775,D,0.195,-7.202,Major,0.153,79.181,0.27
1dfeR4HaWDbWqFHLkxsg1d,Queen,Europe,2msar6CW5wBQlhm3YCYPTa,The Night Comes Down - Remastered 2011,1973-07,classic rock,34.0,False,263027,0.692,0.406,0.57,0.00219,G,0.396,-12.374,Major,0.0633,142.792,0.642
1dfeR4HaWDbWqFHLkxsg1d,Queen,Europe,16SdVJYuXEufNaMgGv4d4A,Modern Times Rock 'N Roll - Remastered 2011,1973-07,classic rock,33.0,False,108173,0.0561,0.469,0.935,6.96e-05,E,0.831,-9.151,Minor,0.0734,115.75,0.6
1dfeR4HaWDbWqFHLkxsg1d,Queen,Europe,1zK7i2QyuCmpYE209BMcPZ,Son And Daughter - Remastered 2011,1973-07,classic rock,34.0,False,199533,0.13,0.328,0.723,0.0857,D,0.369,-7.842,Major,0.0434,144.832,0.749
1dfeR4HaWDbWqFHLkxsg1d,Queen,Europe,4caYbCanhI1iKxVsLETOh1,Jesus - Remastered 2011,1973-07,classic rock,33.0,False,224173,0.137,0.367,0.747,1.49e-06,A,0.181,-7.065,Major,0.172,115.08,0.583
1dfeR4HaWDbWqFHLkxsg1d,Queen,Europe,6Si9ImvDVWAgjX3pfsldGM,Seven Seas Of Rhye - Remastered 2011,1973-07,classic rock,34.0,False,76573,0.718,0.245,0.458,0.963,D,0.154,-13.372,Major,0.0409,64.517,0.0447
1dfeR4HaWDbWqFHLkxsg1d,Queen,Europe,3T0wVh9SHCwI0NtMoqPnbm,Procession - Remastered 2011,1974-03,classic rock,33.0,False,73133,0.699,0.415,0.0725,0.0472,G,0.137,-23.459,Major,0.032,58.883,0.435
1dfeR4HaWDbWqFHLkxsg1d,Queen,Europe,4jhf92TFSbLis5IFBEgimq,Father To Son - Remastered 2011,1974-03,classic rock,34.0,False,373853,0.208,0.155,0.646,6.78e-05,C,0.188,-11.086,Major,0.0541,155.32,0.213
1dfeR4HaWDbWqFHLkxsg1d,Queen,Europe,0TiXAAVOLdhZnto4Kwsgtm,White Queen (As It Began) - Remastered 2011,1974-03,classic rock,35.0,False,273200,0.829,0.242,0.296,3.79e-05,A,0.133,-12.441,Minor,0.0358,153.293,0.172
1dfeR4HaWDbWqFHLkxsg1d,Queen,Europe,520tzZUTVcjEmxiTjYNj7y,Some Day One Day - Remastered 2011,1974-03,classic rock,33.0,False,262200,0.265,0.337,0.573,0.0151,D,0.0792,-13.872,Major,0.0364,117.597,0.699
1dfeR4HaWDbWqFHLkxsg1d,Queen,Europe,5Ztwhn7zR0q7wRe2ZZsrmN,The Loser In The End - Remastered 2011,1974-03,classic rock,33.0,False,241187,0.0346,0.386,0.813,2.68e-06,D,0.152,-8.035,Major,0.157,145.113,0.677
1dfeR4HaWDbWqFHLkxsg1d,Queen,Europe,5d7gSSTkL4syrnxli8dLYJ,Ogre Battle - Remastered 2011,1974-03,classic rock,33.0,False,248453,0.405,0.271,0.823,0.00744,D,0.55,-9.629,Major,0.0928,108.592,0.255
1dfeR4HaWDbWqFHLkxsg1d,Queen,Europe,1rzyMlUqq6MvTvzZYdB3C3,The Fairy Feller's Master-Stroke - Remastered 2011,1974-03,classic rock,35.0,False,160987,0.248,0.441,0.897,0.0113,C,0.121,-8.628,Major,0.0909,159.15,0.696
1dfeR4HaWDbWqFHLkxsg1d,Queen,Europe,04XOESV0aVnKMlUU1NhIG1,Nevermore - Remastered 2011,1974-03,classic rock,35.0,False,78667,0.873,0.366,0.398,2.9e-06,F,0.13,-11.527,Major,0.0367,117.705,0.181
1dfeR4HaWDbWqFHLkxsg1d,Queen,Europe,4FX8fPOIDRR2voDqOkfeKk,The March Of The Black Queen - 2011 Mix,1974-03,classic rock,36.0,False,392947,0.0904,0.332,0.687,1.3e-05,A,0.64,-8.44,Minor,0.0787,112.307,0.136
1dfeR4HaWDbWqFHLkxsg1d,Queen,Europe,6yDXKV8vEcJQgFievS1SbZ,Funny How Love Is - Remastered 2011,1974-03,classic rock,33.0,False,169760,0.00318,0.444,0.945,7.85e-05,C,0.346,-8.388,Major,0.081,145.482,0.392
1dfeR4HaWDbWqFHLkxsg1d,Queen,Europe,1qP7KmHJbzvV8KsFPhW8wY,Seven Seas Of Rhye - Remastered 2011,1974-03,classic rock,38.0,False,168973,0.122,0.317,0.896,0.0168,D,0.253,-6.089,Major,0.104,126.894,0.421
1dfeR4HaWDbWqFHLkxsg1d,Queen,Europe,5XL2uuMLIYLefXJsxmLXus,Brighton Rock - Remastered 2011,1974-11,classic rock,37.0,False,310013,0.355,0.354,0.843,0.0126,B,0.789,-9.17,Minor,0.378,137.62,0.348
1dfeR4HaWDbWqFHLkxsg1d,Queen,Europe,2AKOOhml62GZNFWDN7VqzT,Killer Queen - 2011 Mix,1974-11,classic rock,50.0,False,179600,0.391,0.535,0.651,0.0,A#,0.133,-6.326,Major,0.0544,117.218,0.612
1dfeR4HaWDbWqFHLkxsg1d,Queen,Europe,5m53JNox7zkJDMfoeLEa8D,Tenement Funster - Remastered 2011,1974-11,classic rock,33.0,False,166853,0.0581,0.416,0.69,0.000372,E,0.345,-7.362,Minor,0.0337,84.619,0.529
1dfeR4HaWDbWqFHLkxsg1d,Queen,Europe,0oHH9pt7O822uyspUQW0NW,Flick Of The Wrist - Remastered 2011,1974-11,classic rock,35.0,False,197293,0.0454,0.338,0.834,4.68e-05,E,0.227,-6.061,Minor,0.0882,148.223,0.553
1dfeR4HaWDbWqFHLkxsg1d,Queen,Europe,3PnczrUPUE8F2gDYw4Eyt5,Lily Of The Valley - Remastered 2011,1974-11,classic rock,34.0,False,104893,0.628,0.339,0.264,0.0,A,0.148,-10.012,Minor,0.0281,78.916,0.416
1dfeR4HaWDbWqFHLkxsg1d,Queen,Europe,2DRRh5Q7WJtMt11MDMlC70,Now I'm Here - Remastered 2011,1974-11,classic rock,36.0,False,252933,0.0321,0.492,0.759,0.00224,E,0.0988,-6.938,Major,0.0511,132.547,0.522
1dfeR4HaWDbWqFHLkxsg1d,Queen,Europe,18a6Hmy684ySE4RX3evAqJ,In The Lap Of The Gods - Remastered 2011,1974-11,classic rock,33.0,False,202613,0.551,0.326,0.551,0.000294,F,0.348,-6.43,Major,0.0323,80.539,0.23
1dfeR4HaWDbWqFHLkxsg1d,Queen,Europe,489S9D7zr1jSMlNZHLnKKX,Stone Cold Crazy - Remastered 2011,1974-11,classic rock,36.0,False,133813,0.0235,0.429,0.922,0.00138,G,0.0954,-6.649,Major,0.0924,120.361,0.439
1dfeR4HaWDbWqFHLkxsg1d,Queen,Europe,2qdpQrNXOuGGGvFmbKGpZM,Dear Friends - Remastered 2011,1974-11,classic rock,32.0,False,67573,0.88,0.317,0.0455,0.0,D,0.172,-16.092,Major,0.0344,107.711,0.571
1dfeR4HaWDbWqFHLkxsg1d,Queen,Europe,1Pq0jcWJlEYBgteQ1triQq,Misfire - Remastered 2011,1974-11,classic rock,32.0,False,109653,0.0808,0.614,0.84,0.0307,D#,0.431,-7.006,Major,0.03,126.343,0.961
1dfeR4HaWDbWqFHLkxsg1d,Queen,Europe,2eSAEd4El60OeatNib90TT,Bring Back That Leroy Brown - Remastered 2011,1974-11,classic rock,32.0,False,135307,0.399,0.702,0.641,0.0,C,0.0763,-5.594,Major,0.0879,118.486,0.863
1dfeR4HaWDbWqFHLkxsg1d,Queen,Europe,1zqzDv6vyh8JUHiG4yaElS,She Makes Me (Stormtrooper In Stilettos) - Remastered 2011,1974-11,classic rock,30.0,False,249200,0.17,0.461,0.533,0.00021,D,0.119,-7.677,Major,0.0257,77.031,0.371
1dfeR4HaWDbWqFHLkxsg1d,Queen,Europe,4cw0I3t6oxDCmnI1XGL0A2,In The Lap Of The Gods... Revisited - Remastered 2011,1974-11,classic rock,34.0,False,226813,0.408,0.41,0.575,0.0,D,0.291,-8.609,Major,0.0368,132.074,0.503
1dfeR4HaWDbWqFHLkxsg1d,Queen,Europe,1cN13ivH3D66m9DoW2Z7iU,Death On Two Legs (Dedicated To...) - Remastered 2011,1975-11,classic rock,46.0,False,223920,0.362,0.373,0.691,4.03e-05,D,0.133,-6.219,Major,0.0554,124.767,0.499
1dfeR4HaWDbWqFHLkxsg1d,Queen,Europe,1DL2gvMBTCFmg2dREI9Lwp,Lazing On A Sunday Afternoon - Remastered 2011,1975-11,classic rock,45.0,False,67400,0.4,0.645,0.557,0.00183,D#,0.0845,-9.108,Major,0.0535,131.885,0.703
1dfeR4HaWDbWqFHLkxsg1d,Queen,Europe,253ewjP2R1LjKqA70mGdnk,I'm In Love With My Car - Remastered 2011,1975-11,classic rock,47.0,False,184893,0.0113,0.292,0.803,5.63e-06,E,0.321,-8.541,Minor,0.065,143.856,0.41
1dfeR4HaWDbWqFHLkxsg1d,Queen,Europe,4vhVDkSx9RSb2k6mWFMYNI,You're My Best Friend - Remastered 2011,1975-11,classic rock,65.0,False,170787,0.148,0.51,0.76,0.0116,C,0.0706,-6.995,Major,0.0411,118.829,0.55
1dfeR4HaWDbWqFHLkxsg1d,Queen,Europe,6aNP9GlBi3VHPXl7w3Qjr9,'39 - 2011 Mix,1975-11,classic rock,46.0,False,210800,0.0271,0.524,0.571,0.0,G#,0.111,-9.686,Major,0.0273,101.626,0.373
1dfeR4HaWDbWqFHLkxsg1d,Queen,Europe,0K4USWqV0DZZ5sffa3wxh0,Sweet Lady - Remastered 2011,1975-11,classic rock,44.0,False,242120,0.015,0.312,0.862,4.27e-05,A,0.616,-8.888,Major,0.0738,118.816,0.579
1dfeR4HaWDbWqFHLkxsg1d,Queen,Europe,0VU7avDE4OZ36oVmLPSEZA,Seaside Rendezvous - Remastered 2011,1975-11,classic rock,47.0,False,134120,0.36,0.459,0.699,0.0,C,0.294,-5.496,Major,0.117,167.491,0.798
1dfeR4HaWDbWqFHLkxsg1d,Queen,Europe,6C3wj5V8mqLYtYqgJCABZW,The Prophet's Song - Remastered 2011,1975-11,classic rock,46.0,False,500960,0.314,0.395,0.446,9.26e-05,D,0.348,-9.819,Minor,0.0452,140.558,0.18
1dfeR4HaWDbWqFHLkxsg1d,Queen,Europe,2BlNyI35idBaI6BN6WGZeQ,Love Of My Life - Remastered 2011,1975-11,classic rock,53.0,False,217387,0.933,0.329,0.179,5.04e-06,F,0.115,-11.589,Major,0.0299,154.175,0.255
1dfeR4HaWDbWqFHLkxsg1d,Queen,Europe,5ajVHIX0J3vyUmPhqCBx9U,Good Company - Remastered 2011,1975-11,classic rock,44.0,False,203440,0.799,0.488,0.409,1.87e-05,F#,0.322,-11.254,Major,0.0431,183.614,0.542
1dfeR4HaWDbWqFHLkxsg1d,Queen,Europe,2ISPUUp4pzssWuR2Ic09vR,God Save The Queen - Remastered 2011,1975-11,classic rock,45.0,False,75333,0.754,0.17,0.293,0.857,G,0.279,-15.308,Major,0.0369,117.483,0.24
1dfeR4HaWDbWqFHLkxsg1d,Queen,Europe,6In9ynCY22Ed1YRhpLMZLl,Tie Your Mother Down - Remastered 2011,1976-12,classic rock,37.0,False,287427,0.114,0.331,0.887,0.000103,D,0.367,-5.588,Major,0.0648,135.035,0.196
1dfeR4HaWDbWqFHLkxsg1d,Queen,Europe,6CD2NyrQ5rHmik1DjhdDdn,You Take My Breath Away - Remastered 2011,1976-12,classic rock,35.0,False,306480,0.952,0.234,0.213,6.71e-05,D#,0.264,-15.166,Major,0.0465,187.166,0.0787
1dfeR4HaWDbWqFHLkxsg1d,Queen,Europe,5L8t6EbGKFKc6MQlqQzYZz,Long Away - Remastered 2011,1976-12,classic rock,32.0,False,213413,0.188,0.494,0.742,1.18e-06,A,0.263,-6.458,Major,0.0399,116.738,0.317
1dfeR4HaWDbWqFHLkxsg1d,Queen,Europe,62daWSLgfeezIl4MTQFb08,The Millionaire Waltz - Remastered 2011,1976-12,classic rock,35.0,False,295333,0.617,0.323,0.338,9.48e-06,A#,0.129,-7.625,Major,0.0327,93.231,0.37
1dfeR4HaWDbWqFHLkxsg1d,Queen,Europe,6susMmS2fohWe6TSlOfi1O,You And I - Remastered 2011,1976-12,classic rock,34.0,False,206147,0.0796,0.526,0.869,0.00268,D,0.43,-5.78,Major,0.0599,134.375,0.535
1dfeR4HaWDbWqFHLkxsg1d,Queen,Europe,2u9vZyQU7Ld88MJ35nS55u,Somebody To Love - 2011 Mix,1976-12,classic rock,44.0,False,296480,0.186,0.406,0.698,0.0,G#,0.233,-7.024,Major,0.0624,109.266,0.333
1dfeR4HaWDbWqFHLkxsg1d,Queen,Europe,0YI4wdf0gMuM3CgzrRslur,White Man - Remastered 2011,1976-12,classic rock,30.0,False,298120,0.0977,0.279,0.688,0.0,D,0.241,-7.738,Minor,0.0694,141.628,0.266
1dfeR4HaWDbWqFHLkxsg1d,Queen,Europe,7mg3XY5ti0yzp8RZL939Da,Good Old-Fashioned Lover Boy - 2011 Mix,1976-12,classic rock,39.0,False,173173,0.577,0.543,0.461,0.0,D#,0.0563,-6.724,Major,0.0302,96.803,0.385
1dfeR4HaWDbWqFHLkxsg1d,Queen,Europe,3yuJVbCLjxcu0T6bZoiWXg,Drowse - Remastered 2011,1976-12,classic rock,31.0,False,223293,0.178,0.439,0.561,6.94e-06,D,0.106,-10.151,Major,0.0338,145.415,0.432
1dfeR4HaWDbWqFHLkxsg1d,Queen,Europe,4OOuZMDLHw37tWy9XJu3F7,Teo Torriatte (Let Us Cling Together) - 2011 Mix,1976-12,classic rock,33.0,False,355653,0.647,0.274,0.239,6.53e-06,D,0.101,-10.202,Major,0.0291,141.854,0.122
1dfeR4HaWDbWqFHLkxsg1d,Queen,Europe,4WLcEC8RoscRuzmNf2EeXf,Sheer Heart Attack - Remastered 2011,1977-10,classic rock,39.0,False,207600,0.00543,0.155,0.938,0.00262,A#,0.359,-4.624,Major,0.126,184.469,0.383
1dfeR4HaWDbWqFHLkxsg1d,Queen,Europe,6SvRYfsIeNSVV2EAH7I9P0,"All Dead, All Dead - Remastered 2011",1977-10,classic rock,40.0,False,189587,0.787,0.491,0.0765,0.000306,F,0.114,-14.57,Major,0.0416,113.728,0.305
1dfeR4HaWDbWqFHLkxsg1d,Queen,Europe,0nUCaKwNqO5whVAhEX1A1R,Spread Your Wings - 2011 Mix,1977-10,classic rock,59.0,False,274227,0.29,0.395,0.656,2.72e-05,A,0.0624,-6.462,Major,0.0329,174.782,0.487
1dfeR4HaWDbWqFHLkxsg1d,Queen,Europe,1pQQRiL4O3weDAqk85hrYN,Fight From The Inside - Remastered 2011,1977-10,classic rock,37.0,False,181627,0.125,0.577,0.848,0.000274,C,0.613,-5.673,Minor,0.0755,89.967,0.327
1dfeR4HaWDbWqFHLkxsg1d,Queen,Europe,4omLxn4XuiHhpwTpO9Yj68,"Get Down, Make Love - Remastered 2011",1977-10,classic rock,36.0,False,230120,0.41,0.446,0.713,0.0,G#,0.212,-4.825,Major,0.268,143.229,0.369
1dfeR4HaWDbWqFHLkxsg1d,Queen,Europe,2N5mE30V04xDvsX2caDLlj,Sleeping On The Sidewalk - Remastered 2011,1977-10,classic rock,35.0,False,186080,0.466,0.619,0.767,0.000279,E,0.387,-7.811,Major,0.027,129.947,0.644
1dfeR4HaWDbWqFHLkxsg1d,Queen,Europe,02lvTeAFIIsOd0wVNoRkQ5,Who Needs You - Remastered 2011,1977-10,classic rock,39.0,False,186853,0.261,0.863,0.381,0.000277,A,0.202,-12.823,Major,0.0528,120.645,0.906
1dfeR4HaWDbWqFHLkxsg1d,Queen,Europe,7pgv0D1HCBAFbGHNqHmegV,It's Late - Remastered 2011,1977-10,classic rock,38.0,False,386360,0.19,0.293,0.691,4e-06,A,0.0899,-5.245,Major,0.0575,182.256,0.513
1dfeR4HaWDbWqFHLkxsg1d,Queen,Europe,1WttHhgIl0N0vXZYrOxF0C,My Melancholy Blues - Remastered 2011,1977-10,classic rock,45.0,False,211333,0.67,0.469,0.202,0.0,D#,0.193,-14.369,Major,0.0333,110.937,0.102
1dfeR4HaWDbWqFHLkxsg1d,Queen,Europe,3uaVLkgDqlYy153yFBUVtl,Mustapha - Remastered 2011,1978-11,classic rock,43.0,False,181027,0.48,0.595,0.628,2.64e-06,F,0.0709,-9.902,Minor,0.123,152.742,0.485
1dfeR4HaWDbWqFHLkxsg1d,Queen,Europe,6IAVxNFi1W88UhDeyvOsdo,Fat Bottomed Girls - 2011 Remaster,1978-11,classic rock,67.0,False,255600,0.0322,0.332,0.683,6.51e-06,D,0.342,-7.679,Major,0.0491,88.522,0.419
1dfeR4HaWDbWqFHLkxsg1d,Queen,Europe,6VH7sh6fC6YPi297UC2Fkg,Jealousy - Remastered 2011,1978-11,classic rock,46.0,False,193147,0.211,0.574,0.478,0.0,D#,0.243,-9.842,Major,0.031,80.8,0.211
1dfeR4HaWDbWqFHLkxsg1d,Queen,Europe,5CTAcf8aS0a0sIsDwQRF9C,Bicycle Race - Remastered 2011,1978-11,classic rock,64.0,False,180813,0.0626,0.463,0.671,0.0,D#,0.0947,-6.438,Major,0.0683,84.28,0.633
1dfeR4HaWDbWqFHLkxsg1d,Queen,Europe,5HJiNvg6s7ovq5kPrztHKp,If You Can't Beat Them - Remastered 2011,1978-11,classic rock,40.0,False,255187,0.0021,0.427,0.774,0.00607,D,0.358,-5.434,Major,0.0681,140.444,0.665
1dfeR4HaWDbWqFHLkxsg1d,Queen,Europe,00ITtxUozN0vifE2uYvtqn,Let Me Entertain You - Remastered 2011,1978-11,classic rock,41.0,False,181693,0.0164,0.521,0.902,0.00105,B,0.737,-4.826,Minor,0.197,104.708,0.592
1dfeR4HaWDbWqFHLkxsg1d,Queen,Europe,3OCQ5ybKASY4EIb4i9hsd7,Dead On Time - Remastered 2011,1978-11,classic rock,38.0,False,203347,0.00706,0.31,0.954,0.000136,B,0.237,-4.56,Minor,0.288,143.736,0.421
1dfeR4HaWDbWqFHLkxsg1d,Queen,Europe,06UXtRLTF6kdMSM3uaVCCU,In Only Seven Days - Remastered 2011,1978-11,classic rock,40.0,False,149253,0.427,0.517,0.469,1.96e-06,D,0.128,-7.148,Major,0.0306,115.076,0.409
1dfeR4HaWDbWqFHLkxsg1d,Queen,Europe,0TpWjIOuNMnpuRjriPbGiF,Dreamer's Ball - Remastered 2011,1978-11,classic rock,41.0,False,210147,0.831,0.607,0.369,0.0,A,0.419,-7.616,Major,0.0346,91.684,0.406
1dfeR4HaWDbWqFHLkxsg1d,Queen,Europe,6jtctBYvybxCAmlg7nT6CS,Fun It - Remastered 2011,1978-11,classic rock,37.0,False,208827,0.121,0.832,0.614,0.00897,C,0.0808,-6.846,Major,0.296,113.88,0.834
1dfeR4HaWDbWqFHLkxsg1d,Queen,Europe,16aW2zHbbpDDoSy0HCA8xc,Leaving Home Ain't Easy - Remastered 2011,1978-11,classic rock,37.0,False,195040,0.0531,0.518,0.454,0.0,A,0.112,-9.208,Major,0.028,107.689,0.216
1dfeR4HaWDbWqFHLkxsg1d,Queen,Europe,2YrfSHux2BaTXQs1535EHC,More Of That Jazz - Remastered 2011,1978-11,classic rock,38.0,False,256653,0.0338,0.354,0.717,3.93e-05,A,0.0936,-5.787,Major,0.0656,174.069,0.514
1dfeR4HaWDbWqFHLkxsg1d,Queen,Europe,5p6xhgQCwzX0G9PadMU9GA,Play The Game - Remastered 2011,1980-06,classic rock,60.0,False,212533,0.341,0.242,0.7,0.0,F,0.122,-5.772,Major,0.0346,156.706,0.273
1dfeR4HaWDbWqFHLkxsg1d,Queen,Europe,32wghPySDJ1mNdqhwW9YMh,Dragon Attack - Remastered 2011,1980-06,classic rock,44.0,False,258773,0.139,0.7,0.867,0.00275,C,0.266,-5.482,Major,0.149,88.19,0.557
1dfeR4HaWDbWqFHLkxsg1d,Queen,Europe,5vdp5UmvTsnMEMESIF2Ym7,Another One Bites The Dust - Remastered 2011,1980-06,classic rock,82.0,False,214653,0.112,0.933,0.528,0.312,F,0.163,-6.472,Minor,0.161,109.967,0.754
1dfeR4HaWDbWqFHLkxsg1d,Queen,Europe,3vVSwkIqE7j6AaIxsxXzNA,Need Your Loving Tonight - Remastered 2011,1980-06,classic rock,42.0,False,169200,0.326,0.604,0.876,0.0,A,0.242,-3.879,Major,0.0393,137.821,0.804
1dfeR4HaWDbWqFHLkxsg1d,Queen,Europe,6xdLJrVj4vIXwhuG8TMopk,Crazy Little Thing Called Love - Remastered 2011,1980-06,classic rock,74.0,False,163373,0.713,0.599,0.761,4.74e-06,C,0.349,-6.887,Major,0.0421,77.015,0.712
1dfeR4HaWDbWqFHLkxsg1d,Queen,Europe,4w09y5LHv5vJDZO4hWS846,Rock It (Prime Jive) - Remastered 2011,1980-06,classic rock,41.0,False,273013,0.323,0.47,0.915,0.0,B,0.064,-5.698,Major,0.0612,160.3,0.634
1dfeR4HaWDbWqFHLkxsg1d,Queen,Europe,0V7AVcMTaQqLKzxVloxWHj,Don't Try Suicide - Remastered 2011,1980-06,classic rock,44.0,False,232120,0.338,0.796,0.486,0.0,G,0.0314,-7.543,Major,0.2,135.249,0.646
1dfeR4HaWDbWqFHLkxsg1d,Queen,Europe,4tmERaVkzL7X64Oku4vDo0,Sail Away Sweet Sister - Remastered 2011,1980-06,classic rock,42.0,False,213427,0.828,0.512,0.5,0.0,A,0.0907,-6.937,Major,0.0282,80.075,0.196
1dfeR4HaWDbWqFHLkxsg1d,Queen,Europe,4xSDpJJNXAUis65Ogl7f7i,Coming Soon - Remastered 2011,1980-06,classic rock,38.0,False,170040,0.00805,0.685,0.915,0.0622,A,0.156,-5.785,Minor,0.0455,136.817,0.863
1dfeR4HaWDbWqFHLkxsg1d,Queen,Europe,1pBFEy8cz0Fq4Pru0c4awd,Save Me - Remastered 2011,1980-06,classic rock,62.0,False,229920,0.359,0.507,0.452,0.0,G,0.109,-6.8,Major,0.0269,81.632,0.322
1dfeR4HaWDbWqFHLkxsg1d,Queen,Europe,3S1RgaEOY4JxjIIS0kt5Nu,Staying Power - Remastered 2011,1982-05,classic rock,38.0,False,252133,0.134,0.823,0.855,0.0,D,0.0801,-6.105,Major,0.109,115.353,0.491
1dfeR4HaWDbWqFHLkxsg1d,Queen,Europe,4ejjjAuVya6bapdTjZE9Lx,Dancer - Remastered 2011,1982-05,classic rock,36.0,False,230120,0.045,0.74,0.476,1.01e-05,A,0.0494,-6.112,Major,0.0344,100.09,0.511
1dfeR4HaWDbWqFHLkxsg1d,Queen,Europe,14YQ2SSnv07HZjPP4Ud9mX,Back Chat - Remastered 2011,1982-05,classic rock,40.0,False,275093,0.122,0.787,0.844,9.19e-05,C,0.372,-6.423,Major,0.0637,118.959,0.71
1dfeR4HaWDbWqFHLkxsg1d,Queen,Europe,26FJA5apYWeehOGnZdUPob,Body Language - Remastered 2011,1982-05,classic rock,44.0,False,271600,0.0395,0.828,0.538,0.00906,C#,0.102,-9.593,Major,0.0654,132.633,0.367
1dfeR4HaWDbWqFHLkxsg1d,Queen,Europe,6nnH5zeFZOH3HMpEOG5DLg,Action This Day - Remastered 2011,1982-05,classic rock,35.0,False,214813,0.0564,0.727,0.478,0.000262,D,0.0801,-6.121,Major,0.0403,166.364,0.909
1dfeR4HaWDbWqFHLkxsg1d,Queen,Europe,30vbOgHRjyUbUZ1KWOY11C,Put Out The Fire - Remastered 2011,1982-05,classic rock,35.0,False,198240,0.222,0.545,0.855,0.0,D,0.184,-5.869,Major,0.0599,91.796,0.467
1dfeR4HaWDbWqFHLkxsg1d,Queen,Europe,6xYHezItSIXOpxMvrVRJTb,Life Is Real (Song For Lennon) - Remastered 2011,1982-05,classic rock,37.0,False,211360,0.613,0.571,0.447,0.0,G,0.07,-8.303,Major,0.0246,80.699,0.345
1dfeR4HaWDbWqFHLkxsg1d,Queen,Europe,47KKOdexdhKL2jgX673WrW,Calling All Girls - Remastered 2011,1982-05,classic rock,35.0,False,231853,0.0484,0.613,0.718,0.00011,D,0.0661,-6.749,Major,0.0346,138.43,0.619
1dfeR4HaWDbWqFHLkxsg1d,Queen,Europe,3QfLERjG54GUIAS9w86kul,Las Palabras De Amor (The Words Of Love) - Remastered 2011,1982-05,classic rock,43.0,False,271640,0.102,0.395,0.558,1.09e-06,D,0.0704,-7.643,Major,0.0282,81.605,0.132
1dfeR4HaWDbWqFHLkxsg1d,Queen,Europe,7nhWtCc3v6Vem80gYPlppQ,Cool Cat - Remastered 2011,1982-05,classic rock,60.0,False,209107,0.302,0.818,0.4,0.00241,A,0.18,-9.927,Major,0.11,73.76,0.838
1dfeR4HaWDbWqFHLkxsg1d,Queen,Europe,4GetBW8bJ8lB2Y9ugFb30p,Tie Your Mother Down - Remastered 2011,1976-12,classic rock,26.0,False,286693,0.094,0.327,0.886,0.000195,D,0.35,-5.6,Major,0.0722,134.991,0.16
1dfeR4HaWDbWqFHLkxsg1d,Queen,Europe,2aSFLiDPreOVP6KHiWk4lF,Under Pressure - Remastered,1991-10,classic rock,59.0,False,236520,0.524,0.663,0.712,0.0,D,0.0804,-7.268,Major,0.0479,113.439,0.527
1dfeR4HaWDbWqFHLkxsg1d,Queen,Europe,1AhDOtG9vPSOmsWgNW0BEY,Bohemian Rhapsody - Remastered 2011,1975-11,classic rock,29.0,False,354320,0.271,0.414,0.404,0.0,C,0.3,-9.928,Minor,0.0499,71.105,0.224
1dfeR4HaWDbWqFHLkxsg1d,Queen,Europe,57JVGBtBLCfHw2muk5416J,Another One Bites The Dust - Remastered 2011,1980-06,classic rock,74.0,False,214653,0.112,0.933,0.528,0.329,F,0.163,-6.472,Minor,0.162,109.975,0.756
51Blml2LZPmy7TTiAg47vQ,U2,Europe,4nuUssdgKFy2QyYHHNkZQW,Sunday Bloody Sunday - Remastered 2008,1983-02,rock,66.0,False,279440,0.402,0.543,0.944,0.000564,F#,0.0373,-7.495,Major,0.0543,101.174,0.735
4Z8W4fKeB5YxbusRsdQVPb,Radiohead,Europe,3HfB5hBU0dmBt8T0iCmH42,Creep,1993-04,art rock,20.0,True,235667,0.00563,0.532,0.344,0.000473,G,0.115,-13.057,Major,0.035,91.834,0.126
1dfeR4HaWDbWqFHLkxsg1d,Queen,Europe,1pwE0jB6MTtTWx8fzqriAj,Bohemian Rhapsody - 2011 Remaster,1981-10,classic rock,9.0,False,355467,0.256,0.392,0.398,0.0,C,0.195,-9.973,Minor,0.0515,143.587,0.236
51Blml2LZPmy7TTiAg47vQ,U2,Europe,44M6Wd0vAzN9khoCQSR6ji,Where The Streets Have No Name - Single Edit,1998-10,rock,3.0,False,276132,0.0119,0.504,0.857,0.00653,D,0.13,-6.014,Major,0.0379,125.636,0.354
22bE4uQ6baNwSHPVcDxLCe,The Rolling Stones,Europe,32qR2DcQRSJ6G2s8SC16oP,Honky Tonk Women,1975-11,classic rock,2.0,False,179200,0.353,0.558,0.683,0.0171,G,0.111,-9.868,Major,0.0585,120.169,0.966
568ZhdwyaiCyOGJRtNYhWf,Deep Purple,Europe,1fVzpydMREur3ZJYTiDSgq,All I Got Is You,2017-04,hard rock,40.0,True,282427,0.000261,0.377,0.913,0.000434,E,0.0751,-5.954,Minor,0.0565,78.049,0.349
1dfeR4HaWDbWqFHLkxsg1d,Queen,Europe,59CsbfwLNCAUGbBQV3Tki4,I Want It All - Remastered 2011,1991-10,classic rock,19.0,False,241253,0.0298,0.398,0.834,2.35e-06,B,0.385,-5.786,Minor,0.0472,92.376,0.389
22bE4uQ6baNwSHPVcDxLCe,The Rolling Stones,Europe,0wzABO1igQsSy8cQ7dIeHK,Paint It Black,1966-04,classic rock,14.0,False,202267,0.0569,0.482,0.8,0.00223,B,0.387,-9.278,Minor,0.0916,158.81,0.569
568ZhdwyaiCyOGJRtNYhWf,Deep Purple,Europe,5dIgg4mrQHOlVm1ZFYHW29,Smoke on the Water,2005-06,hard rock,44.0,False,334240,0.134,0.608,0.688,0.206,F,0.0951,-7.655,Minor,0.0296,114.414,0.749
5NGO30tJxFlKixkPSgXcFE,The Police,Europe,3bN4tg6rnNPy9GCkGhym4T,Message In A Bottle - Remastered 2003,1979-10,rock,18.0,False,290280,0.0338,0.577,0.808,1.33e-05,C#,0.221,-7.04,Minor,0.039,151.008,0.869
1dfeR4HaWDbWqFHLkxsg1d,Queen,Europe,3YXHTOLPqPlSfRqZCHtFol,Princes Of The Universe,1986-01,classic rock,0.0,False,213200,0.0273,0.396,0.623,0.0,G,0.313,-14.327,Major,0.0633,81.326,0.34
36QJpDe2go2KgaRleHCDTp,Led Zeppelin,Europe,5iJCAZlmEXMG24BcZYV9j5,Fool in the Rain - 2012 Remaster,1979-08,classic rock,40.0,False,370920,0.124,0.52,0.912,0.00151,C,0.239,-7.512,Major,0.0487,131.403,0.702
22bE4uQ6baNwSHPVcDxLCe,The Rolling Stones,Europe,7lY8aoN3wUR3NY4nUwigPv,"Paint It, Black - (Original Single Mono Version)",2004-07,classic rock,61.0,False,224133,0.0135,0.496,0.859,0.065,F,0.349,-7.927,Minor,0.0934,159.694,0.768
22bE4uQ6baNwSHPVcDxLCe,The Rolling Stones,Europe,7d1eEz2jOjE7wPIn5LLRmc,Like A Rolling Stone - Edit,2011-04,classic rock,0.0,False,261227,0.0133,0.452,0.911,7.18e-05,C,0.307,-4.336,Major,0.0482,101.897,0.514
1dfeR4HaWDbWqFHLkxsg1d,Queen,Europe,3ulPX3lyADhCnIaxJv8nxv,Fat Bottomed Girls,1981-10,classic rock,41.0,False,255667,0.0466,0.327,0.645,2.98e-05,G,0.307,-10.159,Major,0.0439,89.328,0.43
1dfeR4HaWDbWqFHLkxsg1d,Queen,Europe,5HkFTCxSeJ3kGNyQJbT4rJ,Another One Bites The Dust,1981-10,classic rock,47.0,False,215933,0.0444,0.922,0.392,0.165,F,0.123,-12.083,Minor,0.122,109.878,0.771
5NGO30tJxFlKixkPSgXcFE,The Police,Europe,5sUrlBp7h4aijnw9QwntnI,Roxanne,1995-01,rock,3.0,False,190667,0.0535,0.607,0.643,2.31e-06,F,0.038,-11.692,Major,0.423,133.617,0.668
5NGO30tJxFlKixkPSgXcFE,The Police,Europe,2PnNomkEqlg9ADKCVG0Wt0,Every Breath You Take,1995-01,rock,38.0,False,253733,0.447,0.829,0.434,0.00168,C#,0.0726,-10.52,Major,0.0341,117.399,0.721
51Blml2LZPmy7TTiAg47vQ,U2,Europe,5UQzaJnSGvBD5QyA6VpHy8,I Still Haven't Found What I'm Looking For,1998-10,rock,0.0,False,281080,0.0119,0.569,0.797,0.00293,C#,0.0561,-8.057,Major,0.035,100.626,0.607
51Blml2LZPmy7TTiAg47vQ,U2,Europe,2ipxxnFmqMLWLcjpiIaKMc,Pride (In The Name Of Love),2006-01,rock,34.0,False,229040,0.00178,0.451,0.918,0.00156,E,0.688,-3.414,Major,0.0329,106.033,0.695
5NGO30tJxFlKixkPSgXcFE,The Police,Europe,4bEqHXsdbYBOghD2DUYROa,Message In A Bottle,1995-01,rock,3.0,False,289187,0.0461,0.566,0.824,1.89e-05,C#,0.302,-7.516,Minor,0.0378,151.295,0.795
22bE4uQ6baNwSHPVcDxLCe,The Rolling Stones,Europe,1BCfh9P3b9ghCYrt3N5Bkp,Gimme Shelter - Mono,1966-01,classic rock,36.0,False,271507,0.529,0.645,0.61,0.0355,C#,0.137,-8.572,Minor,0.0323,118.599,0.496
22bE4uQ6baNwSHPVcDxLCe,The Rolling Stones,Europe,78Az0Z1vNJgqv9QSB0ULLV,Paint It Black,2004-07,classic rock,24.0,False,224133,0.0139,0.504,0.845,0.0419,F,0.359,-7.799,Minor,0.0938,159.508,0.736
0k17h0D3J5VfsdmQ1iZtE9,Pink Floyd,Europe,7pmNNEJcBcODkrPHEIf7Cy,Another Brick In The Wall - 2001 Remastered Version,1981-11,progressive rock,50.0,False,230867,0.0282,0.71,0.436,0.00298,C,0.583,-12.532,Major,0.0299,104.136,0.727
7t0rwkOPGlDPEhaOcVtOt9,The Cranberries,Europe,6xy6jNeNTYwjnKTDzMyHw2,Zombie,1994-10,rock,20.0,False,306440,0.0158,0.309,0.649,0.00595,G,0.367,-8.994,Major,0.035,166.915,0.313
36QJpDe2go2KgaRleHCDTp,Led Zeppelin,Europe,0AJ62x1CXjJf3VW25CeZXa,Stairway To Heaven,1971-11,classic rock,0.0,False,478173,0.575,0.346,0.335,0.00674,G,0.185,-12.453,Major,0.0339,84.204,0.213
51Blml2LZPmy7TTiAg47vQ,U2,Europe,5Uf6OfGfz436zAegn1kui6,Sunday Bloody Sunday,1998-10,rock,9.0,False,279493,0.411,0.543,0.964,0.00205,F#,0.047,-5.687,Major,0.0515,100.456,0.777
22bE4uQ6baNwSHPVcDxLCe,The Rolling Stones,Europe,57J2znxukXsXzS3XPuZ1TG,(I Can't Get No) Satisfaction - Mono Version / Remastered 2002,1989-08,classic rock,8.0,False,222840,0.0354,0.722,0.882,0.0496,D,0.119,-6.763,Major,0.0348,136.299,0.921
5NGO30tJxFlKixkPSgXcFE,The Police,Europe,5C0LFQARavkPpn7JgA4sLk,Every Breath You Take - Remastered 2003,1983-06,rock,28.0,False,253250,0.543,0.82,0.452,0.00294,C#,0.0701,-9.796,Major,0.0348,117.401,0.74
568ZhdwyaiCyOGJRtNYhWf,Deep Purple,Europe,521gC8oqqmUknLZpodHOh9,Perfect Strangers,1984-01,hard rock,13.0,False,328427,0.00348,0.521,0.721,0.0113,D,0.391,-7.699,Major,0.0254,97.578,0.611
0k17h0D3J5VfsdmQ1iZtE9,Pink Floyd,Europe,1wHSxWBfPr3GO31y8KGrWe,Wish You Were Here - 2011 Remastered Version,1975-09,progressive rock,16.0,False,334744,0.735,0.481,0.262,0.0114,G,0.832,-15.73,Major,0.0414,122.883,0.375
0k17h0D3J5VfsdmQ1iZtE9,Pink Floyd,Europe,107Jwc012wRPAvjI7WKCPI,Welcome To The Machine - 2011 Remastered Version,1975-09,progressive rock,2.0,False,451681,0.52,0.382,0.36,0.171,C,0.0747,-12.442,Major,0.0365,133.273,0.0362
5NGO30tJxFlKixkPSgXcFE,The Police,Europe,6l5XnGdX73q4zuniAQgKYC,Can't Stand Losing You - Remastered 2003,2003-01,rock,26.0,False,178427,0.0633,0.736,0.793,0.00079,D,0.0531,-5.305,Minor,0.29,141.959,0.912
22bE4uQ6baNwSHPVcDxLCe,The Rolling Stones,Europe,4lzwvEOsDWdJ9qWpa83pnS,Ride 'Em On Down,2016-12,classic rock,3.0,False,168987,0.157,0.521,0.951,0.0212,F#,0.36,-4.128,Minor,0.0947,115.926,0.702
36QJpDe2go2KgaRleHCDTp,Led Zeppelin,Europe,4OQjzsqsnSy4YPB9yaRh0f,I Can't Quit You Baby - 2014 Remaster,1969-01,classic rock,40.0,False,282721,0.534,0.529,0.452,0.000151,D,0.301,-12.593,Major,0.136,78.196,0.539
0k17h0D3J5VfsdmQ1iZtE9,Pink Floyd,Europe,1SwE3FURO4wYshsLRggtfv,Money - 2011 Remastered Version,1973-03,progressive rock,11.0,False,382834,0.0241,0.469,0.537,0.00201,A,0.269,-10.421,Major,0.152,124.193,0.783
1dfeR4HaWDbWqFHLkxsg1d,Queen,Europe,2GAIycsMaDVtMtdvxzR2xI,Bohemian Rhapsody - 2011 Mix,2011-01,classic rock,54.0,False,354320,0.288,0.392,0.402,0.0,C,0.243,-9.961,Minor,0.0536,143.883,0.228
1dfeR4HaWDbWqFHLkxsg1d,Queen,Europe,2U9v51tNOoLRhwrU6j83uU,We Are The Champions - Remastered 2011,2011-01,classic rock,43.0,False,179200,0.378,0.268,0.459,0.0,G,0.119,-6.948,Minor,0.0346,64.223,0.172
22bE4uQ6baNwSHPVcDxLCe,The Rolling Stones,Europe,5FMlUJ6wd2aN0lkdlRrEtH,Jumpin' Jack Flash,1971-12,classic rock,9.0,False,222280,0.0582,0.575,0.909,0.238,D#,0.0724,-8.003,Major,0.0654,137.335,0.693
5NGO30tJxFlKixkPSgXcFE,The Police,Europe,3EYOJ48Et32uATr9ZmLnAo,Roxanne,1978-11,rock,77.0,False,191947,0.0384,0.618,0.748,4.1e-06,C,0.0473,-8.905,Major,0.358,134.114,0.663
12Chz98pHFMPJEknJQMWvI,Muse,Europe,5PK1JCSdr34gWgzYHgt3Jq,Feeling Good,2001-01,alternative rock,65.0,False,198800,0.299,0.345,0.418,1.75e-05,G,0.103,-7.787,Minor,0.0316,109.044,0.267
12Chz98pHFMPJEknJQMWvI,Muse,Europe,6kyxQuFD38mo4S3urD2Wkw,Unintended,1999-01,alternative rock,61.0,False,237027,0.647,0.487,0.279,0.00185,F#,0.11,-11.586,Minor,0.0265,139.362,0.162
12Chz98pHFMPJEknJQMWvI,Muse,Europe,5wq8wceQvaFlOZovDtfr0j,Sunburn,1999-01,alternative rock,59.0,False,233733,0.122,0.474,0.905,0.00154,E,0.166,-6.137,Minor,0.0842,93.02,0.322
12Chz98pHFMPJEknJQMWvI,Muse,Europe,0xJLcjd0gaZct43xG1UlXS,Butterflies and Hurricanes,2004-03,alternative rock,58.0,False,301733,0.31,0.42,0.691,0.0427,A,0.109,-8.56,Major,0.0501,115.326,0.0383
51Blml2LZPmy7TTiAg47vQ,U2,Europe,4kAJawkLZj4Q7N5521ofP6,With Or Without You - Remastered,1987-03,rock,24.0,False,295520,0.000185,0.538,0.432,0.309,D,0.139,-11.882,Major,0.0295,110.181,0.116
0XNa1vTidXlvJ2gHSsRi4A,Franz Ferdinand,Europe,2V6n1Pq26T0Rdp0jgy77xp,Walk Away,2005-10,indie rock,1.0,False,216333,0.141,0.587,0.834,1.2e-06,D,0.194,-4.514,Major,0.0348,124.103,0.539
0XNa1vTidXlvJ2gHSsRi4A,Franz Ferdinand,Europe,6WrnSlcN0dzTO80mVVbBto,Do You Want To,2005-10,indie rock,55.0,False,215000,0.0724,0.412,0.944,0.000493,C,0.801,-2.896,Major,0.0448,123.091,0.79
5NGO30tJxFlKixkPSgXcFE,The Police,Europe,1oYYd2gnWZYrt89EBXdFiO,Message In A Bottle,1979-10,rock,74.0,False,290280,0.0338,0.577,0.808,1.33e-05,C#,0.221,-7.04,Minor,0.039,151.008,0.869
5NGO30tJxFlKixkPSgXcFE,The Police,Europe,3FmAUR4SPWa3P1KyDf21Fu,Roxanne - Remastered 2003,1978-11,rock,22.0,False,191500,0.0384,0.618,0.748,4.1e-06,C,0.0477,-8.905,Major,0.361,134.001,0.662
1dfeR4HaWDbWqFHLkxsg1d,Queen,Europe,2fuCquhmrzHpu5xcA1ci9x,Under Pressure - Remastered,1982-05,classic rock,81.0,False,248440,0.429,0.671,0.712,0.0,D,0.103,-7.815,Major,0.0476,113.805,0.462
1dfeR4HaWDbWqFHLkxsg1d,Queen,Europe,65NTcXUtOb27NHKQ4fAcw0,'39 - 2011 Mix,1975-11,classic rock,60.0,False,210800,0.0271,0.524,0.571,0.0,G#,0.111,-9.686,Major,0.0273,101.626,0.373
51Blml2LZPmy7TTiAg47vQ,U2,Europe,76hhfwZpMKGO3phNusrquG,Every Breaking Wave,2014-01,rock,49.0,False,252162,0.00991,0.672,0.441,6.7e-06,C#,0.109,-9.065,Minor,0.0268,115.059,0.429
51Blml2LZPmy7TTiAg47vQ,U2,Europe,40xcrghLmBuKzRFSZ6klGZ,Song For Someone,2014-01,rock,44.0,False,226763,0.166,0.569,0.471,9.41e-06,B,0.419,-9.688,Major,0.0259,104.998,0.409
51Blml2LZPmy7TTiAg47vQ,U2,Europe,7kbQE1Xbyf7kvcn4DVICiR,Iris (Hold Me Close),2014-01,rock,44.0,False,319457,0.00784,0.513,0.781,0.0336,E,0.16,-9.606,Minor,0.0348,126.974,0.102
51Blml2LZPmy7TTiAg47vQ,U2,Europe,2PwwiKJYMYbuWh7j5yAbwT,Moment Of Surrender,2009-01,rock,45.0,False,444307,0.0285,0.512,0.711,0.00163,C,0.0889,-7.21,Major,0.0341,173.954,0.322
51Blml2LZPmy7TTiAg47vQ,U2,Europe,2b6pyyrxfP79LhV2hLtTm4,Miracle Drug,2004-01,rock,43.0,False,234013,0.00586,0.339,0.652,0.000184,B,0.17,-5.732,Minor,0.0533,124.939,0.133
51Blml2LZPmy7TTiAg47vQ,U2,Europe,1ERxZwkfoHM91tdOWVPI78,Grace,2000-01,rock,37.0,False,332773,0.867,0.371,0.238,0.0241,C,0.0966,-16.164,Major,0.0299,179.99,0.329
5NGO30tJxFlKixkPSgXcFE,The Police,Europe,1bmX1yGa3aJkvfHgpdxwdo,Every Breath You Take,1992-01,rock,39.0,False,252707,0.338,0.813,0.34,0.0037,C#,0.0633,-14.177,Major,0.036,117.401,0.749
51Blml2LZPmy7TTiAg47vQ,U2,Europe,0gzqZ9d1jIKo9psEIthwXe,Beautiful Day,2000-01,rock,72.0,False,248400,0.0154,0.536,0.928,0.00134,B,0.2,-6.492,Minor,0.0589,136.258,0.389
51Blml2LZPmy7TTiAg47vQ,U2,Europe,1m9yGw9LwTHc7s3i7ARXRn,Pride (In The Name Of Love),2006-01,rock,32.0,False,229040,0.00178,0.451,0.918,0.00156,E,0.688,-3.414,Major,0.0329,106.033,0.695
0k17h0D3J5VfsdmQ1iZtE9,Pink Floyd,Europe,7aE5WXu5sFeNRh3Z05wwu4,Wish You Were Here - 2011 Remastered Version,1975-09,progressive rock,71.0,False,334744,0.735,0.481,0.262,0.0114,G,0.832,-15.73,Major,0.0414,122.883,0.375
22bE4uQ6baNwSHPVcDxLCe,The Rolling Stones,Europe,3odPjdX1SjxxjIr0EZjEht,Sympathy For The Devil,2005-02,classic rock,7.0,False,377573,0.578,0.7,0.675,0.0,A,0.0397,-10.956,Major,0.241,115.925,0.608
0k17h0D3J5VfsdmQ1iZtE9,Pink Floyd,Europe,21jBRxUvrWXTwBfGnQwyVy,"Another Brick In The Wall, Pt. 2 - 2011 Remastered Version",1979-11,progressive rock,17.0,False,238747,0.0781,0.694,0.394,0.000677,C,0.247,-15.881,Major,0.0428,104.126,0.719
0k17h0D3J5VfsdmQ1iZtE9,Pink Floyd,Europe,29zkoUsOE50f0I3n44LjjU,Comfortably Numb - 2011 Remastered Version,1979-11,progressive rock,11.0,False,382297,0.15,0.472,0.366,0.308,B,0.0837,-12.595,Minor,0.0286,127.167,0.171
22bE4uQ6baNwSHPVcDxLCe,The Rolling Stones,Europe,4rTDx6EhOqj9hGTGvvntIg,Rain Fall Down,2005-09,classic rock,24.0,False,293800,0.00175,0.654,0.854,0.00639,A,0.163,-5.873,Minor,0.0563,98.013,0.531
22bE4uQ6baNwSHPVcDxLCe,The Rolling Stones,Europe,0DQtwZLpvln583U1WWv6To,Sympathy For The Devil,1968-12,classic rock,3.0,False,377760,0.604,0.658,0.675,0.0,A,0.0428,-10.967,Major,0.242,115.574,0.587
22bE4uQ6baNwSHPVcDxLCe,The Rolling Stones,Europe,5awYzFyHCxgvgtiE1H2WvK,Paint It Black,1971-12,classic rock,0.0,False,202133,0.0469,0.458,0.793,0.00327,C#,0.413,-9.188,Major,0.106,158.691,0.575
22bE4uQ6baNwSHPVcDxLCe,The Rolling Stones,Europe,2KE5Cwqi7obr78iry2jElv,Jumpin' Jack Flash,1971-12,classic rock,0.0,False,222293,0.0421,0.572,0.912,0.18,D#,0.0742,-8.099,Major,0.0562,137.323,0.637
22bE4uQ6baNwSHPVcDxLCe,The Rolling Stones,Europe,1RvuWdj9YsXn4cMMLXr85Z,(I Can't Get No) Satisfaction - Mono Version / Remastered 2002,1971-12,classic rock,0.0,False,222800,0.000324,0.723,0.841,0.174,A,0.102,-8.649,Major,0.0481,135.595,0.854
22bE4uQ6baNwSHPVcDxLCe,The Rolling Stones,Europe,26Hu22OnPChPeK3II0J1Tt,Under My Thumb,1971-12,classic rock,0.0,False,222773,0.36,0.727,0.57,0.0585,F#,0.202,-11.438,Minor,0.0358,126.805,0.737
22bE4uQ6baNwSHPVcDxLCe,The Rolling Stones,Europe,2QnpQuh1qFzcn3ajc4OIwv,Let's Spend The Night Together - Stereo Version,1971-12,classic rock,0.0,False,215800,0.68,0.563,0.796,0.0,G,0.25,-7.731,Major,0.0547,140.85,0.553
22bE4uQ6baNwSHPVcDxLCe,The Rolling Stones,Europe,1Rkx7ve9RqSuQ877R3X2HO,Gimme Shelter,1969-12,classic rock,3.0,False,270760,0.464,0.633,0.649,0.0363,C#,0.17,-8.272,Minor,0.0311,118.629,0.457
1dfeR4HaWDbWqFHLkxsg1d,Queen,Europe,4FYeIka527pqJV5Jm5EXai,Under Pressure,1991-10,classic rock,1.0,False,236760,0.404,0.67,0.535,0.0,D,0.0858,-12.657,Major,0.0523,113.481,0.429
1dfeR4HaWDbWqFHLkxsg1d,Queen,Europe,5txoZyuAmtCfmDjUCEphWm,Somebody To Love - 2011 Mix,2018-10,classic rock,69.0,False,295733,0.164,0.466,0.698,0.0,G#,0.127,-6.967,Major,0.0629,109.772,0.349
568ZhdwyaiCyOGJRtNYhWf,Deep Purple,Europe,0Kk9ucpKYg4LR8bZ3Ym5Aj,Fireball,2011-09,hard rock,0.0,False,202040,0.00166,0.561,0.953,3.64e-06,F#,0.239,-8.927,Minor,0.0674,121.741,0.805
568ZhdwyaiCyOGJRtNYhWf,Deep Purple,Europe,5yPctjzVZhi0UZppV0Vwbk,Stormbringer - 2009 remix,1980-01,hard rock,22.0,False,246720,0.0161,0.32,0.908,4.16e-06,B,0.106,-7.645,Minor,0.0859,177.773,0.624
568ZhdwyaiCyOGJRtNYhWf,Deep Purple,Europe,1wp0NDVViJ1DCoYct05RLh,Burn - 2004 Remix,1980-01,hard rock,18.0,False,362840,0.0142,0.194,0.932,0.0281,C,0.403,-6.72,Major,0.0506,195.651,0.579
1dfeR4HaWDbWqFHLkxsg1d,Queen,Europe,2Cc4xF0pwkk3G3VE1YofUu,Death On Two Legs (Dedicated To...) - Remastered 2011,1975-11,classic rock,12.0,False,223920,0.362,0.373,0.691,4.03e-05,D,0.133,-6.219,Major,0.0554,124.767,0.499
1dfeR4HaWDbWqFHLkxsg1d,Queen,Europe,7Dk2q3NMtkiHNAA4DuHIGF,Stone Cold Crazy - Remastered 2011,1974-11,classic rock,12.0,False,133813,0.0235,0.429,0.922,0.00138,G,0.0954,-6.649,Major,0.0924,120.361,0.439
36QJpDe2go2KgaRleHCDTp,Led Zeppelin,Europe,1UJVIPoofun8KvEAqfq8jw,Trampled Under Foot - 2007 Remastered Version,2007-01,classic rock,0.0,False,335360,0.156,0.547,0.855,0.222,G,0.0822,-8.027,Minor,0.0549,111.25,0.807
51Blml2LZPmy7TTiAg47vQ,U2,Europe,7sqmftRrVqI254PcTDf0Rg,All I Want Is You,1990-01,rock,0.0,False,390560,0.1009999999999999,0.233,0.556,0.0332,C#,0.0709,-7.292999999999997,Major,0.0309,185.677,0.423
568ZhdwyaiCyOGJRtNYhWf,Deep Purple,Europe,6ufJRpHSRD91pER6B1nOmg,"Listen, Learn, Read On",1968-10,hard rock,17.0,False,245133,0.055,0.349,0.6759999999999999,0.3779999999999999,A,0.0762,-10.209,Major,0.0355,172.69099999999997,0.912
568ZhdwyaiCyOGJRtNYhWf,Deep Purple,Europe,56kh8jUCz2pVZl58tlZU8M,Wring That Neck,1968-10,hard rock,20.0,False,313667,0.1169999999999999,0.352,0.7240000000000001,0.8440000000000001,D,0.422,-9.549,Minor,0.0622,142.952,0.545
568ZhdwyaiCyOGJRtNYhWf,Deep Purple,Europe,7ci6e8yVbPSBruyBJFA41s,Kentucky Woman,1968-10,hard rock,15.0,False,284533,0.0329,0.3389999999999999,0.395,0.0029,C,0.25,-10.561,Major,0.0346,170.77599999999995,0.275
568ZhdwyaiCyOGJRtNYhWf,Deep Purple,Europe,54XbL5ONdel73CPQ6Kpllr,Exposition / We Can Work It Out,1968-10,hard rock,15.0,False,427493,0.0772,0.355,0.508,0.00173,E,0.153,-11.969,Minor,0.0582,98.67,0.332
568ZhdwyaiCyOGJRtNYhWf,Deep Purple,Europe,4WJviPo4RIbJs8TIBHJH3P,Shield,1968-10,hard rock,17.0,False,366333,0.541,0.655,0.623,0.1009999999999999,B,0.315,-10.518,Minor,0.0464,122.703,0.7509999999999999
568ZhdwyaiCyOGJRtNYhWf,Deep Purple,Europe,5pNfCUg5umxq52UTEro5UG,Anthem,1968-10,hard rock,22.0,False,391867,0.479,0.344,0.351,0.00128,A,0.1119999999999999,-12.784,Minor,0.0329,87.74799999999998,0.381
568ZhdwyaiCyOGJRtNYhWf,Deep Purple,Europe,22V1UP1v9ndhQQS8s50pip,"River Deep, Mountain High",1968-10,hard rock,16.0,False,612800,0.312,0.206,0.386,0.00644,A,0.288,-14.584,Major,0.0404,81.507,0.184
568ZhdwyaiCyOGJRtNYhWf,Deep Purple,Europe,6ce98V4hoSb89nr5OYN0vs,Oh No No No (Bonus Track) - Studio Out Take,1968-10,hard rock,11.0,False,265267,0.225,0.421,0.5870000000000001,0.555,D,0.145,-8.879,Major,0.0388,95.246,0.488
568ZhdwyaiCyOGJRtNYhWf,Deep Purple,Europe,2BbAEA0tCVOEJCc55rWOJr,It's All Over - BBC Top Gear Session,1968-10,hard rock,9.0,False,254173,0.846,0.318,0.6609999999999999,0.0577,A,0.2269999999999999,-7.285,Minor,0.128,121.762,0.428
568ZhdwyaiCyOGJRtNYhWf,Deep Purple,Europe,4FaaYtix2iwdoWNfco5VlP,Hey Bop A Re Bop (Bonus Track) - BBC Top Gear Session,1968-10,hard rock,9.0,False,211760,0.72,0.594,0.967,0.107,A,0.044,-6.9170000000000025,Major,0.248,103.181,0.624
568ZhdwyaiCyOGJRtNYhWf,Deep Purple,Europe,4sHTsCg47i2XI3bp08bIsy,Wring That Neck (Bonus Track) - BBC Top Gear Session,1968-10,hard rock,8.0,False,282467,0.2789999999999999,0.344,0.8140000000000001,0.888,G,0.106,-5.563,Major,0.187,145.539,0.8009999999999999
568ZhdwyaiCyOGJRtNYhWf,Deep Purple,Europe,0TCREel6JfYFl9Za1W4Yct,Playground (Bonus Track) - Remixed Instrumental Studio Out Take,1968-10,hard rock,10.0,False,269507,0.00124,0.618,0.6679999999999999,0.794,C,0.526,-12.119000000000002,Major,0.0281,106.806,0.5920000000000001
4Z8W4fKeB5YxbusRsdQVPb,Radiohead,Europe,4Oi2HhR79S8ub9caJjDjOg,Idioteque - Live,2002-01,art rock,0.0,False,245840,0.172,0.501,0.97,0.0,D#,0.977,-5.797999999999999,Major,0.148,146.173,0.36
1dfeR4HaWDbWqFHLkxsg1d,Queen,Europe,2dbxu65kFYYCh442t3cyKI,We Will Rock You,1999-01,rock,10.0,False,176867,0.0672,0.703,0.833,0.0,E,0.139,-5.185,Minor,0.0801,90.517,0.629
1dfeR4HaWDbWqFHLkxsg1d,Queen,Europe,4M0xRnpmmPWbkCk2NpdHww,Tie Your Mother Down,2011-11,classic rock,2.0,False,275093,0.115,0.249,0.964,0.00341,A,0.693,-4.282,Major,0.0693,140.986,0.184
1dfeR4HaWDbWqFHLkxsg1d,Queen,Europe,7cDiXe7GFNTUO5rEUmr4XF,We Will Rock You,2011-11,classic rock,3.0,False,229400,0.0121,0.288,0.873,0.000362,A,0.406,-6.749,Major,0.075,83.23,0.221
0XNa1vTidXlvJ2gHSsRi4A,Franz Ferdinand,Europe,1O39y8Q6ieIxlMtK7GH8rj,Jacqueline,2004-01,indie rock,0.0,False,229027,0.00011,0.309,0.696,0.00371,C,0.37,-8.565,Minor,0.0581,152.56799999999996,0.358
0XNa1vTidXlvJ2gHSsRi4A,Franz Ferdinand,Europe,7pUqB61Uo7D9qIDTe2s2xr,Tell Her Tonight,2004-01,indie rock,0.0,False,137573,0.0002109999999999,0.534,0.593,0.0,B,0.152,-7.419,Minor,0.039,123.926,0.66
0XNa1vTidXlvJ2gHSsRi4A,Franz Ferdinand,Europe,5BWMtYr3qsILJaxqnhnkbj,The Dark Of The Matinée,2004-01,indie rock,0.0,False,243467,0.00547,0.4539999999999999,0.672,3.21e-06,F#,0.179,-8.596,Minor,0.0292,114.446,0.735
0XNa1vTidXlvJ2gHSsRi4A,Franz Ferdinand,Europe,1P5AFyLcRqE2LUJ2qizfSI,Auf Achse,2004-01,indie rock,0.0,False,259773,0.00512,0.494,0.741,0.0762,D,0.1,-8.325,Minor,0.0277,125.56,0.4029999999999999
0XNa1vTidXlvJ2gHSsRi4A,Franz Ferdinand,Europe,0s0wi2I89hUQTRike1aBbW,Cheating On You,2004-01,indie rock,0.0,False,156733,1.5399999999999998e-05,0.281,0.897,0.147,D,0.18,-7.697,Minor,0.0475,156.063,0.496
0XNa1vTidXlvJ2gHSsRi4A,Franz Ferdinand,Europe,0H9P0dEUCtzAfdW1FUUvvU,This Fire,2004-01,indie rock,0.0,False,254693,0.00255,0.5429999999999999,0.8740000000000001,0.0,G,0.1639999999999999,-9.46,Major,0.0529,138.086,0.6729999999999999
0XNa1vTidXlvJ2gHSsRi4A,Franz Ferdinand,Europe,2K1vO0btANjqH1Vc8KVf43,Darts Of Pleasure,2004-01,indie rock,0.0,False,179667,0.00093,0.408,0.7390000000000001,2.2e-06,E,0.604,-7.65,Minor,0.0422,144.995,0.7979999999999999
0XNa1vTidXlvJ2gHSsRi4A,Franz Ferdinand,Europe,4I8ATtKjqwp7o3O2AzAmKr,Michael,2004-01,indie rock,0.0,False,201307,0.00548,0.428,0.871,0.000299,F#,0.208,-6.662000000000001,Minor,0.0421,158.474,0.78
0XNa1vTidXlvJ2gHSsRi4A,Franz Ferdinand,Europe,7iRCaw8Zb3qP7HYR0nJDK5,Come On Home,2004-01,indie rock,0.0,False,226400,0.000728,0.58,0.871,0.246,A,0.0762,-8.894,Minor,0.0452,116.409,0.508
0XNa1vTidXlvJ2gHSsRi4A,Franz Ferdinand,Europe,4IiZlgVMQMM7yTVsgoF4n5,40',2004-01,indie rock,0.0,False,204267,0.00128,0.573,0.564,0.0863,G,0.127,-9.137,Minor,0.0366,104.013,0.563
0XNa1vTidXlvJ2gHSsRi4A,Franz Ferdinand,Europe,1SXP53Ue7P7ZBiDeRUG9H4,Ulysses,2009-01,indie rock,0.0,False,189640,0.0053,0.701,0.618,0.00027,G,0.142,-5.7360000000000015,Major,0.0759,98.818,0.5429999999999999
0XNa1vTidXlvJ2gHSsRi4A,Franz Ferdinand,Europe,5PaQkqCfW3w6qIONu7Fan1,Turn It On,2009-01,indie rock,0.0,False,140107,0.00464,0.539,0.862,0.0,C#,0.0949,-2.8680000000000003,Major,0.0439,135.138,0.655
0XNa1vTidXlvJ2gHSsRi4A,Franz Ferdinand,Europe,6FflepIrYXqOHv4lV4F7xg,Send Him Away,2009-01,indie rock,0.0,False,179280,0.00373,0.4629999999999999,0.846,0.00295,G,0.0789,-3.136,Minor,0.0545,118.556,0.867
0XNa1vTidXlvJ2gHSsRi4A,Franz Ferdinand,Europe,0TfVbpyYPoVBrnPVV5uawb,Twilight Omens,2009-01,indie rock,0.0,False,148693,0.0194,0.5539999999999999,0.938,0.00321,A,0.0409999999999999,-2.9760000000000004,Minor,0.0315,92.032,0.622
0XNa1vTidXlvJ2gHSsRi4A,Franz Ferdinand,Europe,2LwyJA7bLvglM9XdWeVCEj,Bite Hard,2009-01,indie rock,0.0,False,204520,0.0054,0.3670000000000001,0.737,0.0,C,0.115,-4.9860000000000015,Major,0.083,154.285,0.392
0XNa1vTidXlvJ2gHSsRi4A,Franz Ferdinand,Europe,3uIE49oWm621AkJVXflKqk,What She Came For,2009-01,indie rock,0.0,False,231173,0.00406,0.826,0.494,0.000165,G,0.307,-4.811,Major,0.0457,104.081,0.81
0XNa1vTidXlvJ2gHSsRi4A,Franz Ferdinand,Europe,2Y9E7UwZ28L5VwbSBftOoh,Live Alone,2009-01,indie rock,0.0,False,209040,0.0012,0.643,0.856,0.000567,A,0.145,-5.013,Major,0.0582,127.168,0.797
0XNa1vTidXlvJ2gHSsRi4A,Franz Ferdinand,Europe,6k3QDXAXbLg61abRNkdBF6,Can't Stop Feeling,2009-01,indie rock,0.0,False,181907,0.0815,0.7040000000000001,0.8809999999999999,8.18e-05,A,0.272,-6.343999999999999,Major,0.0397,124.027,0.929
0XNa1vTidXlvJ2gHSsRi4A,Franz Ferdinand,Europe,3diqOlOLGK4QVWEiN8VOaN,Lucid Dreams - New Album Version,2009-01,indie rock,0.0,False,475133,0.000321,0.654,0.778,0.644,B,0.341,-7.508999999999999,Major,0.0421,108.354,0.486
0XNa1vTidXlvJ2gHSsRi4A,Franz Ferdinand,Europe,2uoAg4fezCI41GyvRBSu2Y,Dream Again,2009-01,indie rock,0.0,False,197280,0.0339,0.653,0.461,1.06e-06,C,0.1119999999999999,-10.446,Major,0.0705,84.375,0.204
0XNa1vTidXlvJ2gHSsRi4A,Franz Ferdinand,Europe,3sz0P6mid328D1I1TFqIen,Katherine Kiss Me,2009-01,indie rock,0.0,False,175800,0.929,0.573,0.213,0.00211,G,0.118,-18.411,Major,0.0406,147.601,0.357
0XNa1vTidXlvJ2gHSsRi4A,Franz Ferdinand,Europe,0DMM1OtZtQWClmGp9TIq9f,Do You Want To,2006-03,indie rock,0.0,False,216413,0.063,0.3979999999999999,0.93,0.000185,C,0.415,-3.834,Major,0.0428,123.116,0.772
4Z8W4fKeB5YxbusRsdQVPb,Radiohead,Europe,43GxjTyWkpyZFGfh6d1MPj,Bloom - Jamie xx Rework Part 3,2011-11,art rock,32.0,False,467975,0.0219,0.616,0.779,0.69,A,0.312,-7.362999999999999,Minor,0.0533,126.676,0.1889999999999999
4Z8W4fKeB5YxbusRsdQVPb,Radiohead,Europe,6AmOC6sINpSmWPmQurDgR8,Separator - Anstam RMX II,2011-11,art rock,23.0,False,235364,0.0761,0.561,0.611,0.755,C#,0.377,-8.209,Major,0.135,139.047,0.223
4Z8W4fKeB5YxbusRsdQVPb,Radiohead,Europe,27Ctri8V6RhHUnKHcK3ogb,Morning Mr Magpie - Nathan Fake Harshdub RMX,2011-11,art rock,23.0,False,525389,0.283,0.6859999999999999,0.738,0.0345,G,0.103,-7.512,Minor,0.529,139.925,0.32
36QJpDe2go2KgaRleHCDTp,Led Zeppelin,Europe,5EA85PEatJC4WCAN0c0U5j,Night Flight - 1993 Remaster,1975-02,classic rock,0.0,False,216307,0.142,0.517,0.687,0.0117,D,0.114,-10.115,Major,0.0288,99.937,0.522
36QJpDe2go2KgaRleHCDTp,Led Zeppelin,Europe,2256UUbtBrQJSrbzYpDviT,The Wanton Song - 1990 Remaster,1975-02,classic rock,0.0,False,249800,0.00148,0.513,0.74,0.0729,G,0.0958,-9.29,Minor,0.044,111.097,0.5770000000000001
36QJpDe2go2KgaRleHCDTp,Led Zeppelin,Europe,28PMkoSk7yRzC5u8ujbWmZ,Boogie with Stu - 1993 Remaster,1975-02,classic rock,0.0,False,231400,0.433,0.63,0.863,0.89,E,0.0616,-12.140999999999998,Major,0.0459,132.816,0.975
36QJpDe2go2KgaRleHCDTp,Led Zeppelin,Europe,7kMMTfdIkDJpmrkxBlVwEf,Black Country Woman - 1993 Remaster,1975-02,classic rock,0.0,False,264400,0.586,0.755,0.746,4.07e-05,G,0.359,-12.149,Major,0.0602,127.677,0.614
36QJpDe2go2KgaRleHCDTp,Led Zeppelin,Europe,49u4hT2jJx1l4u5UeUFMZs,Sick Again - 1993 Remaster,1975-02,classic rock,0.0,False,282707,0.297,0.421,0.8740000000000001,0.0623,A,0.319,-9.702,Major,0.038,113.351,0.61
7Ln80lUS6He07XvHI8qqHH,Arctic Monkeys,Europe,0PPhkNuJYyr1zRBtJB5ltT,When The Sun Goes Down,2006-02,indie,0.0,False,202133,0.0341,0.348,0.875,0.0,B,0.1169999999999999,-4.758,Minor,0.1989999999999999,169.15200000000004,0.407
7Ln80lUS6He07XvHI8qqHH,Arctic Monkeys,Europe,0DGle0LBi7CxDZNQRQUtcC,Settle For A Draw,2006-02,indie,0.0,False,200027,0.0004089999999999,0.519,0.8190000000000001,0.0,B,0.345,-6.01,Major,0.0376,135.101,0.706
7Ln80lUS6He07XvHI8qqHH,Arctic Monkeys,Europe,6pEzl8MLVAnpkYAHjr1y8I,Stickin To The Floor,2006-02,indie,0.0,False,80973,0.0109,0.3429999999999999,0.99,3.62e-06,D,0.193,-3.214,Major,0.46,187.894,0.195
7Ln80lUS6He07XvHI8qqHH,Arctic Monkeys,Europe,2NF7bXE9iEZwWPQhJ8RzNP,7,2006-02,indie,0.0,False,128507,0.00171,0.466,0.976,8.37e-06,A,0.0729,-4.104,Minor,0.105,98.377,0.541
7Ln80lUS6He07XvHI8qqHH,Arctic Monkeys,Europe,15QOEjp0BSmUQ17ZdkF4AV,Put Your Dukes Up John,2006-10,indie,0.0,False,183960,0.0326,0.34,0.987,0.0991,F,0.746,-4.119,Major,0.18,168.645,0.368
0blbVefuxOGltDBa00dspv,LiSA,Japan,2spKNLGFUsscxyHaNS932n,シルシ,2014-12,anime,0.0,False,287053,0.494,0.5579999999999999,0.774,0.0,G#,0.0947,-3.853,Major,0.0571,145.94799999999995,0.515
0blbVefuxOGltDBa00dspv,LiSA,Japan,4IF19RPZC1mORVnnCJeUc0,No More Time Machine,2014-12,anime,0.0,False,290453,0.103,0.607,0.951,0.0,F,0.349,-3.451,Major,0.0585,136.94299999999998,0.7659999999999999
0blbVefuxOGltDBa00dspv,LiSA,Japan,4P72GmIjFjP90tIKhHeLQz,crossing field -English ver.-,2014-12,anime,0.0,False,248600,0.0765,0.412,0.97,0.0,F,0.341,-2.443,Major,0.285,179.104,0.445
0blbVefuxOGltDBa00dspv,LiSA,Japan,2coKu2z3F2nWNryReqYUhr,crossing field,2012-08,anime,0.0,False,250973,0.0321,0.446,0.978,0.0,F,0.306,-2.424,Major,0.242,179.225,0.366
0blbVefuxOGltDBa00dspv,LiSA,Japan,6beilLnksSwIWk2QE2Bksp,いつかの手紙,2012-08,anime,0.0,False,340467,0.111,0.3879999999999999,0.867,0.0,G,0.3289999999999999,-3.133,Major,0.0569,162.013,0.314
0blbVefuxOGltDBa00dspv,LiSA,Japan,7oPUi1vS4iBeGQm6lBTCYU,KiSS me PARADOX,2012-08,anime,0.0,False,254440,0.218,0.532,0.976,7.47e-05,A,0.213,-2.015,Minor,0.13,149.876,0.617
0blbVefuxOGltDBa00dspv,LiSA,Japan,08v0giiwPpbi8NpidZrktk,crossing field -Instrumental-,2012-08,anime,0.0,False,249320,0.0001909999999999,0.401,0.969,0.794,F,0.295,-5.11,Major,0.0862,179.049,0.45
0blbVefuxOGltDBa00dspv,LiSA,Japan,6JchgJCGOxhEeeAFmlVHqQ,ID,2015-12,anime,0.0,False,237660,0.000423,0.544,0.974,0.0,A#,0.0612,-4.0710000000000015,Minor,0.255,97.572,0.308
0blbVefuxOGltDBa00dspv,LiSA,Japan,2Dtc5JnkEsSoxn5N1vwf0J,ギフトギフト,2015-12,anime,0.0,False,296521,0.4039999999999999,0.508,0.455,0.0,E,0.143,-7.273,Major,0.027,173.877,0.2739999999999999
0blbVefuxOGltDBa00dspv,LiSA,Japan,6TJb5J2bj7g5pLBG3vLN1u,ギフトギフト -クリスマス ver.- - Christmas Version,2015-12,anime,0.0,False,305730,0.884,0.608,0.261,0.0,B,0.0877,-8.902999999999997,Major,0.0251,86.86399999999998,0.2269999999999999
0blbVefuxOGltDBa00dspv,LiSA,Japan,39M2Zke0Gn5TCW7DTPu42I,ID -Instrumental-,2015-12,anime,0.0,False,237662,1.3699999999999998e-05,0.48,0.98,0.8740000000000001,G#,0.139,-6.77,Major,0.076,97.443,0.4270000000000001
0blbVefuxOGltDBa00dspv,LiSA,Japan,2aVLDEfySylTeIaPSJedKK,Rally Go Round,2015-05,anime,0.0,False,277760,0.0185,0.446,0.996,1.62e-06,C,0.331,-2.022,Major,0.281,189.968,0.377
0blbVefuxOGltDBa00dspv,LiSA,Japan,6s3J9v0rsGX0jpOl9e2YCJ,オレンジサイダー,2015-05,anime,0.0,False,269507,0.0249,0.525,0.97,0.0,C#,0.0817,-3.379,Major,0.126,140.109,0.457
0blbVefuxOGltDBa00dspv,LiSA,Japan,4iERSEgOj89iuiZ9LKLMh7,Wake up! Sloth,2015-05,anime,0.0,False,225147,0.0199,0.495,0.977,2.87e-06,F#,0.335,-3.195,Major,0.249,180.12,0.807
0blbVefuxOGltDBa00dspv,LiSA,Japan,4y0f6XDfgditVThBnc0iRr,Rally Go Round -Instrumental-,2015-05,anime,0.0,False,276107,1.4499999999999992e-05,0.445,0.994,0.847,F,0.342,-4.665,Major,0.138,95.015,0.315
0blbVefuxOGltDBa00dspv,LiSA,Japan,4MJhKyto06bTkVFkbGIdDj,LiTTLE DEViL PARADE,2017-01,anime,0.0,False,280640,0.024,0.244,0.991,0.000607,F,0.123,-2.926,Major,0.4539999999999999,168.91,0.0474
0blbVefuxOGltDBa00dspv,LiSA,Japan,5oAYo6uNtcqYAYwFO2pA6y,Empty MERMAiD,2017-01,anime,0.0,False,220573,0.000562,0.528,0.99,0.0,A#,0.373,-2.424,Minor,0.0997,95.004,0.27
0blbVefuxOGltDBa00dspv,LiSA,Japan,08cBvcw3uMX7Vy3dp2MN70,Brave Freak Out,2017-01,anime,0.0,False,255760,0.0122,0.5589999999999999,0.991,0.0,G,0.332,-2.244,Major,0.248,100.164,0.31
0MK8l3nURwwQIjafvXoJJt,ASIAN KUNG-FU GENERATION,Japan,1tDTp4PGtRynfkdQQvuu37,サイエンスフィクション,2008-06,j-rock,0.0,False,172400,6.709999999999999e-05,0.175,0.934,0.0,A,0.0875,-3.208,Major,0.0633,94.445,0.422
0MK8l3nURwwQIjafvXoJJt,ASIAN KUNG-FU GENERATION,Japan,1yN4L0PlEjhldhDXP2CEId,ムスタング,2008-06,j-rock,0.0,False,290960,0.000429,0.565,0.931,0.0102,A,0.103,-3.63,Major,0.0409999999999999,125.308,0.291
0MK8l3nURwwQIjafvXoJJt,ASIAN KUNG-FU GENERATION,Japan,3c1karKODGQuDpOCNTicxP,融雪,2008-06,j-rock,0.0,False,207800,1.24e-05,0.3429999999999999,0.913,0.511,C,0.4370000000000001,-3.022,Major,0.043,175.465,0.6709999999999999
0MK8l3nURwwQIjafvXoJJt,ASIAN KUNG-FU GENERATION,Japan,3z5OkYvcCf7cpIa4lNRdZz,未だ見ぬ明日に,2008-06,j-rock,0.0,False,241200,0.000123,0.462,0.959,0.00249,F#,0.162,-2.977,Major,0.0515,156.994,0.5760000000000001
0XNa1vTidXlvJ2gHSsRi4A,Franz Ferdinand,Europe,2LAfKLDOAHk4OXnz3Dn5tb,The Fallen,2005-10,indie rock,0.0,False,222400,0.00745,0.501,0.98,0.0004219999999999,C,0.0726,-2.353,Major,0.0993,113.143,0.472
0XNa1vTidXlvJ2gHSsRi4A,Franz Ferdinand,Europe,7qW6RP0eb2Rrg5c8brlYBW,This Boy,2005-10,indie rock,0.0,False,141867,0.175,0.461,0.953,0.00297,G,0.1009999999999999,-2.087,Major,0.079,156.866,0.879
0XNa1vTidXlvJ2gHSsRi4A,Franz Ferdinand,Europe,5nxNqPGJJD1hwh2v2WZhje,Walk Away,2005-10,indie rock,0.0,False,216333,0.122,0.585,0.8340000000000001,2.75e-06,D,0.374,-4.4110000000000005,Major,0.0336,124.117,0.512
0XNa1vTidXlvJ2gHSsRi4A,Franz Ferdinand,Europe,0PCqE70yiMcEw7OxyBem2B,Evil And A Heathen,2005-10,indie rock,0.0,False,125667,0.00217,0.265,0.958,0.452,F#,0.151,-4.137,Minor,0.312,197.153,0.201
0XNa1vTidXlvJ2gHSsRi4A,Franz Ferdinand,Europe,3zGpo56ES0EC6g786escu7,You're The Reason I'm Leaving,2005-10,indie rock,0.0,False,167133,0.0078099999999999,0.496,0.932,0.0004,D,0.292,-3.333,Major,0.042,159.07399999999996,0.893
0XNa1vTidXlvJ2gHSsRi4A,Franz Ferdinand,Europe,1cC3uP4HyA6LgnHdmTz1Hr,Eleanor Put Your Boots On,2005-10,indie rock,0.0,False,169933,0.597,0.428,0.501,0.000231,G,0.0993,-6.364,Major,0.0372,76.953,0.146
0XNa1vTidXlvJ2gHSsRi4A,Franz Ferdinand,Europe,0lulbvjqLsgXwbIHRCKtpH,Well That Was Easy,2005-10,indie rock,0.0,False,182493,0.00213,0.286,0.947,0.00265,B,0.128,-2.995,Minor,0.0795,107.313,0.675
0XNa1vTidXlvJ2gHSsRi4A,Franz Ferdinand,Europe,7rxhJiBFxKyQmKTK0ESgZ5,What You Meant,2005-10,indie rock,0.0,False,204707,0.00135,0.496,0.93,0.0529,G,0.308,-4.22,Major,0.0466,111.855,0.595
0XNa1vTidXlvJ2gHSsRi4A,Franz Ferdinand,Europe,5151KQV35u5wPoxKmGr0GE,I'm Your Villian,2005-10,indie rock,0.0,False,243693,0.00573,0.3779999999999999,0.954,0.0263,D,0.115,-3.177,Major,0.106,118.399,0.636
0XNa1vTidXlvJ2gHSsRi4A,Franz Ferdinand,Europe,1MfVgsIwbh9O9bImgro22K,You Could Have It So Much Better,2005-10,indie rock,0.0,False,161507,0.0168,0.369,0.964,1.72e-06,E,0.33,-4.29,Minor,0.122,160.87,0.517
0XNa1vTidXlvJ2gHSsRi4A,Franz Ferdinand,Europe,3iae2RXq0yQZ2Q80CvVB3H,Fade Together,2005-10,indie rock,0.0,False,183360,0.8390000000000001,0.628,0.433,0.0075099999999999,D,0.104,-10.325,Minor,0.0385,116.002,0.143
0XNa1vTidXlvJ2gHSsRi4A,Franz Ferdinand,Europe,51BWEWSAesKDj8RUyHTu6Q,Outsiders,2005-10,indie rock,0.0,False,242707,0.00488,0.637,0.984,0.0532,G,0.436,-3.196,Major,0.0374,115.147,0.923
12Chz98pHFMPJEknJQMWvI,Muse,Europe,7LldexmR174PEfnFrMgr24,Forced In,2002-01,alternative rock,30.0,False,257760,0.00747,0.349,0.836,0.133,G,0.0503,-8.759,Major,0.0649,147.907,0.0921
12Chz98pHFMPJEknJQMWvI,Muse,Europe,4nDEirAHqPKVfakSlvJOCn,Shrinking Universe,2002-01,alternative rock,39.0,False,187066,0.00739,0.221,0.809,3.4200000000000005e-05,A,0.304,-5.2810000000000015,Minor,0.0538,122.482,0.236
12Chz98pHFMPJEknJQMWvI,Muse,Europe,4fv1bVofsMcwqGZpMT6eSv,Recess,2002-01,alternative rock,34.0,False,215173,0.0175,0.455,0.602,0.0213,A,0.2689999999999999,-6.598,Major,0.0348,140.01,0.44
12Chz98pHFMPJEknJQMWvI,Muse,Europe,60BmLiP4Q7iqhzNq3OfehR,Yes Please,2002-01,alternative rock,34.0,False,185933,1.85e-05,0.0839,0.8859999999999999,0.885,C,0.108,-5.124,Major,0.0574,170.11,0.392
12Chz98pHFMPJEknJQMWvI,Muse,Europe,4OJjI21Yz37nchrNl71kn5,Map of Your Head,2002-01,alternative rock,36.0,False,263600,0.256,0.586,0.5710000000000001,0.0002109999999999,A,0.0283,-10.111,Major,0.0532,150.511,0.344
12Chz98pHFMPJEknJQMWvI,Muse,Europe,71RxXSxf7WKtBuDuDMspx1,Nature_1,2002-01,alternative rock,32.0,False,219360,0.00955,0.52,0.8029999999999999,7.08e-05,D,0.297,-7.329,Major,0.0437,140.05200000000002,0.498
12Chz98pHFMPJEknJQMWvI,Muse,Europe,6QuLPjMNgcaTTQ6nx9HHzO,Shine - Acoustic,2002-01,alternative rock,34.0,False,311973,0.122,0.145,0.542,0.042,C,0.235,-11.2,Major,0.0421,79.059,0.0562
12Chz98pHFMPJEknJQMWvI,Muse,Europe,3fJ2gS2uZiUx6cuNXktj1Y,Ashamed,2002-01,alternative rock,31.0,False,227533,0.000795,0.255,0.928,0.698,C#,0.366,-5.018,Minor,0.144,120.837,0.252
12Chz98pHFMPJEknJQMWvI,Muse,Europe,2b7lgdr7kkAnsyAJ1Tdp2V,The Gallery,2002-01,alternative rock,31.0,False,210266,0.426,0.5870000000000001,0.8370000000000001,0.968,F,0.2789999999999999,-8.769,Major,0.0381,92.998,0.5479999999999999
12Chz98pHFMPJEknJQMWvI,Muse,Europe,45VjXNcZsV6Kh28MIracsd,Hyper Chondriac Music,2002-01,alternative rock,36.0,False,329866,0.0142,0.312,0.48,0.424,D,0.188,-8.744,Minor,0.0363,135.84,0.122
12Chz98pHFMPJEknJQMWvI,Muse,Europe,43BDk6r9OgpOlfKlYQda1U,Dead Star - Live from Le Zenith,2002-01,alternative rock,29.0,False,363426,6.99e-05,0.156,0.918,0.3879999999999999,F#,0.8290000000000001,-7.599,Minor,0.141,82.917,0.0782
12Chz98pHFMPJEknJQMWvI,Muse,Europe,67ka5TtLS9friqV4s9eOhP,Micro Cuts - Live from Le Zenith,2002-01,alternative rock,29.0,False,210773,6.34e-05,0.278,0.882,0.911,D,0.949,-7.7189999999999985,Major,0.0626,87.336,0.3379999999999999
12Chz98pHFMPJEknJQMWvI,Muse,Europe,3hZY23TQ7UlqvYLKEsCVWy,Citizen Erased - Live from Le Zenith,2002-01,alternative rock,31.0,False,441266,0.000135,0.21,0.872,0.604,A,0.95,-6.827000000000001,Minor,0.0384,95.03,0.12
12Chz98pHFMPJEknJQMWvI,Muse,Europe,2IcN1IspMGDKTOeI0vbVGJ,Showbiz - Live from Le Zenith,2002-01,alternative rock,30.0,False,304293,3.37e-05,0.207,0.943,0.407,B,0.972,-6.4510000000000005,Minor,0.11,132.506,0.0907
12Chz98pHFMPJEknJQMWvI,Muse,Europe,0IjqYPwQ8iiZLVw1vKIgWT,Megalomania - Live from Le Zenith,2002-01,alternative rock,27.0,False,276666,0.00471,0.314,0.475,0.799,E,0.8190000000000001,-9.897,Major,0.0317,73.827,0.145
12Chz98pHFMPJEknJQMWvI,Muse,Europe,1Qg7wcwPO6P0HWvZXbWliI,Darkshines - Live from Le Zenith,2002-01,alternative rock,27.0,False,277306,3.01e-05,0.319,0.884,0.61,D,0.958,-6.968999999999999,Major,0.0592,116.075,0.42
12Chz98pHFMPJEknJQMWvI,Muse,Europe,6QugaVVw7GJtLLxe6Y7Qel,Screenager - Live from Le Zenith,2002-01,alternative rock,25.0,False,262133,0.217,0.302,0.513,0.206,G,0.956,-11.782,Major,0.0311,81.449,0.0785
12Chz98pHFMPJEknJQMWvI,Muse,Europe,22qdj5G9Os5bfF0ftn3WjO,Space Dementia - Live from Le Zenith,2002-01,alternative rock,28.0,False,332800,6.82e-05,0.217,0.873,0.48,C,0.975,-6.261,Major,0.0522,96.393,0.168
12Chz98pHFMPJEknJQMWvI,Muse,Europe,1f1baOtPMLmk2wuopAvghz,In Your World - Live from Le Zenith,2002-01,alternative rock,27.0,False,191066,3.24e-05,0.335,0.981,0.946,A,0.927,-5.415,Minor,0.119,126.526,0.119
12Chz98pHFMPJEknJQMWvI,Muse,Europe,4BIYPh2NEIYtJ2NVEw5Voe,Muscle Museum - Live from Le Zenith,2002-01,alternative rock,30.0,False,268933,9.82e-05,0.352,0.7190000000000001,0.211,F#,0.412,-6.527,Minor,0.0364,83.669,0.315
12Chz98pHFMPJEknJQMWvI,Muse,Europe,7bWgHgyYWF8LXbhCvEvXK3,Agitated - Live from Le Zenith,2002-01,alternative rock,25.0,False,251200,1.65e-05,0.188,0.974,0.8590000000000001,D,0.784,-4.996,Major,0.0984,85.637,0.066
1dfeR4HaWDbWqFHLkxsg1d,Queen,Europe,4SLF9XoKaFRHyJmBJm7RMi,We Will Rock You - Radio Edit,2003-06,rock,40.0,False,188592,0.0179,0.552,0.857,0.0,E,0.211,-6.108,Minor,0.201,179.90900000000005,0.414
1dfeR4HaWDbWqFHLkxsg1d,Queen,Europe,7pf4fveVxB7uQQhP9sYOSO,Greatest Hits Megamix - Jewels & Stone Remix,2003-06,rock,42.0,False,658100,0.0366,0.4970000000000001,0.883,0.0,G,0.937,-5.819,Major,0.069,101.992,0.61
568ZhdwyaiCyOGJRtNYhWf,Deep Purple,Europe,6e19mnU24ZdPVt8Zbc0aSj,Comin' Home,1975-01,hard rock,20.0,False,234289,0.00234,0.471,0.912,0.000246,A,0.609,-13.163,Major,0.0765,91.226,0.402
568ZhdwyaiCyOGJRtNYhWf,Deep Purple,Europe,109MHEvfop19Q2rLt7RaIk,Lady Luck,1975-01,hard rock,18.0,False,167555,0.00407,0.534,0.693,0.0001189999999999,A,0.358,-12.985,Major,0.0511,104.24,0.586
568ZhdwyaiCyOGJRtNYhWf,Deep Purple,Europe,713iD1sm9aOP4lQLl3qvQp,Dealer,1975-01,hard rock,19.0,False,229878,8.66e-05,0.4529999999999999,0.8220000000000001,0.0154,A,0.316,-13.255,Major,0.0463,88.83200000000002,0.53
568ZhdwyaiCyOGJRtNYhWf,Deep Purple,Europe,7DZjIy7xudi99F0PhTH8yF,I Need Love,1975-01,hard rock,17.0,False,261503,0.00183,0.627,0.5670000000000001,0.0477,B,0.11,-14.449000000000002,Minor,0.0358,98.452,0.645
568ZhdwyaiCyOGJRtNYhWf,Deep Purple,Europe,5j3FGADKotFY9uAsQRNmkf,The Drifter,1975-01,hard rock,16.0,False,241673,0.00121,0.3339999999999999,0.634,0.293,D,0.0936,-14.363,Major,0.0557,143.967,0.638
568ZhdwyaiCyOGJRtNYhWf,Deep Purple,Europe,26IlRfqrQPxKaWQRie6WSM,Love Child,1975-01,hard rock,17.0,False,187757,0.00255,0.5,0.53,0.254,A,0.358,-15.973,Minor,0.04,82.75,0.662
568ZhdwyaiCyOGJRtNYhWf,Deep Purple,Europe,6VSLVbu7N5W0XwG4yLUMUX,This Time Around / Owed to 'G' - Instrumental,1975-01,hard rock,16.0,False,368826,0.0611,0.38,0.327,0.346,E,0.1159999999999999,-15.758,Minor,0.0399,121.039,0.3329999999999999
568ZhdwyaiCyOGJRtNYhWf,Deep Purple,Europe,6MR80JMJLba1AlcXxJQifA,You Keep on Moving,1975-01,hard rock,26.0,False,318531,0.00389,0.292,0.428,0.0077,E,0.2689999999999999,-17.12,Minor,0.0442,87.04799999999999,0.285
51Blml2LZPmy7TTiAg47vQ,U2,Europe,4Ll6Id5Raq7HqJGYzgvADx,Jesus Christ,1988-08,rock,18.0,False,191840,0.568,0.417,0.75,1.44e-06,A,0.0583,-9.41,Major,0.0596,132.118,0.429
12Chz98pHFMPJEknJQMWvI,Muse,Europe,11wWjaVoLXu0pi72eoR82R,Follow Me - Jacques Lu Cont's Thin White Duke Mix,2012-12,alternative rock,22.0,False,354545,5.550000000000003e-05,0.513,0.923,0.419,G#,0.0816,-5.198,Major,0.0374,132.004,0.526
12Chz98pHFMPJEknJQMWvI,Muse,Europe,4jrCMOG9OPe6iF4vWFxatb,Take a Bow,2006-06,alternative rock,52.0,False,275493,0.162,0.242,0.708,0.000593,G#,0.7070000000000001,-5.641,Major,0.0525,130.21,0.176
12Chz98pHFMPJEknJQMWvI,Muse,Europe,6jH5aCuXgtygWpx7BF54at,Soldier's Poem,2006-06,alternative rock,49.0,False,124706,0.875,0.534,0.408,0.00186,D,0.364,-12.67,Major,0.0317,104.212,0.475
12Chz98pHFMPJEknJQMWvI,Muse,Europe,2zmR3FG7iOGDAdwrVPzdg9,Invincible,2006-06,alternative rock,52.0,False,301386,0.0159,0.226,0.8079999999999999,0.0287,C,0.184,-5.608,Major,0.0433,92.591,0.19
12Chz98pHFMPJEknJQMWvI,Muse,Europe,20vZII9Yu52czI9Fk4p39r,Exo-Politics,2006-06,alternative rock,53.0,False,233266,0.000454,0.599,0.926,2.68e-05,C,0.0866,-4.064,Major,0.0676,123.02,0.606
12Chz98pHFMPJEknJQMWvI,Muse,Europe,3Sno9FE8r2uz8QP0MtnTPL,City of Delusion,2006-06,alternative rock,52.0,False,288266,0.00268,0.285,0.915,0.0279,D,0.1369999999999999,-5.158,Minor,0.0741,119.817,0.309
12Chz98pHFMPJEknJQMWvI,Muse,Europe,0EkE0ripJ9OFNzvZANzo5C,Hoodoo,2006-06,alternative rock,48.0,False,223426,0.5429999999999999,0.254,0.216,0.325,C,0.111,-9.713,Minor,0.0339,136.851,0.12
12Chz98pHFMPJEknJQMWvI,Muse,Europe,6IfitwQQ1Gu9g9QnLWDHRY,Glorious,2006-06,alternative rock,49.0,False,281027,0.0151,0.4,0.979,0.0164,B,0.342,-5.052,Major,0.0968,100.937,0.0791
0blbVefuxOGltDBa00dspv,LiSA,Japan,6AJeXxLpY9vXLZ51bJmEz5,BRiGHT FLiGHT,2014-09,anime,0.0,False,275920,0.0292,0.569,0.993,0.0,E,0.2319999999999999,-3.636,Major,0.113,148.075,0.358
0blbVefuxOGltDBa00dspv,LiSA,Japan,7m1DdFFrsMkTOeW1yXm3M6,L.Miranic,2014-09,anime,0.0,False,248640,0.0231,0.608,0.943,0.0,B,0.344,-3.572,Major,0.11,95.978,0.557
0blbVefuxOGltDBa00dspv,LiSA,Japan,13bZlFTSCmGqe6zXqYwjwi,東京ラヴソング,2014-09,anime,0.0,False,276640,0.268,0.653,0.441,1.24e-06,D,0.266,-6.789,Major,0.0358,128.058,0.6609999999999999
0blbVefuxOGltDBa00dspv,LiSA,Japan,64ZRK1spcCa0698wyh6XrL,コズミックジェットコースター,2013-10,anime,0.0,False,265040,0.00456,0.604,0.96,2.62e-05,G#,0.305,-1.556,Major,0.154,130.888,0.7340000000000001
0blbVefuxOGltDBa00dspv,LiSA,Japan,7sCxuZFRdBso5OKG0QAgGr,"best day, best way",2013-10,anime,0.0,False,283440,0.0943,0.476,0.98,0.0,G#,0.362,-1.051,Major,0.223,180.074,0.7240000000000001
0blbVefuxOGltDBa00dspv,LiSA,Japan,18NHYTjXFtj8aYR5LYbHyB,traumerei,2013-10,anime,0.0,False,255373,0.0209,0.514,0.982,0.0,G#,0.158,-2.785,Major,0.23,94.996,0.289
0blbVefuxOGltDBa00dspv,LiSA,Japan,3yAFEl3Hdwasu17e294ZlL,BRiGHT FLiGHT,2015-03,anime,0.0,False,277413,0.0604,0.564,0.992,0.0,E,0.216,-3.174,Major,0.1159999999999999,148.065,0.3939999999999999
0blbVefuxOGltDBa00dspv,LiSA,Japan,2AJoJmu3B9RztJ8d6KtNak,L.Miranic,2015-03,anime,0.0,False,244547,0.0171,0.433,0.942,0.0,B,0.4029999999999999,-3.617,Major,0.237,191.713,0.552
0XNa1vTidXlvJ2gHSsRi4A,Franz Ferdinand,Europe,6hADH7b57N5666cGv624vg,Right Action,2013-08,indie rock,40.0,False,182280,0.0548,0.561,0.942,0.00234,G,0.373,-2.951,Major,0.0662,119.696,0.482
0XNa1vTidXlvJ2gHSsRi4A,Franz Ferdinand,Europe,6NlE71TbUglmKQVLhE1H8R,Evil Eye,2013-08,indie rock,51.0,True,167253,0.0148,0.7020000000000001,0.815,3.85e-05,B,0.0486,-3.289,Minor,0.0296,110.968,0.8190000000000001
0XNa1vTidXlvJ2gHSsRi4A,Franz Ferdinand,Europe,7mexukWpLrCVwAztkM8kQl,Stand On the Horizon,2013-08,indie rock,42.0,False,263120,0.0996,0.66,0.8270000000000001,0.0,E,0.115,-4.015,Minor,0.0441,123.364,0.5760000000000001
0XNa1vTidXlvJ2gHSsRi4A,Franz Ferdinand,Europe,56oqz7vyezleFI1jymwtrQ,Fresh Strawberries,2013-08,indie rock,35.0,False,201480,0.144,0.481,0.753,6.35e-06,G#,0.3,-4.096,Minor,0.0378,139.023,0.4
0XNa1vTidXlvJ2gHSsRi4A,Franz Ferdinand,Europe,5X9DtVEeUWpfPgSwhbyxXk,Bullet,2013-08,indie rock,41.0,False,163400,0.00077,0.386,0.954,0.0,C,0.1639999999999999,-2.8760000000000003,Major,0.0644,164.75,0.779
0XNa1vTidXlvJ2gHSsRi4A,Franz Ferdinand,Europe,3AU1DGWs9vx8eXljLqXC3f,Treason! Animals.,2013-08,indie rock,27.0,False,247453,0.0297,0.488,0.979,0.0853,F#,0.118,-2.516,Minor,0.0552,147.993,0.741
0XNa1vTidXlvJ2gHSsRi4A,Franz Ferdinand,Europe,3WEnGgWbRQK7hmrSvnB3ld,The Universe Expanded,2013-08,indie rock,25.0,False,274827,0.0345,0.5329999999999999,0.637,0.000637,C,0.0632,-5.843,Minor,0.0431,147.18200000000004,0.226
0XNa1vTidXlvJ2gHSsRi4A,Franz Ferdinand,Europe,5ysoOv0fioDRL3LOglSnUO,Brief Encounters,2013-08,indie rock,26.0,False,189240,0.2769999999999999,0.603,0.7809999999999999,0.0,G,0.0515,-4.3,Major,0.0291,82.00200000000002,0.574
0XNa1vTidXlvJ2gHSsRi4A,Franz Ferdinand,Europe,7fq0d4gJ0MizFcdK7zhddn,Goodbye Lovers and Friends,2013-08,indie rock,27.0,False,195707,0.231,0.5720000000000001,0.82,0.0,A,0.084,-4.502,Minor,0.0471,93.03,0.38
0XNa1vTidXlvJ2gHSsRi4A,Franz Ferdinand,Europe,2DJ1dm5l0UKLA1sRCaowXF,Bullet - Live,2013-08,indie rock,19.0,False,160493,0.0007769999999999,0.286,0.967,0.00479,C,0.241,-3.304,Major,0.0873,166.81900000000005,0.589
0XNa1vTidXlvJ2gHSsRi4A,Franz Ferdinand,Europe,7F0EMzSaBxkvSOng4pEq84,No You Girls - Live,2013-08,indie rock,19.0,False,201053,0.139,0.466,0.877,0.000112,D,0.166,-3.929,Minor,0.0461,105.261,0.8240000000000001
0XNa1vTidXlvJ2gHSsRi4A,Franz Ferdinand,Europe,23LjLZOz33Us4fiY977YjO,Evil Eye - Live,2013-08,indie rock,18.0,False,175653,0.174,0.605,0.767,1.7e-06,B,0.3,-4.11,Minor,0.031,114.64,0.8490000000000001
0XNa1vTidXlvJ2gHSsRi4A,Franz Ferdinand,Europe,2pFHjWJFgZRwzYbnh1hieI,Fresh Strawberries - Live,2013-08,indie rock,17.0,False,195000,0.0835,0.381,0.931,0.0061,C#,0.1169999999999999,-4.18,Minor,0.0579999999999999,149.441,0.525
0XNa1vTidXlvJ2gHSsRi4A,Franz Ferdinand,Europe,72I2delGRYdmQqA2oqlE2i,Right Action - Live,2013-08,indie rock,17.0,False,185440,0.00315,0.485,0.887,0.718,D,0.0765,-4.663,Major,0.0802,119.731,0.8590000000000001
0XNa1vTidXlvJ2gHSsRi4A,Franz Ferdinand,Europe,5E9AZIwiqEkWmihdIuPiAq,Goodbye Lovers and Friends - Live,2013-08,indie rock,16.0,False,211000,0.0669,0.363,0.764,0.00549,A,0.261,-5.725,Minor,0.0419,100.823,0.4479999999999999
0XNa1vTidXlvJ2gHSsRi4A,Franz Ferdinand,Europe,4aPlQTg9KeSKNBcGJKE4hb,Can't Stop Feeling - Live,2013-08,indie rock,21.0,False,363213,0.262,0.635,0.695,0.00699,E,0.0881,-6.752999999999999,Minor,0.0446,127.112,0.346
0XNa1vTidXlvJ2gHSsRi4A,Franz Ferdinand,Europe,2AfJqqrzw006wsd6zrgLd7,Treason! Animals. - Live,2013-08,indie rock,15.0,False,238707,0.0177,0.371,0.892,0.00492,E,0.0968,-4.267,Major,0.0503,153.247,0.491
0XNa1vTidXlvJ2gHSsRi4A,Franz Ferdinand,Europe,0dHZnnxxsXLQuICY87Z3mD,Love and Destroy - Live,2013-08,indie rock,17.0,False,174453,0.103,0.505,0.903,0.00316,A,0.0868,-4.6930000000000005,Minor,0.0622,146.086,0.792
0XNa1vTidXlvJ2gHSsRi4A,Franz Ferdinand,Europe,5LccT3QGfpwugDCYxZhsO0,Do You Want To - Live,2013-08,indie rock,17.0,False,254307,0.00759,0.491,0.927,9.77e-05,C,0.144,-5.4979999999999976,Major,0.0588,124.159,0.544
0XNa1vTidXlvJ2gHSsRi4A,Franz Ferdinand,Europe,7EqTtb93UQ4vg1D64WlknX,Ulysses - Live,2013-08,indie rock,18.0,False,171160,0.051,0.319,0.716,0.0,A,0.129,-5.808,Minor,0.0677,203.572,0.58
0XNa1vTidXlvJ2gHSsRi4A,Franz Ferdinand,Europe,2S14B5Z7gKHUdMlRy3M2SI,Love Illumination - Live,2013-08,indie rock,19.0,False,247093,0.0326,0.344,0.96,0.00634,E,0.132,-4.44,Minor,0.0572,159.218,0.695
0XNa1vTidXlvJ2gHSsRi4A,Franz Ferdinand,Europe,2rqiXgl4GQpZZOmL2mHw5k,Stand On the Horizon - Live,2013-08,indie rock,17.0,False,254467,0.123,0.568,0.774,0.00515,A,0.163,-6.0420000000000025,Minor,0.0465,125.092,0.4920000000000001
22bE4uQ6baNwSHPVcDxLCe,The Rolling Stones,Europe,1oeA0hiGkwP2KkOSOmvZGs,The Rocky Road to Dublin (with The Rolling Stones),2006-06,celtic,10.0,False,303427,0.293,0.43,0.84,0.34,G,0.3329999999999999,-8.621,Major,0.0359,127.33,0.792
36QJpDe2go2KgaRleHCDTp,Led Zeppelin,Europe,7wGaViRu4g24CDqUcnJrGp,"Good Times Bad Times - Live: O2 Arena, London - December 10, 2007",2012-11,classic rock,39.0,False,191560,7.21e-06,0.358,0.84,0.0841,G,0.5670000000000001,-9.467,Major,0.0736,96.54,0.536
36QJpDe2go2KgaRleHCDTp,Led Zeppelin,Europe,1kOfZShwvYeN4b4UocSGMm,"Ramble On - Live: O2 Arena, London - December 10, 2007",2012-11,classic rock,38.0,False,344560,0.00106,0.3429999999999999,0.66,0.201,D,0.991,-10.646,Major,0.0412,95.273,0.515
36QJpDe2go2KgaRleHCDTp,Led Zeppelin,Europe,5xAWsRDWBaEv0aFsAAqJBD,"Black Dog - Live: O2 Arena, London - December 10, 2007",2012-11,classic rock,38.0,False,353400,0.00018,0.2019999999999999,0.847,0.0176,G,0.994,-9.943,Major,0.0834,168.3,0.471
36QJpDe2go2KgaRleHCDTp,Led Zeppelin,Europe,4usCLaZPkOxZUwcbtfKivq,"In My Time of Dying - Live: O2 Arena, London - December 10, 2007",2012-11,classic rock,37.0,False,670787,5.41e-05,0.241,0.873,0.498,C,0.747,-10.27,Major,0.0625,99.141,0.342
36QJpDe2go2KgaRleHCDTp,Led Zeppelin,Europe,5RJizstczPZMmGryJVDYWO,"For Your Life - Live: O2 Arena, London - December 10, 2007",2012-11,classic rock,34.0,False,400427,0.0001189999999999,0.442,0.84,0.513,G,0.768,-9.332,Major,0.0528,89.958,0.472
36QJpDe2go2KgaRleHCDTp,Led Zeppelin,Europe,3r9B2UasogxeNIu1ketFNl,"Trampled Under Foot - Live: O2 Arena, London - December 10, 2007",2012-11,classic rock,34.0,False,379560,2.01e-05,0.411,0.928,0.875,G,0.95,-8.142000000000001,Major,0.0469,112.828,0.425
36QJpDe2go2KgaRleHCDTp,Led Zeppelin,Europe,5lHlPa1RZXElMkqnGs3Kp6,"Nobody's Fault but Mine - Live: O2 Arena, London - December 10, 2007",2012-11,classic rock,34.0,False,403880,0.000147,0.187,0.8959999999999999,0.7759999999999999,G,0.96,-7.791,Major,0.0747,92.893,0.348
36QJpDe2go2KgaRleHCDTp,Led Zeppelin,Europe,5eY0U7Xoyszegss3OQ0DLr,"No Quarter - Live: O2 Arena, London - December 10, 2007",2012-11,classic rock,40.0,False,561653,0.00271,0.306,0.613,0.581,F,0.777,-10.525,Minor,0.0331,125.933,0.183
36QJpDe2go2KgaRleHCDTp,Led Zeppelin,Europe,3hwRLIop9mHDDhKF4IIdx0,"Since I've Been Loving You - Live: O2 Arena, London - December 10, 2007",2012-11,classic rock,33.0,False,472253,0.000134,0.37,0.539,0.4370000000000001,F,0.986,-11.7,Minor,0.038,117.393,0.0877
36QJpDe2go2KgaRleHCDTp,Led Zeppelin,Europe,5LAR2sW7fNWoSOci6i25Bv,"Dazed and Confused - Live: O2 Arena, London - December 10, 2007",2012-11,classic rock,32.0,False,704173,0.00107,0.258,0.63,0.5760000000000001,G,0.968,-12.42,Major,0.0561,106.409,0.15
36QJpDe2go2KgaRleHCDTp,Led Zeppelin,Europe,3KCT8vm2H2OEUeS99ID6W1,"Stairway to Heaven - Live: O2 Arena, London - December 10, 2007",2012-11,classic rock,46.0,False,529267,0.01,0.23,0.475,0.0046,G,0.742,-10.349,Minor,0.0316,74.681,0.184
36QJpDe2go2KgaRleHCDTp,Led Zeppelin,Europe,41V50mCQUR8JJmbZ66Mnv5,"The Song Remains the Same - Live: O2 Arena, London - December 10, 2007",2012-11,classic rock,31.0,False,346787,4.53e-06,0.245,0.898,0.44,C,0.687,-9.364,Minor,0.0599,144.215,0.503
36QJpDe2go2KgaRleHCDTp,Led Zeppelin,Europe,13Wv5Sx8gm5fEkFSIauM5o,"Misty Mountain Hop - Live: O2 Arena, London - December 10, 2007",2012-11,classic rock,31.0,False,308333,5.65e-05,0.369,0.87,0.0543,D,0.976,-7.267,Major,0.0398,135.2,0.461
36QJpDe2go2KgaRleHCDTp,Led Zeppelin,Europe,4k4tFDl5rmRAA7L7gIjBTI,"Kashmir - Live: O2 Arena, London - December 10, 2007",2012-11,classic rock,49.0,False,546600,7.120000000000001e-05,0.344,0.6409999999999999,0.0321,D,0.976,-8.138,Major,0.0303,78.541,0.147
36QJpDe2go2KgaRleHCDTp,Led Zeppelin,Europe,61p7OkY6r9uwHJcqZW5utf,"Whole Lotta Love - Live: O2 Arena, London - December 10, 2007",2012-11,classic rock,39.0,False,446373,0.0001419999999999,0.196,0.909,0.6579999999999999,D,0.968,-8.932,Major,0.111,90.505,0.242
36QJpDe2go2KgaRleHCDTp,Led Zeppelin,Europe,3DSkrxetK6Xigh53HhzZiY,"Rock and Roll - Live: O2 Arena, London - December 10, 2007",2012-11,classic rock,37.0,False,274960,1.24e-05,0.25,0.916,0.871,G,0.6970000000000001,-8.397,Major,0.0605,165.608,0.5429999999999999
0bAsR2unSRpn6BQPEnNlZm,Aimer,Japan,07dvgOYpPLk2xuyoU3tQhe,broKen NIGHT,2014-12,anime,19.0,False,296307,0.4029999999999999,0.336,0.674,0.0,F,0.157,-6.039,Major,0.0399,170.09599999999998,0.518
0bAsR2unSRpn6BQPEnNlZm,Aimer,Japan,3ZmsWkhZdeiZMbg95HE59B,holLow wORlD,2014-12,anime,19.0,False,276627,0.00572,0.53,0.868,0.0,C,0.34,-4.588,Major,0.0525,127.029,0.535
0bAsR2unSRpn6BQPEnNlZm,Aimer,Japan,1bv5J17F07uSLAnd3yho0c,holLow wORlD(Fate/hollow ataraxia edit) - Fate/Hollow Ataraxia Edit,2014-12,anime,17.0,False,93120,0.0119,0.613,0.815,1.13e-06,C,0.268,-4.827,Major,0.0619,127.012,0.754
0bAsR2unSRpn6BQPEnNlZm,Aimer,Japan,7dyykkuaKfUpwlGB7LJuFV,broKen NIGHT(instrumental) - Instrumental,2014-12,anime,8.0,False,294667,0.0492,0.181,0.637,0.858,D,0.156,-8.546,Minor,0.0368,169.96099999999996,0.291
0bAsR2unSRpn6BQPEnNlZm,Aimer,Japan,2p7kd9XmOXxSd9Czqdl59B,眠りの森,2014-06,anime,0.0,False,273360,0.0341,0.536,0.596,0.0,C,0.0812,-6.7079999999999975,Major,0.0282,125.97,0.3389999999999999
0bAsR2unSRpn6BQPEnNlZm,Aimer,Japan,4XulmJsloNo3ns8GnYYDBG,words,2014-06,anime,0.0,False,356667,0.147,0.431,0.5660000000000001,0.0,F#,0.324,-8.709,Major,0.0388,139.92600000000002,0.374
0bAsR2unSRpn6BQPEnNlZm,Aimer,Japan,7HHIwfRPcfnvUTK2zOGrD0,RE:I AM,2014-06,anime,0.0,False,345133,0.118,0.475,0.825,0.0,G#,0.389,-5.019,Major,0.0622,143.97,0.503
0bAsR2unSRpn6BQPEnNlZm,Aimer,Japan,39sJ5U34s7UUC2qHFtMVpN,StarRingChild,2014-06,anime,0.0,False,328027,0.0194,0.471,0.846,0.0,A,0.122,-5.023,Major,0.0623,163.952,0.674
0bAsR2unSRpn6BQPEnNlZm,Aimer,Japan,62PmWVwSQmY9tiGzvuXRLd,あなたに出会わなければ〜夏雪冬花〜,2012-10,anime,0.0,False,360480,0.267,0.4629999999999999,0.622,0.0,A,0.106,-4.759,Major,0.0336,145.984,0.265
0bAsR2unSRpn6BQPEnNlZm,Aimer,Japan,3fufSoOYhEWnTcC6BZcD03,Re:pray,2012-10,anime,0.0,False,307160,0.0727,0.445,0.7390000000000001,0.0,G#,0.0776,-4.622,Major,0.0272,159.964,0.462
0bAsR2unSRpn6BQPEnNlZm,Aimer,Japan,1K5Nb0Bm5SDJ8rNI7ttMjf,星屑ビーナス,2012-10,anime,0.0,False,252227,0.3670000000000001,0.511,0.62,0.0,F,0.217,-5.227,Major,0.0307,145.87,0.416
0bAsR2unSRpn6BQPEnNlZm,Aimer,Japan,5xhplK71hHGUeXXXdyfISb,雪の降る街,2012-10,anime,0.0,False,244920,0.067,0.4479999999999999,0.725,0.0,C#,0.273,-4.44,Major,0.0329,168.028,0.6679999999999999
0bAsR2unSRpn6BQPEnNlZm,Aimer,Japan,1VggvibdeX96RwJfbKzief,六等星の夜,2012-10,anime,0.0,False,338173,0.316,0.5670000000000001,0.496,0.0,G#,0.106,-5.912999999999999,Major,0.0267,143.976,0.294
22bE4uQ6baNwSHPVcDxLCe,The Rolling Stones,Europe,1Krml3ZCiGQZ4z7vz6d1Rf,You Can't Always Get What You Want - Re-Mixed and Re-Edited by Soulwax,2008-03,classic rock,0.0,False,367000,0.318,0.639,0.872,0.000165,C,0.231,-5.234,Major,0.121,94.333,0.708
0MK8l3nURwwQIjafvXoJJt,ASIAN KUNG-FU GENERATION,Japan,4zMtM04F0EJ8eQ0N2jiiVc,海岸通り (2016 Version) - 2016 Rerecorded,2016-12,j-rock,0.0,False,301547,0.000174,0.408,0.843,0.00436,A,0.103,-4.673,Major,0.0426,86.105,0.545
12Chz98pHFMPJEknJQMWvI,Muse,Europe,279IuhllrfAauLGsIt9eXL,Bliss,2001-01,alternative rock,27.0,False,251147,0.000258,0.447,0.8,0.00206,C,0.113,-9.482,Minor,0.047,127.956,0.251
12Chz98pHFMPJEknJQMWvI,Muse,Europe,6SZA1keMoUlltkIOuayA0p,The Gallery,2001-01,alternative rock,24.0,False,210266,0.426,0.5870000000000001,0.8370000000000001,0.968,F,0.2789999999999999,-8.769,Major,0.0381,92.998,0.5479999999999999
12Chz98pHFMPJEknJQMWvI,Muse,Europe,5HvcxXczP3wuGWiMt45xP9,Screenager - Live,2001-01,alternative rock,19.0,False,243026,0.598,0.417,0.493,0.547,D,0.978,-8.607000000000001,Minor,0.0259,82.234,0.0832
12Chz98pHFMPJEknJQMWvI,Muse,Europe,2WDJEoho9Fjx7E5zmRwPj5,Hyper Chondriac Music,2001-01,alternative rock,25.0,False,329866,0.0142,0.312,0.48,0.424,D,0.188,-8.744,Minor,0.0363,135.84,0.122
12Chz98pHFMPJEknJQMWvI,Muse,Europe,2TtbB8rmDy18zxU9M4qmm8,New Born - Live,2001-01,alternative rock,22.0,False,357425,0.0066099999999999,0.222,0.919,0.0002569999999999,E,0.97,-6.853,Minor,0.0673,153.97899999999996,0.34
0blbVefuxOGltDBa00dspv,LiSA,Japan,36bDv7axdNfBOppHusUDAF,Hi FiVE!,2016-04,anime,0.0,False,275227,0.0433,0.466,0.989,3.42e-06,F#,0.162,-1.551,Major,0.0835,177.90400000000002,0.574
4Z8W4fKeB5YxbusRsdQVPb,Radiohead,Europe,5rCPtnCl174N9OAi7mkiCA,Burn the Witch,2016-05,art rock,16.0,False,220609,0.303,0.54,0.847,0.272,B,0.109,-6.52,Major,0.0297,148.936,0.62
4Z8W4fKeB5YxbusRsdQVPb,Radiohead,Europe,1roDUhDOM7O1tWy9C6u3pP,Daydreaming,2016-05,art rock,36.0,False,384439,0.968,0.214,0.263,0.853,A,0.126,-13.207,Minor,0.0336,137.561,0.113
4Z8W4fKeB5YxbusRsdQVPb,Radiohead,Europe,753xFobxoB4Y7jOu160vH4,Little By Little - Caribou Rmx,2011-10,art rock,36.0,False,340160,0.00824,0.8,0.586,0.773,D,0.0846,-9.633,Major,0.0601,115.62,0.126
4Z8W4fKeB5YxbusRsdQVPb,Radiohead,Europe,0Q0aM8mUZnOwOfKJ2GDbEo,Lotus Flower - Jacques Greene Rmx,2011-10,art rock,37.0,False,429947,0.0591,0.619,0.5920000000000001,0.938,D,0.0951,-8.405,Minor,0.0346,127.983,0.176
4Z8W4fKeB5YxbusRsdQVPb,Radiohead,Europe,6qLPjCTnlLr4Adl0ndl3Wi,Morning Mr Magpie - Nathan Fake Rmx,2011-10,art rock,31.0,False,291987,0.0825,0.6609999999999999,0.7070000000000001,0.0783,C,0.1169999999999999,-7.013999999999999,Major,0.231,139.971,0.846
4Z8W4fKeB5YxbusRsdQVPb,Radiohead,Europe,5MR8vZztOvZW9LH5631fIv,Bloom - Harmonic 313 Rmx,2011-10,art rock,29.0,False,304333,0.102,0.422,0.665,0.936,A,0.111,-13.056,Minor,0.0539,150.004,0.185
4Z8W4fKeB5YxbusRsdQVPb,Radiohead,Europe,4EUOC2daZWU4PV8e48dSFu,Bloom - Mark Pritchard Rmx,2011-10,art rock,30.0,False,367280,0.000801,0.415,0.7120000000000001,0.938,C,0.119,-7.97,Major,0.0323,75.01,0.287
4Z8W4fKeB5YxbusRsdQVPb,Radiohead,Europe,03C9U3u138C1NEd4K2NFWA,Feral - Lone RMX,2011-10,art rock,31.0,False,317507,0.0955,0.762,0.877,0.000172,G,0.611,-7.806,Major,0.174,134.938,0.222
4Z8W4fKeB5YxbusRsdQVPb,Radiohead,Europe,6Op2xt7hpi7m5MWVw4CwXA,Morning Mr Magpie - Pearson Sound Scavenger RMX,2011-10,art rock,29.0,False,278893,0.0147,0.466,0.336,0.8340000000000001,C,0.2319999999999999,-12.43,Major,0.0681,139.92,0.0895
4Z8W4fKeB5YxbusRsdQVPb,Radiohead,Europe,5Ka7DSa5t9kUdQByXR3N9e,Separator - Four Tet RMX,2011-10,art rock,30.0,False,423000,0.444,0.4579999999999999,0.456,0.647,A#,0.0812,-12.402,Minor,0.073,113.826,0.391
4Z8W4fKeB5YxbusRsdQVPb,Radiohead,Europe,5NNZgRmH7VgMHPU92kIvZZ,Give Up The Ghost - Thriller Houseghost Remix,2011-10,art rock,29.0,False,373760,0.314,0.597,0.894,0.851,E,0.115,-9.477,Minor,0.102,119.965,0.142
4Z8W4fKeB5YxbusRsdQVPb,Radiohead,Europe,0kFAacuqsR2QyfFxFAj2pc,Codex (Illum Sphere),2011-10,art rock,29.0,False,274373,0.4639999999999999,0.441,0.573,0.00536,D,0.387,-10.581,Minor,0.0333,72.521,0.0671
4Z8W4fKeB5YxbusRsdQVPb,Radiohead,Europe,5qQmgspG3d9zBGhqQTvEUr,Little By Little (Shed),2011-10,art rock,28.0,False,289893,0.0688,0.344,0.79,0.3939999999999999,A#,0.344,-9.084,Minor,0.214,173.137,0.472
4Z8W4fKeB5YxbusRsdQVPb,Radiohead,Europe,4yCQXEoqFq3ZvvHSvemERP,Give Up The Ghost - Brokenchord Rmx,2011-10,art rock,29.0,False,305000,0.0415,0.4539999999999999,0.614,0.0896,D,0.201,-9.076,Major,0.0909,149.944,0.095
4Z8W4fKeB5YxbusRsdQVPb,Radiohead,Europe,5BBtgEIAE97a3VBHC4UT24,TKOL - Altrice Rmx,2011-10,art rock,28.0,False,362880,0.0907,0.356,0.3229999999999999,0.856,A#,0.11,-16.645,Minor,0.0591,99.063,0.0377
4Z8W4fKeB5YxbusRsdQVPb,Radiohead,Europe,5eoxyqmauOEpe0kNAzyQFX,Bloom - Blawan Rmx,2011-10,art rock,31.0,False,449493,0.00079,0.5870000000000001,0.949,0.606,G,0.0898,-7.957999999999997,Major,0.156,124.007,0.0328
4Z8W4fKeB5YxbusRsdQVPb,Radiohead,Europe,69KgmRXiL6fJv4pXKhNf8m,Good Evening Mrs Magpie - Modeselektor RMX,2011-10,art rock,30.0,False,464440,0.0143,0.773,0.638,0.8190000000000001,G,0.111,-11.858,Major,0.0653,133.079,0.0403
4Z8W4fKeB5YxbusRsdQVPb,Radiohead,Europe,2GO2saKwTfz8VxclnSP2sK,Bloom - Objekt RMX,2011-10,art rock,28.0,False,321427,0.00161,0.8320000000000001,0.674,0.799,C#,0.0933,-9.099,Major,0.0657,123.989,0.237
4Z8W4fKeB5YxbusRsdQVPb,Radiohead,Europe,0gy2Eqkf9dPtlkoCC3y7YA,Bloom - Jamie xx Rework,2011-10,art rock,30.0,False,148760,0.659,0.4589999999999999,0.5379999999999999,0.053,A,0.205,-11.866,Minor,0.0354,126.653,0.188
4Z8W4fKeB5YxbusRsdQVPb,Radiohead,Europe,2khpCCeSM4aG0ovK4Vx8f8,Separator - Anstam RMX,2011-10,art rock,28.0,False,290280,0.00762,0.746,0.916,0.8109999999999999,A,0.182,-7.7970000000000015,Minor,0.25,135.055,0.1169999999999999
4Z8W4fKeB5YxbusRsdQVPb,Radiohead,Europe,4YjfRIqLnw9CPZMwWLM6oi,Lotus Flower - SBTRKT RMX,2011-10,art rock,30.0,False,321933,0.00831,0.792,0.49,0.726,D,0.267,-8.229,Major,0.0472,133.018,0.423
4Z8W4fKeB5YxbusRsdQVPb,Radiohead,Europe,4Nwrh5BlZ8I31znYQULS7G,Spectre,2016-05,art rock,66.0,False,199334,0.557,0.252,0.451,0.866,B,0.108,-8.798,Minor,0.0278,97.652,0.104
0MK8l3nURwwQIjafvXoJJt,ASIAN KUNG-FU GENERATION,Japan,357u2o8UXGJC7Ifefbd9Fq,稲村ヶ崎ジェーン,2008-11,j-rock,0.0,False,188773,0.000494,0.562,0.963,0.000112,G#,0.09,-3.019,Major,0.0478,121.121,0.772
0MK8l3nURwwQIjafvXoJJt,ASIAN KUNG-FU GENERATION,Japan,0ARaleqEU8ZNXqsHGTFa4L,極楽寺ハートブレイク,2008-11,j-rock,0.0,False,141253,0.000535,0.423,0.982,1.92e-05,G,0.365,-3.542,Major,0.0478,141.218,0.479
0MK8l3nURwwQIjafvXoJJt,ASIAN KUNG-FU GENERATION,Japan,31TgDL893mbT90rkBnFEqC,由比ヶ浜カイト,2008-11,j-rock,0.0,False,234360,0.000246,0.477,0.81,0.0002,E,0.25,-4.186,Major,0.037,105.034,0.3229999999999999
4Z8W4fKeB5YxbusRsdQVPb,Radiohead,Europe,0Kwg1epDRFLyXFq09t7MtB,The Daily Mail,2011-12,art rock,52.0,False,217798,0.652,0.36,0.362,0.000128,A#,0.107,-7.102,Major,0.0385,116.783,0.159
4Z8W4fKeB5YxbusRsdQVPb,Radiohead,Europe,5e9atKlmsuJYrz3RGWCoS6,Staircase,2011-12,art rock,44.0,False,271530,0.00814,0.368,0.877,0.7509999999999999,C,0.205,-8.102,Major,0.0335,129.856,0.8079999999999999
4Z8W4fKeB5YxbusRsdQVPb,Radiohead,Europe,3DpuYpzkvUWXbmzCm6pfzR,Burn the Witch,2016-05,art rock,60.0,False,220609,0.303,0.54,0.847,0.272,B,0.109,-6.52,Major,0.0297,148.936,0.62
4Z8W4fKeB5YxbusRsdQVPb,Radiohead,Europe,1Rd5OVjqDAr5xC96MHt448,Daydreaming,2016-05,art rock,63.0,False,384439,0.968,0.214,0.263,0.853,A,0.126,-13.207,Minor,0.0336,137.561,0.113
4Z8W4fKeB5YxbusRsdQVPb,Radiohead,Europe,4mRSbPLnOm54ttkTYvxxSY,Decks Dark,2016-05,art rock,63.0,False,281011,0.6659999999999999,0.557,0.501,0.8370000000000001,D,0.1169999999999999,-10.827,Minor,0.0269,139.149,0.271
4Z8W4fKeB5YxbusRsdQVPb,Radiohead,Europe,0eLVt8CGVdNnyMcfP38kDi,Desert Island Disk,2016-05,art rock,53.0,False,224698,0.868,0.56,0.282,0.529,C,0.11,-13.241,Major,0.0287,112.009,0.158
4Z8W4fKeB5YxbusRsdQVPb,Radiohead,Europe,6nOsTV3cMjLh3k6Wpk468L,Ful Stop,2016-05,art rock,55.0,False,367349,0.352,0.425,0.662,0.941,C,0.619,-9.877,Major,0.0502,151.18200000000004,0.178
4Z8W4fKeB5YxbusRsdQVPb,Radiohead,Europe,0uOeAmfdyaekD2RIGwCDwq,Glass Eyes,2016-05,art rock,60.0,False,172936,0.955,0.237,0.11,0.557,G#,0.138,-15.720999999999998,Major,0.0358,114.436,0.0632
4Z8W4fKeB5YxbusRsdQVPb,Radiohead,Europe,135WMJorhiGvPe50XF54D9,Identikit,2016-05,art rock,56.0,False,266644,0.0632,0.6920000000000001,0.4589999999999999,0.512,B,0.136,-9.461,Minor,0.0403,150.695,0.35
4Z8W4fKeB5YxbusRsdQVPb,Radiohead,Europe,1GnFQL9XnxrXFloKm1yjuW,The Numbers,2016-05,art rock,54.0,False,345887,0.6509999999999999,0.282,0.3720000000000001,0.409,F,0.0755,-9.77,Major,0.0315,105.271,0.0551
4Z8W4fKeB5YxbusRsdQVPb,Radiohead,Europe,7KHQtpLpoIV3Wfu22YQT8y,Present Tense,2016-05,art rock,62.0,False,306581,0.912,0.462,0.407,0.3989999999999999,C#,0.11,-12.428,Minor,0.0345,91.915,0.336
4Z8W4fKeB5YxbusRsdQVPb,Radiohead,Europe,3YQVYTkonczhXyj31HH4AK,Tinker Tailor Soldier Sailor Rich Man Poor Man Beggar Man Thief,2016-05,art rock,52.0,False,303689,0.73,0.355,0.436,0.7979999999999999,B,0.106,-10.944,Major,0.0302,90.388,0.0508
4Z8W4fKeB5YxbusRsdQVPb,Radiohead,Europe,07XaOyTS5hyaWiUK1Bc3bR,True Love Waits,2016-05,art rock,67.0,False,283464,0.938,0.401,0.132,0.102,C,0.1,-15.569,Major,0.0355,136.142,0.0381
7Ln80lUS6He07XvHI8qqHH,Arctic Monkeys,Europe,3FiVtA8z2yUOyw7MiHjiVM,2013,2013-07,indie,49.0,False,146887,0.0751,0.375,0.8059999999999999,2.58e-05,G,0.353,-6.52,Major,0.0514,157.001,0.618
0XNa1vTidXlvJ2gHSsRi4A,Franz Ferdinand,Europe,4ipTZ4pvgTCkhsPiSTyIbE,Real Thing,2012-03,indie rock,4.0,False,143107,0.00324,0.541,0.858,0.0001199999999999,C#,0.121,-4.609,Major,0.0334,119.333,0.921
0XNa1vTidXlvJ2gHSsRi4A,Franz Ferdinand,Europe,576Uijkaz78OoWUCXrIpg2,Nardwuar vs. Franz Ferdinand (Interview),2012-03,indie rock,0.0,False,225693,0.595,0.708,0.313,0.0,G#,0.228,-13.985,Minor,0.948,132.86700000000002,0.773
0MK8l3nURwwQIjafvXoJJt,ASIAN KUNG-FU GENERATION,Japan,7MCChQ6XHBHEWZpwNl411G,Planet of the Apes / 猿の惑星,2015-05,j-rock,0.0,False,132853,0.000886,0.445,0.977,0.0001899999999999,G,0.303,-2.346,Major,0.0431,96.726,0.672
0MK8l3nURwwQIjafvXoJJt,ASIAN KUNG-FU GENERATION,Japan,35LZssq6LLvBnjxQofBAti,Standard / スタンダード,2015-05,j-rock,0.0,False,260053,0.00648,0.37,0.955,0.105,A,0.183,-2.779,Major,0.0506,179.313,0.578
22bE4uQ6baNwSHPVcDxLCe,The Rolling Stones,Europe,76hRg4NnIVDIs62odVRHfS,The Rocky Road to Dublin (from Long Black Veil),2002-03,classic rock,19.0,False,257867,0.293,0.479,0.8240000000000001,0.494,G,0.402,-9.891,Major,0.0336,127.565,0.826
4Z8W4fKeB5YxbusRsdQVPb,Radiohead,Europe,4oXg7xT4ksBxHTx8PcmSXw,15 Step,2007-12,art rock,69.0,False,237293,0.0477,0.598,0.8540000000000001,0.3379999999999999,C#,0.0934,-7.584,Major,0.0422,94.458,0.8440000000000001
4Z8W4fKeB5YxbusRsdQVPb,Radiohead,Europe,4pWIwnnqx8k01fuF95UMIg,Bodysnatchers,2007-12,art rock,68.0,False,242293,0.00443,0.342,0.976,0.0175,D,0.0974,-4.9860000000000015,Major,0.0573,166.66299999999995,0.733
4Z8W4fKeB5YxbusRsdQVPb,Radiohead,Europe,5Qv2Nby1xTr9pQyjkrc94J,All I Need,2007-12,art rock,82.0,False,228747,0.531,0.67,0.478,0.428,E,0.138,-8.689,Minor,0.0355,88.014,0.0997
4Z8W4fKeB5YxbusRsdQVPb,Radiohead,Europe,15irEKZ9D6FQqLoZ1qJ1Cx,Faust Arp,2007-12,art rock,64.0,False,129680,0.84,0.337,0.288,0.1989999999999999,A,0.0964,-13.477,Minor,0.0321,105.036,0.225
4Z8W4fKeB5YxbusRsdQVPb,Radiohead,Europe,02ppMPbg1OtEdHgoPqoqju,Reckoner,2007-12,art rock,70.0,False,290213,0.511,0.523,0.6559999999999999,0.16,E,0.0679,-7.441,Minor,0.0262,104.271,0.214
4Z8W4fKeB5YxbusRsdQVPb,Radiohead,Europe,48X4D1FYOShPz2VF3YdfCF,House Of Cards,2007-12,art rock,71.0,False,328293,0.2689999999999999,0.708,0.499,0.57,F,0.1009999999999999,-9.644,Major,0.0297,111.652,0.628
4Z8W4fKeB5YxbusRsdQVPb,Radiohead,Europe,4T1iiabe7G0UjWQJCY6NE2,Videotape,2007-12,art rock,65.0,False,279634,0.6940000000000001,0.596,0.3829999999999999,0.8079999999999999,C#,0.0889,-11.194,Minor,0.0324,77.423,0.0506
4Z8W4fKeB5YxbusRsdQVPb,Radiohead,Europe,28o3SmoiWSaowVFpJC6zH4,Harry Patch (In Memory Of),2016-11,art rock,43.0,False,332840,0.78,0.0852,0.205,0.206,G,0.3829999999999999,-15.123,Major,0.0404,169.791,0.0507
4Z8W4fKeB5YxbusRsdQVPb,Radiohead,Europe,49oVFSbl8QdRAXktelJZWC,MK 1,2007-01,art rock,45.0,False,62930,0.99,0.225,0.0977,0.988,C#,0.0929,-27.007,Minor,0.0343,80.166,0.0397
4Z8W4fKeB5YxbusRsdQVPb,Radiohead,Europe,4Nckr2LBLkgNOdMadwNAxc,Down Is The New Up,2007-01,art rock,50.0,False,299283,0.128,0.532,0.845,0.289,E,0.119,-6.9670000000000005,Minor,0.0433,104.808,0.124
4Z8W4fKeB5YxbusRsdQVPb,Radiohead,Europe,6yiSyupeI7KYdBZKJdnIUO,Go Slowly,2007-01,art rock,65.0,False,228236,0.883,0.441,0.3929999999999999,0.7959999999999999,B,0.131,-8.556000000000001,Minor,0.0307,108.213,0.0446
4Z8W4fKeB5YxbusRsdQVPb,Radiohead,Europe,6Z467S228pBaUaAaMMBIHl,MK 2,2007-01,art rock,43.0,False,53004,0.995,0.256,0.263,0.97,D,0.0971,-15.292,Minor,0.0573,132.092,0.039
4Z8W4fKeB5YxbusRsdQVPb,Radiohead,Europe,1mM2u5TRMdUKsIfZKEI6yJ,Last Flowers,2007-01,art rock,58.0,False,266478,0.92,0.555,0.307,0.000769,C,0.1119999999999999,-8.236,Major,0.0295,75.727,0.286
4Z8W4fKeB5YxbusRsdQVPb,Radiohead,Europe,5MjwOoU9YISfMujFrjEwxu,Up On The Ladder,2007-01,art rock,48.0,True,257170,0.00403,0.4589999999999999,0.617,0.5720000000000001,F,0.633,-7.567,Minor,0.0285,91.463,0.135
4Z8W4fKeB5YxbusRsdQVPb,Radiohead,Europe,0Hnik88ryug02UaEOTiXrE,Bangers + Mash,2007-01,art rock,53.0,False,199502,0.0303,0.637,0.98,0.000913,A,0.601,-4.981,Minor,0.115,135.993,0.65
4Z8W4fKeB5YxbusRsdQVPb,Radiohead,Europe,3HPLfZhQUds6N6tZ4WiApn,4 Minute Warning,2007-01,art rock,51.0,False,244285,0.5870000000000001,0.532,0.303,0.0657,A,0.111,-13.076,Major,0.0311,124.157,0.225
51Blml2LZPmy7TTiAg47vQ,U2,Europe,1w1j2cPRlHkEK4dOusX7Xo,I Still Haven't Found What I'm Looking For,1982-01,rock,0.0,False,277467,0.00891,0.565,0.8170000000000001,0.00395,C#,0.0841,-6.915,Major,0.0344,100.692,0.696
4Z8W4fKeB5YxbusRsdQVPb,Radiohead,Europe,2fON3O4nCFXPu9l5YB7UqK,Supercollider,2016-11,art rock,40.0,False,421507,0.0337,0.502,0.342,0.805,G,0.114,-16.705,Major,0.0424,181.015,0.262
4Z8W4fKeB5YxbusRsdQVPb,Radiohead,Europe,3djJOGMiyy5Bg0hKcorLXk,The Butcher,2016-11,art rock,42.0,False,275469,0.255,0.83,0.569,0.812,B,0.0826,-14.666,Minor,0.0877,118.664,0.703
4Z8W4fKeB5YxbusRsdQVPb,Radiohead,Europe,62J6RO53R6vNhOB6QXajFV,Creep,1992-09,art rock,58.0,True,238640,0.0097,0.515,0.43,0.000133,G,0.129,-9.935,Major,0.0372,91.844,0.104
4Z8W4fKeB5YxbusRsdQVPb,Radiohead,Europe,4uYks43WSk6Fqvxh8LADJV,Inside My Head,1992-09,art rock,44.0,False,191680,0.000574,0.4370000000000001,0.816,0.0842,E,0.178,-11.473,Minor,0.0818,153.232,0.364
4Z8W4fKeB5YxbusRsdQVPb,Radiohead,Europe,1Ol5faZZ1WfzVUZxoMB314,Million Dollar Question,1992-09,art rock,40.0,False,198200,0.0006349999999999,0.142,0.8690000000000001,0.045,D,0.0394,-11.682,Major,0.121,166.56099999999995,0.315
4Z8W4fKeB5YxbusRsdQVPb,Radiohead,Europe,2Rty7vHMKFHqQ87dZEIRyM,Yes I Am,1992-09,art rock,41.0,False,265680,0.000133,0.32,0.542,0.291,E,0.366,-14.542,Major,0.03,106.565,0.6829999999999999
4Z8W4fKeB5YxbusRsdQVPb,Radiohead,Europe,5lFeKA0amomLHEU7HadKcY,Blow Out - Remix,1992-09,art rock,36.0,False,258547,0.00236,0.309,0.608,0.119,B,0.146,-11.047,Minor,0.0391,140.0,0.209
4Z8W4fKeB5YxbusRsdQVPb,Radiohead,Europe,5KZ0qobWEFl892YjIC02SE,You,1993-02,art rock,65.0,False,208667,0.0009449999999999,0.222,0.7070000000000001,0.00684,A,0.109,-12.012,Major,0.0578,112.663,0.298
4Z8W4fKeB5YxbusRsdQVPb,Radiohead,Europe,5qsgK2wcodYCEbgbdCpYOG,How Do You?,1993-02,art rock,54.0,False,132173,0.000659,0.185,0.964,0.879,A,0.107,-8.316,Major,0.084,147.351,0.238
4Z8W4fKeB5YxbusRsdQVPb,Radiohead,Europe,3CbAW3GjkBKfErt4LLbSzr,Stop Whispering,1993-02,art rock,54.0,False,325627,0.000849,0.212,0.696,0.0165,D,0.129,-10.059,Major,0.0472,122.35,0.298
4Z8W4fKeB5YxbusRsdQVPb,Radiohead,Europe,46tfxn5lP7Qsbz7NHsj9iu,Thinking About You,1993-02,art rock,62.0,False,161533,0.705,0.365,0.37,7.71e-06,G,0.0883,-14.134,Major,0.0331,103.442,0.42
4Z8W4fKeB5YxbusRsdQVPb,Radiohead,Europe,23oUaizFBFVFI5PxJrkiO5,Anyone Can Play Guitar,1993-02,art rock,57.0,False,217800,0.000101,0.293,0.812,0.0007559999999999,E,0.332,-10.772,Minor,0.0546,150.743,0.555
4Z8W4fKeB5YxbusRsdQVPb,Radiohead,Europe,2wOvYLilnDJfuPXGHGFAWZ,Ripcord,1993-02,art rock,52.0,False,189733,1.98e-05,0.255,0.906,0.358,D,0.322,-10.436,Major,0.0548,137.951,0.256
4Z8W4fKeB5YxbusRsdQVPb,Radiohead,Europe,6HbWoyinLdXPZmk6xONuKw,Vegetable,1993-02,art rock,52.0,False,192667,0.00281,0.382,0.7170000000000001,0.569,F#,0.187,-8.868,Major,0.0339,105.82,0.419
4Z8W4fKeB5YxbusRsdQVPb,Radiohead,Europe,0GDuL9TCO41PgsrKWBSGlm,Prove Yourself,1993-02,art rock,52.0,False,145373,0.000849,0.25,0.62,0.0848,C,0.175,-10.915,Major,0.0611,114.097,0.319
4Z8W4fKeB5YxbusRsdQVPb,Radiohead,Europe,13nQ70PnhDnTkYqCmdg3sy,I Can't,1993-02,art rock,52.0,False,253093,0.00985,0.27,0.825,0.308,G,0.118,-10.255999999999998,Major,0.0607,106.147,0.273
4Z8W4fKeB5YxbusRsdQVPb,Radiohead,Europe,30C1FoJzEhNUILsxghioGz,Lurgee,1993-02,art rock,51.0,False,187867,0.000135,0.42,0.5479999999999999,0.3989999999999999,C,0.111,-12.298,Major,0.0268,101.888,0.409
4Z8W4fKeB5YxbusRsdQVPb,Radiohead,Europe,5XpcTQlNnfIQbiWE4hvYo7,Blow Out,1993-02,art rock,66.0,False,282067,0.000469,0.271,0.7190000000000001,0.386,B,0.24,-10.739,Minor,0.0553,141.537,0.275
4Z8W4fKeB5YxbusRsdQVPb,Radiohead,Europe,0NCq9n9yrAs83WEDGoU6hO,Fake Plastic Trees,1995-05,art rock,52.0,False,290707,0.1669999999999999,0.4629999999999999,0.2289999999999999,0.0997,D,0.2019999999999999,-12.592,Major,0.0297,73.543,0.135
4Z8W4fKeB5YxbusRsdQVPb,Radiohead,Europe,2zco38BnUzODIa6duYk8On,India Rubber,1995-05,art rock,68.0,False,206320,0.0842,0.59,0.655,0.0161,A,0.214,-14.367,Major,0.0577,137.58,0.526
4Z8W4fKeB5YxbusRsdQVPb,Radiohead,Europe,5XWQbn983vCOtgVdnt5pqG,How Can You Be Sure?,1995-05,art rock,55.0,False,261947,0.294,0.44,0.416,0.627,E,0.115,-13.792,Major,0.0261,77.192,0.381
4Z8W4fKeB5YxbusRsdQVPb,Radiohead,Europe,3Tqgck7kZLQmasSALZs9WD,Anyone Can Play Guitar,1993-01,art rock,36.0,False,217800,0.000101,0.293,0.812,0.0007559999999999,E,0.332,-10.772,Minor,0.0546,150.743,0.555
4Z8W4fKeB5YxbusRsdQVPb,Radiohead,Europe,3NoQ5d7bW7xLkyM99zDSKL,Faithless the Wonder Boy,1993-01,art rock,42.0,False,253453,0.0743,0.3,0.496,0.262,B,0.513,-14.004,Minor,0.0309,95.953,0.306
4Z8W4fKeB5YxbusRsdQVPb,Radiohead,Europe,02qyINAapIsRrlCE4mWgsr,Coke Babies,1993-01,art rock,41.0,False,179867,0.0903,0.305,0.362,0.836,B,0.105,-13.897,Minor,0.0333,103.341,0.0379
4Z8W4fKeB5YxbusRsdQVPb,Radiohead,Europe,37JISltgxizbDAyNEEqkTY,Planet Telex,1995-03,art rock,63.0,False,259200,0.0213,0.429,0.8809999999999999,0.688,A,0.607,-8.013,Minor,0.107,148.963,0.258
4Z8W4fKeB5YxbusRsdQVPb,Radiohead,Europe,7oDFvnqXkXuiZa1sACXobj,The Bends,1995-03,art rock,66.0,False,246200,0.0115,0.23,0.755,0.141,G,0.363,-8.065,Major,0.0658,91.608,0.312
4Z8W4fKeB5YxbusRsdQVPb,Radiohead,Europe,76RAlQcfuQknnQFruYDj6Q,Bones,1995-03,art rock,62.0,False,189000,0.00154,0.336,0.705,0.606,D,0.168,-8.283999999999999,Major,0.0519,101.473,0.419
4Z8W4fKeB5YxbusRsdQVPb,Radiohead,Europe,1tZcw7GtIqviL32bzaKdSo,(Nice Dream),1995-03,art rock,68.0,False,233227,0.163,0.263,0.5660000000000001,0.261,A,0.225,-11.075,Major,0.0344,172.851,0.375
4Z8W4fKeB5YxbusRsdQVPb,Radiohead,Europe,1dyTcli07c77mtQK3ahUZR,Just,1995-03,art rock,76.0,False,234800,0.000401,0.291,0.767,0.012,G,0.0763,-6.912999999999999,Minor,0.0862,175.702,0.359
4Z8W4fKeB5YxbusRsdQVPb,Radiohead,Europe,0jyikFM0Umv0KlnrOEKtTG,My Iron Lung,1995-03,art rock,69.0,False,276427,0.0565,0.242,0.8590000000000001,0.114,C,0.38,-8.41,Major,0.0663,96.917,0.672
4Z8W4fKeB5YxbusRsdQVPb,Radiohead,Europe,5XuU9htN358NTMCcqRvfDV,Bullet Proof ... I Wish I Was,1995-03,art rock,68.0,False,208733,0.7759999999999999,0.45,0.359,0.6759999999999999,G,0.0753,-13.559,Major,0.0289,80.915,0.0776
4Z8W4fKeB5YxbusRsdQVPb,Radiohead,Europe,6UO72VSXEONxdfLyABihs9,Black Star,1995-03,art rock,73.0,False,247040,0.00312,0.289,0.555,0.0496,G,0.27,-7.434,Major,0.0402,158.671,0.306
4Z8W4fKeB5YxbusRsdQVPb,Radiohead,Europe,1elQc2QcyuBkI8FUIbNvcy,Sulk,1995-03,art rock,60.0,False,222960,0.00403,0.105,0.635,0.24,G,0.106,-7.4,Major,0.0455,191.805,0.6709999999999999
4Z8W4fKeB5YxbusRsdQVPb,Radiohead,Europe,2QwObYJWyJTiozvs0RI7CF,Street Spirit (Fade Out),1995-03,art rock,73.0,False,253853,0.317,0.488,0.4539999999999999,0.6940000000000001,E,0.179,-11.544,Minor,0.0304,138.076,0.131
4Z8W4fKeB5YxbusRsdQVPb,Radiohead,Europe,3Wjlmd6XfmSjbXUoJz8kcw,My Iron Lung,1994-09,art rock,43.0,False,276427,0.0565,0.242,0.8590000000000001,0.114,C,0.38,-8.41,Major,0.0663,96.917,0.672
4Z8W4fKeB5YxbusRsdQVPb,Radiohead,Europe,0cGhVtElTkkJMcs0CQUPxR,The Trickster,1994-09,art rock,48.0,False,282293,0.00913,0.3379999999999999,0.83,0.00228,G,0.072,-6.79,Minor,0.0306,145.72899999999996,0.703
4Z8W4fKeB5YxbusRsdQVPb,Radiohead,Europe,3rngviupOOaASt1SXNgaPH,Lewis - Mistreated,1994-09,art rock,42.0,False,200080,0.0413,0.3779999999999999,0.885,0.629,A,0.327,-9.348,Minor,0.0551,115.73,0.6859999999999999
4Z8W4fKeB5YxbusRsdQVPb,Radiohead,Europe,5l8wjltY40pSESSjO0pQ4m,Punchdrunk Lovesick Singalong,1994-09,art rock,47.0,False,281227,0.294,0.286,0.364,0.0524,C,0.0848,-12.584,Major,0.027,88.17299999999999,0.126
4Z8W4fKeB5YxbusRsdQVPb,Radiohead,Europe,4EKxkcaHHu7uYJu6yWDnes,Permanent Daylight,1994-09,art rock,53.0,False,169253,0.0843,0.4029999999999999,0.708,0.942,D,0.0821,-11.248,Major,0.0343,139.452,0.0768
4Z8W4fKeB5YxbusRsdQVPb,Radiohead,Europe,6qAdwuEo0iZJqHHnelNaLy,Lozenge of Love,1994-09,art rock,43.0,False,137227,0.918,0.281,0.158,0.336,G,0.123,-20.868,Major,0.0359,66.318,0.195
4Z8W4fKeB5YxbusRsdQVPb,Radiohead,Europe,2YdjFX6PdEMDGMqTM1IXPK,You Never Wash Up After Yourself - Live,1994-09,art rock,44.0,False,104440,0.703,0.301,0.191,0.151,C,0.115,-20.209,Major,0.0381,174.886,0.546
4Z8W4fKeB5YxbusRsdQVPb,Radiohead,Europe,1VxlPYeR35DjigoCs6SraA,High and Dry,1995-02,art rock,37.0,False,257480,0.0724,0.419,0.3829999999999999,0.0176,E,0.0896,-11.782,Major,0.0256,87.568,0.35
4Z8W4fKeB5YxbusRsdQVPb,Radiohead,Europe,702JQPzTjBWOVPSZcFYuln,Planet Telex,1995-02,art rock,31.0,False,259200,0.0213,0.429,0.8809999999999999,0.688,A,0.607,-8.013,Minor,0.107,148.963,0.258
4Z8W4fKeB5YxbusRsdQVPb,Radiohead,Europe,5ZisvFh8QDyw81pHgOC99o,Maquiladora,1995-02,art rock,45.0,False,206867,0.00216,0.353,0.6579999999999999,0.0606,A,0.34,-9.421,Major,0.0419,135.33700000000002,0.2689999999999999
4Z8W4fKeB5YxbusRsdQVPb,Radiohead,Europe,6tou18PPBEzp6YOcjFvuX1,Planet Telex - Hexidecimal Mix,1995-02,art rock,34.0,False,404800,0.00112,0.6629999999999999,0.6509999999999999,0.884,A,0.1939999999999999,-11.148,Major,0.0382,145.355,0.375
4Z8W4fKeB5YxbusRsdQVPb,Radiohead,Europe,01H97h3qF7oFMa1DXR1kGZ,Killer Cars,1995-02,art rock,50.0,False,183893,0.000154,0.206,0.919,0.609,G,0.313,-6.231,Major,0.0643,175.57,0.422
4Z8W4fKeB5YxbusRsdQVPb,Radiohead,Europe,6AeYpCLk0ulJd2ZOVJXQgv,Planet Telex - L.F.O. DJ Mix,1995-02,art rock,30.0,False,280240,0.00101,0.6759999999999999,0.5720000000000001,0.688,E,0.173,-13.377,Major,0.0656,150.011,0.114
4Z8W4fKeB5YxbusRsdQVPb,Radiohead,Europe,1BLRBkYTb1h438KzzIQ7KW,These Are My Twisted Words,2009-01,art rock,40.0,False,331747,0.474,0.481,0.882,0.775,F,0.186,-10.114,Major,0.0501,131.11700000000002,0.351
4Z8W4fKeB5YxbusRsdQVPb,Radiohead,Europe,3wQgVUkj8J2u02sfhbrBzc,Just,1995-08,art rock,39.0,False,234800,0.000401,0.291,0.767,0.012,G,0.0763,-6.912999999999999,Minor,0.0862,175.702,0.359
4Z8W4fKeB5YxbusRsdQVPb,Radiohead,Europe,24CWk7JxlEfaYachLRfWXU,Planet Telex - Karma Sunra Mix,1995-08,art rock,31.0,False,323200,0.00621,0.584,0.575,0.6940000000000001,E,0.177,-11.879,Major,0.0388,146.023,0.545
4Z8W4fKeB5YxbusRsdQVPb,Radiohead,Europe,295UmA23UoyOuJ7u4MJZzv,Killer Cars - Mogadon Version,1995-08,art rock,36.0,False,239376,0.00717,0.347,0.821,0.000705,G,0.368,-7.822999999999999,Major,0.0474,81.241,0.534
4Z8W4fKeB5YxbusRsdQVPb,Radiohead,Europe,4mn4l1GRV0YuQkuoLnwUEM,Street Spirit (Fade Out),1996-01,art rock,42.0,False,253853,0.317,0.488,0.4539999999999999,0.6940000000000001,E,0.179,-11.544,Minor,0.0304,138.076,0.131
4Z8W4fKeB5YxbusRsdQVPb,Radiohead,Europe,3cMuGOGSaTWbwOurTS4b3Y,Talk Show Host,1996-01,art rock,64.0,True,281000,0.2769999999999999,0.536,0.479,0.0285,F,0.139,-14.112,Minor,0.031,88.831,0.504
4Z8W4fKeB5YxbusRsdQVPb,Radiohead,Europe,6cE8seylAXYDpzfDCcMCwi,Bishop's Robes,1996-01,art rock,43.0,False,205040,0.601,0.414,0.317,0.0744,C,0.0908,-15.729,Major,0.0269,90.764,0.205
4Z8W4fKeB5YxbusRsdQVPb,Radiohead,Europe,0CiGamY7diH7yvzHsPtHtO,Banana Co,1996-01,art rock,47.0,False,141680,0.136,0.325,0.478,0.00412,G,0.0858,-9.373,Major,0.0322,81.03699999999998,0.341
4Z8W4fKeB5YxbusRsdQVPb,Radiohead,Europe,61uR8t4baCXvt56RPwz8pZ,Molasses,1996-01,art rock,41.0,False,147573,0.64,0.38,0.281,7.41e-05,D,0.143,-14.74,Minor,0.0304,135.263,0.4370000000000001
4Z8W4fKeB5YxbusRsdQVPb,Radiohead,Europe,4wFGKH7rt83EGbfVnXEaPz,Knives Out,2001-08,art rock,35.0,False,254867,0.091,0.4320000000000001,0.675,0.287,D,0.159,-6.702000000000001,Minor,0.0337,137.262,0.184
4Z8W4fKeB5YxbusRsdQVPb,Radiohead,Europe,13pvBh8JcOH8crCU5KTPp5,Cuttooth,2001-08,art rock,46.0,False,323560,0.0258,0.3429999999999999,0.866,0.466,A,0.0864,-8.068,Major,0.0496,141.545,0.416
4Z8W4fKeB5YxbusRsdQVPb,Radiohead,Europe,3oOHf32BT7dkzI4tAfNZun,Life In A Glasshouse - Full Length Version,2001-08,art rock,41.0,False,308040,0.8690000000000001,0.321,0.324,0.0374,F,0.108,-8.94,Major,0.0277,60.881,0.0833
4Z8W4fKeB5YxbusRsdQVPb,Radiohead,Europe,6ID8L5Vk70kvi3Swf8pXAX,Worrywort,2001-08,art rock,40.0,False,277667,0.879,0.67,0.527,0.7959999999999999,C,0.0969,-11.041,Major,0.0307,125.414,0.774
4Z8W4fKeB5YxbusRsdQVPb,Radiohead,Europe,5J9LB6XXJVF4kob0hWR8qZ,Fog,2001-08,art rock,44.0,False,244133,0.0124,0.537,0.607,0.892,A,0.1119999999999999,-10.106,Major,0.037,139.90200000000002,0.0985
4Z8W4fKeB5YxbusRsdQVPb,Radiohead,Europe,2kRFrWaLWiKq48YYVdGcm8,Everything In Its Right Place,2000-10,art rock,78.0,False,251427,0.705,0.296,0.4629999999999999,0.0482,F,0.0954,-11.412,Minor,0.0449,123.943,0.0629
4Z8W4fKeB5YxbusRsdQVPb,Radiohead,Europe,3QDahKSqLwYJYQRbILdzS6,Kid A,2000-10,art rock,59.0,False,284507,0.262,0.63,0.428,0.852,F,0.278,-15.52,Major,0.0358,112.923,0.159
4Z8W4fKeB5YxbusRsdQVPb,Radiohead,Europe,4Wgj6jzoI2gYlumXdYAB8U,The National Anthem,2000-10,art rock,62.0,False,351693,0.00237,0.488,0.754,0.851,D,0.2239999999999999,-8.552,Major,0.0378,91.517,0.3879999999999999
4Z8W4fKeB5YxbusRsdQVPb,Radiohead,Europe,4LrfsgQ5AGouvH3PlxW2PC,Treefingers,2000-10,art rock,57.0,False,222600,0.8270000000000001,0.165,0.146,0.887,F#,0.109,-21.357,Major,0.0362,134.50799999999998,0.0577
4Z8W4fKeB5YxbusRsdQVPb,Radiohead,Europe,1FoUsSi9BCTlNt2Vd7V8XA,Optimistic,2000-10,art rock,62.0,False,315973,0.0496,0.402,0.757,0.846,G,0.305,-9.931,Minor,0.0371,157.96,0.573
4Z8W4fKeB5YxbusRsdQVPb,Radiohead,Europe,0xivCtzVVrdeq32s8EnOO6,In Limbo,2000-10,art rock,56.0,False,211000,0.675,0.366,0.635,0.8190000000000001,C,0.135,-10.544,Major,0.032,88.949,0.509
4Z8W4fKeB5YxbusRsdQVPb,Radiohead,Europe,1W5XugQJGhnSATMI5n002M,Idioteque,2000-10,art rock,65.0,False,309093,0.0352,0.615,0.931,2.23e-05,D#,0.0915,-7.8,Major,0.273,137.54399999999998,0.525
4Z8W4fKeB5YxbusRsdQVPb,Radiohead,Europe,4h37RgtBg9iynN3BIL5lFU,Morning Bell,2000-10,art rock,55.0,False,275800,0.7190000000000001,0.6459999999999999,0.462,0.291,D,0.34,-12.124,Major,0.0319,142.13299999999995,0.392
4Z8W4fKeB5YxbusRsdQVPb,Radiohead,Europe,4SrRrB27n7fiRkQcPoKfpk,Motion Picture Soundtrack,2000-10,art rock,71.0,False,200483,0.921,0.1119999999999999,0.13,0.706,G,0.13,-16.128,Major,0.0347,90.835,0.0427
4Z8W4fKeB5YxbusRsdQVPb,Radiohead,Europe,4aeCuOowYXJXrMZsVHZbfF,Untitled,2000-10,art rock,52.0,False,52695,0.992,0.369,0.225,0.813,G,0.106,-16.340999999999998,Major,0.0654,64.655,0.0769
4Z8W4fKeB5YxbusRsdQVPb,Radiohead,Europe,68Wf5I47kv3PC72baPEOcg,The National Anthem - Live in France,2001-11,art rock,39.0,False,297533,0.00842,0.346,0.866,0.763,D,0.6990000000000001,-5.678999999999999,Major,0.0369,96.439,0.303
4Z8W4fKeB5YxbusRsdQVPb,Radiohead,Europe,042kqquPL3pPtj8NgyMYG3,I Might Be Wrong - Live,2001-11,art rock,39.0,False,292133,0.148,0.409,0.943,0.878,F,0.785,-8.843,Major,0.0767,113.723,0.33
4Z8W4fKeB5YxbusRsdQVPb,Radiohead,Europe,7dZXUEXUO6SW9CZPrTGEzo,Morning Bell - Live in Oxford,2001-11,art rock,36.0,False,254067,0.451,0.519,0.8,0.286,D,0.968,-7.207000000000002,Major,0.0388,144.532,0.342
4Z8W4fKeB5YxbusRsdQVPb,Radiohead,Europe,30V7kc7a8R3ONCRG1ipEZc,Like Spinning Plates - Live,2001-11,art rock,47.0,False,232800,0.807,0.284,0.384,0.0133,C#,0.97,-9.853,Major,0.0352,143.016,0.1009999999999999
4Z8W4fKeB5YxbusRsdQVPb,Radiohead,Europe,6QpvcM1VcNxxBMrxWkdgeM,Idioteque - Live in Oxford,2001-11,art rock,39.0,False,264840,0.211,0.493,0.979,0.0,D#,0.963,-6.1320000000000014,Major,0.187,146.093,0.322
4Z8W4fKeB5YxbusRsdQVPb,Radiohead,Europe,1F2C3VZllQC9SV32FvMalr,Everything in Its Right Place - Live in France,2001-11,art rock,39.0,False,462800,0.6779999999999999,0.3670000000000001,0.534,0.285,F,0.7240000000000001,-12.425,Minor,0.0363,127.206,0.216
4Z8W4fKeB5YxbusRsdQVPb,Radiohead,Europe,4QhzDcpGhiWJzZSgIZQR9q,Dollars and Cents - Live,2001-11,art rock,35.0,False,313000,0.3429999999999999,0.261,0.71,0.162,F#,0.901,-10.308,Minor,0.0345,139.092,0.237
4Z8W4fKeB5YxbusRsdQVPb,Radiohead,Europe,62SvkbQm1wMS6KZtbtls1V,True Love Waits - Live in Oslo,2001-11,art rock,59.0,False,304920,0.455,0.298,0.483,0.00298,F,0.69,-8.822000000000003,Major,0.0358,164.299,0.0642
4Z8W4fKeB5YxbusRsdQVPb,Radiohead,Europe,07DvRMhMBY2ue8gMoWZdRP,Karma Police,1997-08,art rock,42.0,False,264067,0.0638,0.36,0.501,9.32e-05,G,0.172,-9.129,Major,0.0258,74.807,0.324
4Z8W4fKeB5YxbusRsdQVPb,Radiohead,Europe,1popzk4gJkgAr6jrM1rL2U,Meeting in the Aisle,1997-08,art rock,31.0,False,189707,0.00799,0.5489999999999999,0.693,0.474,E,0.177,-7.451,Major,0.0254,100.979,0.136
4Z8W4fKeB5YxbusRsdQVPb,Radiohead,Europe,4XfDY8Tkmvxai8NClY51Nc,Lull,1997-08,art rock,32.0,False,149027,0.7559999999999999,0.457,0.532,0.0004509999999999,C,0.1639999999999999,-9.383,Major,0.0306,106.692,0.186
4Z8W4fKeB5YxbusRsdQVPb,Radiohead,Europe,5xhVp7qae7b9IN1a4ZuTJA,Climbing Up the Walls - Zero 7 Mix,1997-08,art rock,43.0,False,319187,0.0066,0.66,0.513,0.715,B,0.898,-9.92,Minor,0.0365,75.001,0.347
4Z8W4fKeB5YxbusRsdQVPb,Radiohead,Europe,1UvOlBgMBIMlRtbCIFmtWe,Climbing Up the Walls - Fila Brazilia Mix,1997-08,art rock,29.0,False,385680,0.0103,0.731,0.304,0.109,E,0.0829,-14.32,Major,0.267,149.817,0.609
4Z8W4fKeB5YxbusRsdQVPb,Radiohead,Europe,1Ay7VucGBLrJSlL68VdArd,No Surprises,1998-01,art rock,49.0,False,229120,0.0577,0.255,0.3929999999999999,0.00361,F,0.113,-10.654000000000002,Major,0.0278,76.426,0.118
4Z8W4fKeB5YxbusRsdQVPb,Radiohead,Europe,7obvmD1HzGaYGIURbzhvaE,Palo Alto,1998-01,art rock,40.0,False,223933,0.00826,0.414,0.622,0.0018399999999999,D,0.248,-11.205,Major,0.0562,116.97,0.371
4Z8W4fKeB5YxbusRsdQVPb,Radiohead,Europe,4OuUXis3HgBtLoSaYz3Brp,How I Made My Millions,1998-01,art rock,37.0,False,189147,0.985,0.409,0.0898,0.669,A,0.134,-19.738,Major,0.0283,87.625,0.273
4Z8W4fKeB5YxbusRsdQVPb,Radiohead,Europe,0tDn82XkoueVV5q9G7OUAv,Packt Like Sardines In a Crushd Tin Box,2001-03,art rock,54.0,False,240333,0.731,0.6659999999999999,0.638,0.8590000000000001,C,0.0933,-12.715,Major,0.0385,124.618,0.65
4Z8W4fKeB5YxbusRsdQVPb,Radiohead,Europe,55q3Ro66yXWi9rsEddeEN4,Pyramid Song,2001-03,art rock,66.0,False,288733,0.7859999999999999,0.12,0.336,0.4039999999999999,B,0.111,-8.298,Minor,0.0352,72.64,0.0679
4Z8W4fKeB5YxbusRsdQVPb,Radiohead,Europe,6AIq6WIkWBoRUb6kTVY8yU,Pulk/Pull Revolving Doors,2001-03,art rock,49.0,False,247267,5.460000000000001e-05,0.58,0.625,0.725,A#,0.1,-12.073,Minor,0.0896,97.044,0.141
4Z8W4fKeB5YxbusRsdQVPb,Radiohead,Europe,7Hg6a7tZsVTkXnBUepjZU6,You And Whose Army?,2001-03,art rock,64.0,False,191000,0.794,0.295,0.15,0.205,C#,0.103,-10.244000000000002,Minor,0.0325,137.504,0.131
4Z8W4fKeB5YxbusRsdQVPb,Radiohead,Europe,5JZ1jTanqLWVuThmZ6XRAc,I Might Be Wrong,2001-03,art rock,62.0,False,293773,0.261,0.602,0.735,0.794,G,0.11,-8.321,Minor,0.0254,102.895,0.505
4Z8W4fKeB5YxbusRsdQVPb,Radiohead,Europe,521OhfIeThXJKiTyz0m883,Knives Out,2001-03,art rock,65.0,False,254867,0.091,0.4320000000000001,0.675,0.287,D,0.159,-6.702000000000001,Minor,0.0337,137.262,0.184
4Z8W4fKeB5YxbusRsdQVPb,Radiohead,Europe,09rXQjOX61UGL36z76q8OS,Morning Bell/Amnesiac,2001-03,art rock,49.0,False,194267,0.7120000000000001,0.319,0.421,0.0495,D,0.0956,-6.23,Major,0.0322,61.709,0.182
4Z8W4fKeB5YxbusRsdQVPb,Radiohead,Europe,0kSDNLOdJqpGhV2vtVFWmS,Dollars and Cents,2001-03,art rock,50.0,False,291733,0.395,0.327,0.565,0.247,G,0.1119999999999999,-7.303,Major,0.0306,138.308,0.0883
4Z8W4fKeB5YxbusRsdQVPb,Radiohead,Europe,3LpAIBGaRKXqgDzEV25Bh7,Hunting Bears,2001-03,art rock,48.0,False,121200,0.853,0.295,0.264,0.926,G,0.0962,-12.203,Major,0.0432,143.191,0.0736
4Z8W4fKeB5YxbusRsdQVPb,Radiohead,Europe,1irS6wtXCUUF5ytfPqOzpM,Like Spinning Plates,2001-03,art rock,50.0,False,237467,0.711,0.4920000000000001,0.409,0.906,C#,0.23,-13.303,Minor,0.0646,138.472,0.218
4Z8W4fKeB5YxbusRsdQVPb,Radiohead,Europe,5xJc58mBWz68WhwU2n5seR,Life In a Glasshouse,2001-03,art rock,56.0,False,276693,0.728,0.252,0.397,0.0404,G,0.1159999999999999,-7.619,Minor,0.0364,123.924,0.0466
4Z8W4fKeB5YxbusRsdQVPb,Radiohead,Europe,4xkcGfpM9RwB4IiQ7yx2dB,2 + 2 = 5,2003-06,art rock,64.0,False,199360,0.178,0.442,0.7170000000000001,5.1e-05,F,0.344,-5.4979999999999976,Minor,0.0504,149.582,0.386
4Z8W4fKeB5YxbusRsdQVPb,Radiohead,Europe,6MKWCO8g2W05UcaFyfQ6Cl,Sit Down. Stand Up,2003-06,art rock,52.0,False,259973,0.0161,0.484,0.5589999999999999,0.502,F,0.0562,-7.434,Minor,0.0401,161.055,0.522
4Z8W4fKeB5YxbusRsdQVPb,Radiohead,Europe,7tFsUfrmyBvLdvIByreecz,Sail To The Moon,2003-06,art rock,61.0,False,258360,0.797,0.371,0.295,0.552,A,0.0977,-10.952,Minor,0.0315,111.914,0.0536
4Z8W4fKeB5YxbusRsdQVPb,Radiohead,Europe,32dgxT0S7Tv5p83DgT6iCT,Backdrifts,2003-06,art rock,51.0,False,322600,0.6459999999999999,0.718,0.7190000000000001,0.297,B,0.108,-10.059,Major,0.0789,93.065,0.725
4Z8W4fKeB5YxbusRsdQVPb,Radiohead,Europe,42BeMThJuzIQe1oQvhDwgl,Go To Sleep,2003-06,art rock,53.0,False,201507,0.103,0.288,0.86,0.000399,D,0.102,-6.311,Minor,0.0393,161.196,0.66
4Z8W4fKeB5YxbusRsdQVPb,Radiohead,Europe,2dDqsUr11Mv0qhXByNfbJx,Where I End and You Begin,2003-06,art rock,59.0,False,269293,0.0627,0.298,0.713,0.8590000000000001,G#,0.142,-7.8610000000000015,Major,0.0352,121.309,0.48
4Z8W4fKeB5YxbusRsdQVPb,Radiohead,Europe,0dco6ZSO8vnL2fHRi10XSY,We Suck Young Blood,2003-06,art rock,49.0,False,296707,0.878,0.1639999999999999,0.239,0.0292,D#,0.105,-11.075,Minor,0.0304,76.72,0.0378
4Z8W4fKeB5YxbusRsdQVPb,Radiohead,Europe,3qhLTNphwAepIyHJF9ZMv0,The Gloaming,2003-06,art rock,49.0,False,212027,0.106,0.345,0.609,0.1009999999999999,E,0.382,-13.37,Minor,0.3429999999999999,200.127,0.115
4Z8W4fKeB5YxbusRsdQVPb,Radiohead,Europe,5h4y42RUKwYKYWgutNwvKP,"There, There",2003-06,art rock,65.0,False,323600,0.0193,0.614,0.677,0.52,A,0.108,-8.317,Minor,0.0323,126.482,0.716
4Z8W4fKeB5YxbusRsdQVPb,Radiohead,Europe,6GMGuW9ne8D3CvjkJoKJeg,I Will,2003-06,art rock,53.0,False,119467,0.946,0.27,0.133,0.000131,C#,0.113,-14.06,Minor,0.0329,74.908,0.1669999999999999
4Z8W4fKeB5YxbusRsdQVPb,Radiohead,Europe,5kDi4uwQnHM920ElxNdzUO,A Punch Up at a Wedding,2003-06,art rock,52.0,True,297333,0.0776,0.604,0.507,0.054,B,0.0919,-9.967,Minor,0.0268,79.039,0.562
4Z8W4fKeB5YxbusRsdQVPb,Radiohead,Europe,3MW7yZK3kKtjsmJpsvBwyf,Myxomatosis,2003-06,art rock,55.0,True,232533,0.00018,0.498,0.816,0.7190000000000001,G,0.299,-7.079,Major,0.0361,99.124,0.5710000000000001
4Z8W4fKeB5YxbusRsdQVPb,Radiohead,Europe,0mEOPRobXw671f2H68XzoB,Scatterbrain,2003-06,art rock,51.0,False,201707,0.0316,0.491,0.753,0.0587,G,0.0617,-8.62,Major,0.0314,126.142,0.2339999999999999
4Z8W4fKeB5YxbusRsdQVPb,Radiohead,Europe,3OHevW2cUT176DXWV0lHg9,A Wolf At the Door,2003-06,art rock,61.0,True,201333,0.265,0.423,0.675,4.21e-06,G,0.235,-7.134,Major,0.0303,69.27,0.364
4Z8W4fKeB5YxbusRsdQVPb,Radiohead,Europe,7c378mlmubSu7NGkLFa4sN,Airbag,1997-05,art rock,66.0,False,287880,0.0078599999999999,0.305,0.872,0.8,D,0.261,-7.313,Major,0.0503,167.959,0.648
4Z8W4fKeB5YxbusRsdQVPb,Radiohead,Europe,2CVV8PtUYYsux8XOzWkCP0,Subterranean Homesick Alien,1997-05,art rock,68.0,False,267693,0.0484,0.312,0.595,0.00139,C,0.103,-8.919,Major,0.0298,150.502,0.337
4Z8W4fKeB5YxbusRsdQVPb,Radiohead,Europe,2fuYa3Lx06QQJAm0MjztKr,Let Down,1997-05,art rock,83.0,False,299560,0.000121,0.351,0.6759999999999999,0.113,A,0.18,-9.017,Major,0.0313,102.46,0.143
4Z8W4fKeB5YxbusRsdQVPb,Radiohead,Europe,6wnmRxEbwUK7WLyUtiRuT7,Fitter Happier,1997-05,art rock,59.0,False,117333,0.813,0.4320000000000001,0.391,0.0036299999999999,A,0.155,-14.99,Major,0.242,123.538,0.7440000000000001
4Z8W4fKeB5YxbusRsdQVPb,Radiohead,Europe,0gTRROuntlrPQ64W3J2Etv,Electioneering,1997-05,art rock,63.0,False,230627,0.00267,0.201,0.888,0.0981,A,0.291,-5.4910000000000005,Minor,0.0707,78.977,0.3289999999999999
4Z8W4fKeB5YxbusRsdQVPb,Radiohead,Europe,2PDQReEXBViVwkrbQ34vd7,Climbing Up the Walls,1997-05,art rock,66.0,False,285200,0.0979,0.243,0.6559999999999999,0.141,B,0.195,-7.475,Minor,0.0409999999999999,77.712,0.221
4Z8W4fKeB5YxbusRsdQVPb,Radiohead,Europe,14xj58ZexBaEaHARb11Cqs,Lucky,1997-05,art rock,67.0,False,258813,0.053,0.213,0.4,0.612,B,0.111,-9.813,Minor,0.0324,133.369,0.195
4Z8W4fKeB5YxbusRsdQVPb,Radiohead,Europe,1UuaWKypSkIHxFZD03zw4m,The Tourist,1997-05,art rock,64.0,False,326533,0.223,0.241,0.295,0.0319,E,0.11,-8.57,Major,0.0318,114.347,0.0398
4Z8W4fKeB5YxbusRsdQVPb,Radiohead,Europe,2HO0MwfNYxJa2zwo6vrQMT,Bloom,2011-02,art rock,51.0,False,313671,0.619,0.519,0.959,0.8859999999999999,C,0.0831,-7.596,Minor,0.157,149.72899999999996,0.341
4Z8W4fKeB5YxbusRsdQVPb,Radiohead,Europe,0LP2TRYiYtwpV9qbvedm3Y,Morning Mr Magpie,2011-02,art rock,49.0,False,280719,0.42,0.648,0.5870000000000001,0.8390000000000001,F,0.141,-10.993,Major,0.052,70.124,0.402
4Z8W4fKeB5YxbusRsdQVPb,Radiohead,Europe,1R5qCDSE1XEiSDMkA0LAhf,Little By Little,2011-02,art rock,49.0,False,267154,0.4270000000000001,0.618,0.887,0.415,E,0.213,-8.423,Minor,0.0376,115.623,0.603
4Z8W4fKeB5YxbusRsdQVPb,Radiohead,Europe,7pEP2RXIZNXaI24enG8cyL,Feral,2011-02,art rock,47.0,False,192743,0.00101,0.49,0.777,0.897,G,0.0896,-11.521,Major,0.0974,135.991,0.7290000000000001
4Z8W4fKeB5YxbusRsdQVPb,Radiohead,Europe,2QeutlLcJf2V1cMUUsDFT1,Lotus Flower,2011-02,art rock,63.0,False,300219,0.0899,0.721,0.6759999999999999,0.3339999999999999,D,0.0826,-8.78,Minor,0.032,127.99,0.62
4Z8W4fKeB5YxbusRsdQVPb,Radiohead,Europe,6ttYF5VadzTssGV2i1Q08T,Codex,2011-02,art rock,59.0,False,287067,0.841,0.346,0.128,0.76,D,0.13,-17.535999999999998,Minor,0.0303,58.996,0.0654
4Z8W4fKeB5YxbusRsdQVPb,Radiohead,Europe,05NZMYuLR71Z3qrZOUiUm2,Give Up The Ghost,2011-02,art rock,52.0,False,290067,0.8859999999999999,0.305,0.262,0.0781,G,0.19,-12.278,Major,0.0297,77.061,0.157
4Z8W4fKeB5YxbusRsdQVPb,Radiohead,Europe,2fV57qob1dYMJKEfTwHOt1,Separator,2011-02,art rock,54.0,False,319249,0.039,0.6940000000000001,0.7759999999999999,0.741,D#,0.0884,-9.803,Major,0.0557,113.804,0.631
568ZhdwyaiCyOGJRtNYhWf,Deep Purple,Europe,4WqEXwNOQ0ovg6iXxsHhEe,Soldier of Fortune,2018-06,hard rock,0.0,False,193653,0.417,0.546,0.2739999999999999,2.99e-05,D,0.109,-15.07,Minor,0.027,66.809,0.228
0blbVefuxOGltDBa00dspv,LiSA,Japan,1psK2jFlyYfAjyJZOKfoyM,Rising Hope,2014-05,anime,0.0,False,252213,0.0547,0.505,0.975,1.66e-06,G#,0.088,-2.585,Major,0.368,190.043,0.67
0blbVefuxOGltDBa00dspv,LiSA,Japan,1jD2jEr2ZVWIzRHolEvPf9,ポーカーフェイス,2014-05,anime,0.0,False,233480,0.00296,0.46,0.983,0.0,F,0.126,-3.56,Minor,0.359,180.159,0.426
0blbVefuxOGltDBa00dspv,LiSA,Japan,7a0sRFxing4auxZqTrsCmI,アシアトコンパス,2014-05,anime,0.0,False,316920,0.0128,0.647,0.945,0.0,E,0.265,-3.373,Major,0.0458,106.009,0.743
0blbVefuxOGltDBa00dspv,LiSA,Japan,6km42H2oDEymXQbVBao9Ws,Rising Hope -Instrumental-,2014-05,anime,0.0,False,251053,0.000233,0.514,0.96,0.823,F,0.0728,-5.2620000000000005,Minor,0.0652,95.043,0.5329999999999999
0k17h0D3J5VfsdmQ1iZtE9,Pink Floyd,Europe,7e0kMg1GkucIAFJcUyRWVh,Arnold Layne - 2016 Remastered Version,2016-11,progressive rock,32.0,False,176707,0.263,0.296,0.564,2.28e-06,D,0.0753,-8.267999999999999,Major,0.0326,132.56,0.24
0k17h0D3J5VfsdmQ1iZtE9,Pink Floyd,Europe,5JubSv0sa8CKjAslCSH27S,See Emily Play - 2016 Remastered Version,2016-11,progressive rock,33.0,False,174573,0.208,0.439,0.755,0.0,D,0.122,-7.035,Major,0.0382,123.74,0.4270000000000001
0k17h0D3J5VfsdmQ1iZtE9,Pink Floyd,Europe,4F8rhaZsjJtlnS2tJVtmfc,Matilda Mother (2010 Mix) [2016 Remastered Version],2016-11,progressive rock,23.0,False,239413,0.0364,0.303,0.447,0.0,E,0.106,-12.278,Major,0.0331,121.463,0.185
0k17h0D3J5VfsdmQ1iZtE9,Pink Floyd,Europe,08R6bwJHKMpQwc9uCgoLlG,Jugband Blues - 2010 Mix,2016-11,progressive rock,23.0,False,181747,0.225,0.381,0.262,3.55e-06,E,0.198,-12.444,Minor,0.0409999999999999,119.822,0.242
0k17h0D3J5VfsdmQ1iZtE9,Pink Floyd,Europe,5ckyvPaJPqcNLnKbZ42HN5,Paintbox - 2016 Remastered Version,2016-11,progressive rock,27.0,False,226973,0.0969999999999999,0.361,0.49,0.000172,E,0.0882,-9.527,Minor,0.03,174.071,0.369
0k17h0D3J5VfsdmQ1iZtE9,Pink Floyd,Europe,73MzofVXoU3yTjD6e8jap1,Flaming - Live BBC Radio Session 25 September 1967,2016-11,progressive rock,23.0,False,162107,0.68,0.351,0.5660000000000001,0.0294,A,0.149,-9.911,Major,0.037,119.48,0.762
0k17h0D3J5VfsdmQ1iZtE9,Pink Floyd,Europe,2RqTU0L6kzp6NGKhgBbEAG,In the Beechwoods - 2010 Mix,2016-11,progressive rock,21.0,False,282640,0.0129,0.421,0.5920000000000001,0.424,G,0.237,-9.473,Major,0.035,122.542,0.358
0k17h0D3J5VfsdmQ1iZtE9,Pink Floyd,Europe,3fw1A4JBGGbkN45tgo7Uwc,Point Me at the Sky - 2016 Remastered Version,2016-11,progressive rock,28.0,False,217547,0.14,0.1669999999999999,0.66,0.165,G,0.133,-8.315,Major,0.0538,186.265,0.421
0k17h0D3J5VfsdmQ1iZtE9,Pink Floyd,Europe,7KLXPJGZN0ieeO4jh0bAeO,"Careful with That Axe, Eugene (Single Version) [2016 Remastered Version]",2016-11,progressive rock,22.0,False,344213,0.0126,0.175,0.486,0.855,D,0.0999,-9.076,Major,0.0312,88.226,0.0374
0k17h0D3J5VfsdmQ1iZtE9,Pink Floyd,Europe,0BoA6pOboFuD2FA1jwwBcf,"Embryo - From ""Picnic""",2016-11,progressive rock,22.0,False,282427,0.444,0.347,0.175,0.395,B,0.104,-17.483,Minor,0.0338,111.009,0.204
0k17h0D3J5VfsdmQ1iZtE9,Pink Floyd,Europe,38Fqn60IDlgfyjkt3c1uQL,Ummagumma US Radio Ad,2016-11,progressive rock,0.0,False,22173,0.693,0.6509999999999999,0.2189999999999999,0.00218,C#,0.267,-24.949,Major,0.419,102.261,0.675
0k17h0D3J5VfsdmQ1iZtE9,Pink Floyd,Europe,3vM80TvGtUXvrHQJTrgKvB,"Grantchester Meadows - Live BBC Radio Session, 12 May 1969",2016-11,progressive rock,22.0,False,226280,0.909,0.648,0.193,0.00208,E,0.147,-20.133,Major,0.0732,115.41,0.498
0k17h0D3J5VfsdmQ1iZtE9,Pink Floyd,Europe,2mp3p0ZzoGuRswCfO2qF5c,"Cymbaline - Live BBC Radio Session, 12 May 1969",2016-11,progressive rock,22.0,False,219080,0.691,0.276,0.259,0.00557,A,0.108,-14.716,Minor,0.037,73.689,0.111
0k17h0D3J5VfsdmQ1iZtE9,Pink Floyd,Europe,54AnAsvZio9XwMqse2Nk2k,"Interstellar Overdrive - Live at the Paradiso, Amsterdam, 9 August 1969",2016-11,progressive rock,20.0,False,263587,0.223,0.246,0.515,0.893,A,0.711,-11.973,Major,0.0539,141.162,0.12
0k17h0D3J5VfsdmQ1iZtE9,Pink Floyd,Europe,0flqEyafIc3ABM3P7xxtMp,"Green is the Colour - Live BBC Radio Session, 12 May 1969",2016-11,progressive rock,23.0,False,201227,0.688,0.306,0.371,0.119,G,0.547,-15.258,Major,0.034,65.98,0.3339999999999999
0k17h0D3J5VfsdmQ1iZtE9,Pink Floyd,Europe,0gK9IspIVxWG7NqoyuGbLp,"Careful with That Axe, Eugene - Live BBC Radio Session, 12 May 1969",2016-11,progressive rock,20.0,False,207853,0.8320000000000001,0.2189999999999999,0.488,0.0115,A,0.5710000000000001,-12.005999999999998,Minor,0.0428,138.57,0.174
0k17h0D3J5VfsdmQ1iZtE9,Pink Floyd,Europe,3eWqIDx9Bx64xqWw2qBNXm,On the Highway - Zabriskie Point Remix,2016-11,progressive rock,20.0,False,76387,0.8859999999999999,0.506,0.218,9.4e-05,D,0.0937,-17.175,Major,0.026,100.164,0.45
0k17h0D3J5VfsdmQ1iZtE9,Pink Floyd,Europe,7qonCMdecX6GtWm5VbPT3J,Auto Scene Version 2 - Zabriskie Point Remix,2016-11,progressive rock,19.0,False,74373,0.352,0.327,0.3829999999999999,0.914,G,0.0773,-15.688,Major,0.0333,189.455,0.959
0k17h0D3J5VfsdmQ1iZtE9,Pink Floyd,Europe,43c0qOYjqyTBdIt6IalN48,The Riot Scene - Zabriskie Point Remix,2016-11,progressive rock,21.0,False,99867,0.8140000000000001,0.41,0.0271,0.8079999999999999,C,0.0924,-17.846,Major,0.0379,94.802,0.296
0k17h0D3J5VfsdmQ1iZtE9,Pink Floyd,Europe,1kUFAQs467AcpRCbZ29MGP,Looking at Map - Zabriskie Point Remix,2016-11,progressive rock,20.0,False,115640,0.296,0.6829999999999999,0.272,0.903,C,0.0709,-16.761,Major,0.0445,135.702,0.5479999999999999
0k17h0D3J5VfsdmQ1iZtE9,Pink Floyd,Europe,622eSL3XIWyiSS7MdO5iav,Take Off - Zabriskie Point Remix,2016-11,progressive rock,19.0,False,79813,2.6e-06,0.317,0.8759999999999999,0.943,A,0.127,-8.355,Major,0.0873,114.865,0.236
0k17h0D3J5VfsdmQ1iZtE9,Pink Floyd,Europe,7A7SltRb0KqWimEZqoqCWt,"Embryo - Live BBC Radio Session, 16 July 1970",2016-11,progressive rock,37.0,False,612640,0.0264,0.3329999999999999,0.57,0.026,B,0.841,-8.995,Minor,0.0393,133.899,0.295
0k17h0D3J5VfsdmQ1iZtE9,Pink Floyd,Europe,0cVMyJXvX4ggj3dUSmgPf3,"Atom Heart Mother - Live in Montreux, 21 November 1970",2016-11,progressive rock,21.0,False,1076747,0.8009999999999999,0.292,0.43,0.8009999999999999,F,0.731,-11.073,Major,0.0446,146.946,0.168
0k17h0D3J5VfsdmQ1iZtE9,Pink Floyd,Europe,4jK2VBkZosCRvT4Rocn4Ii,"Nothing, Pt. 14 - Echoes Work in Progress",2016-11,progressive rock,20.0,False,421413,0.011,0.3779999999999999,0.435,1.86e-06,E,0.0688,-14.29,Major,0.036,102.444,0.214
0k17h0D3J5VfsdmQ1iZtE9,Pink Floyd,Europe,4ko0fuvgg0JcnEeT3LemUG,Childhood's End - 2016 Remix,2016-11,progressive rock,23.0,False,273347,0.067,0.637,0.414,0.000183,A,0.0937,-12.965,Major,0.0409999999999999,125.027,0.191
0k17h0D3J5VfsdmQ1iZtE9,Pink Floyd,Europe,61jOxQHqEGrI13wMBlC4Fd,Free Four - 2016 Remix,2016-11,progressive rock,20.0,False,256240,0.00556,0.669,0.429,0.000795,G,0.064,-11.679,Major,0.0398,124.288,0.665
0k17h0D3J5VfsdmQ1iZtE9,Pink Floyd,Europe,3S6YtqDA1xpJaAo52tCiJi,Stay - 2016 Remix,2016-11,progressive rock,22.0,False,248267,0.565,0.419,0.2789999999999999,6.77e-06,G,0.109,-12.765999999999998,Major,0.0295,115.065,0.185
0bAsR2unSRpn6BQPEnNlZm,Aimer,Japan,36lR7tZpNmeqWE0PII04CG,insane dream,2016-01,anime,0.0,False,253120,0.00138,0.414,0.899,0.000165,D#,0.24,-3.543,Minor,0.0865,120.19,0.268
0bAsR2unSRpn6BQPEnNlZm,Aimer,Japan,6FbzHvPrQQuUf8lbTfcQ35,for ロンリー,2016-01,anime,0.0,False,291573,0.0184,0.542,0.835,0.0,E,0.158,-4.312,Major,0.0305,122.977,0.281
0bAsR2unSRpn6BQPEnNlZm,Aimer,Japan,2CNJMsnYnuOVog1VcjckCz,us,2016-01,anime,0.0,False,274827,0.115,0.434,0.898,0.0,G#,0.222,-2.854,Minor,0.0891,130.904,0.384
0bAsR2unSRpn6BQPEnNlZm,Aimer,Japan,1kjJBOxlBU7dncf7ekn6b1,Stars in the rain,2016-01,anime,0.0,False,302267,0.00221,0.352,0.715,0.0,F#,0.154,-3.167,Major,0.0313,156.05700000000004,0.223
0MK8l3nURwwQIjafvXoJJt,ASIAN KUNG-FU GENERATION,Japan,2kfZvkhT7KEK3y1YKgqXGp,架空生物のブルース,2010-06,j-rock,0.0,False,258600,0.1669999999999999,0.629,0.831,3.36e-06,B,0.0938,-5.7070000000000025,Major,0.0285,115.267,0.461
24b231EnCM3BkpiuWs5VBE,SID,Japan,7F9RZtcRLmfFCCjrtmII1B,laser,2012-01,anime,0.0,False,212480,0.0715,0.423,0.838,6.42e-06,F,0.205,-5.053,Major,0.0729,159.968,0.409
24b231EnCM3BkpiuWs5VBE,SID,Japan,3BvGrTjMzFyx9r8Edu9Km7,CANDY,2012-01,anime,0.0,False,196773,0.00091,0.446,0.96,2.59e-05,G#,0.395,-4.188,Major,0.0984,168.032,0.718
24b231EnCM3BkpiuWs5VBE,SID,Japan,35PykaZvprWKtFkYXrUXAQ,V.I.P,2012-01,anime,0.0,False,193187,0.00171,0.534,0.957,0.0,G,0.3329999999999999,-3.756,Major,0.0475,92.513,0.772
24b231EnCM3BkpiuWs5VBE,SID,Japan,6HUi0bmEmTcF2KIXVdd3Wl,赤い手,2012-01,anime,0.0,False,268267,0.0536,0.304,0.858,0.0,E,0.113,-5.263999999999999,Minor,0.0617,190.097,0.3929999999999999
24b231EnCM3BkpiuWs5VBE,SID,Japan,09oH94GokZrB9bUlbkmzSy,MUSIC,2012-01,anime,0.0,False,222307,0.0013,0.484,0.967,0.0,D,0.302,-4.347,Minor,0.27,152.037,0.498
24b231EnCM3BkpiuWs5VBE,SID,Japan,66SBgNOdtJEyBxX7UWvzjA,サマラバ,2012-01,anime,0.0,False,251480,0.00551,0.634,0.978,7.89e-06,D,0.2739999999999999,-3.48,Major,0.0705,129.995,0.595
24b231EnCM3BkpiuWs5VBE,SID,Japan,1n33Oho3lS4zpyHwxQehkZ,恋におちて,2012-01,anime,0.0,False,249440,0.0567,0.478,0.7859999999999999,1.5e-06,F#,0.111,-5.379,Minor,0.0557,180.05700000000004,0.754
24b231EnCM3BkpiuWs5VBE,SID,Japan,70k0ssdlYjA4BxH0178mPR,迷路,2012-01,anime,0.0,False,264800,0.39,0.698,0.655,0.0,C,0.105,-4.815,Major,0.0249,90.00399999999998,0.667
24b231EnCM3BkpiuWs5VBE,SID,Japan,4G8D0ViAlAy83OdnIASDJh,darling,2012-01,anime,0.0,False,247467,0.00581,0.6509999999999999,0.904,0.0,A,0.203,-4.644,Minor,0.0493,127.021,0.795
24b231EnCM3BkpiuWs5VBE,SID,Japan,1zamNweE45topzHL3stPBv,hug,2012-01,anime,0.0,False,290653,0.000705,0.447,0.848,0.000713,E,0.305,-4.401,Minor,0.0313,154.036,0.51
24b231EnCM3BkpiuWs5VBE,SID,Japan,0U8NXa9wIGHw9FVKcSe2jg,ANNIVERSARY,2012-01,anime,0.0,False,249987,0.000354,0.452,0.936,0.00294,C,0.196,-3.4130000000000003,Major,0.0518,165.023,0.657
3w2HqkKa6upwuXEULtGvnY,FLOW,Japan,0zFRHGYU1zP6q45qbils3z,GO!!!,2011-01,anime,0.0,False,239267,0.0508,0.604,0.978,0.0,B,0.228,-2.115,Major,0.0573,134.139,0.897
3w2HqkKa6upwuXEULtGvnY,FLOW,Japan,393vd4wYOl7bXBCGyMvPQs,DAYS,2011-01,anime,0.0,False,251253,0.00601,0.619,0.8490000000000001,0.0,A#,0.0917,-4.126,Minor,0.0368,126.184,0.938
3w2HqkKa6upwuXEULtGvnY,FLOW,Japan,5YmD9pd5Y0Ks4eD679e1i0,Realize,2011-01,anime,0.0,False,212973,0.00242,0.3779999999999999,0.856,0.0,A,0.319,-3.8,Minor,0.0483,182.153,0.76
3w2HqkKa6upwuXEULtGvnY,FLOW,Japan,7wMu5KWuSCuzxSdiS2WzFJ,Re:member,2011-01,anime,0.0,False,196880,0.0038799999999999,0.408,0.935,0.0,B,0.105,-3.819,Major,0.0571,171.954,0.762
3w2HqkKa6upwuXEULtGvnY,FLOW,Japan,1nexIdjiPdecqQ4sFVA0G8,COLORS,2011-01,anime,0.0,False,218307,0.0165,0.474,0.903,0.0,C#,0.107,-3.56,Major,0.053,136.197,0.375
3w2HqkKa6upwuXEULtGvnY,FLOW,Japan,1MJxNPssQSLXqfO0LzflOA,WORD OF THE VOICE,2011-01,anime,0.0,False,226707,0.00109,0.411,0.937,0.0,A#,0.351,-3.457,Major,0.0583,165.31799999999996,0.706
3w2HqkKa6upwuXEULtGvnY,FLOW,Japan,0OLM7G1nJBrr8Exbu1aDsL,SUMMER FREAK,2011-01,anime,0.0,False,201160,0.011,0.615,0.975,0.0,C,0.138,-2.8160000000000003,Major,0.067,105.978,0.61
3w2HqkKa6upwuXEULtGvnY,FLOW,Japan,3psZznPuEs4I1O7cxtekBc,Sign,2011-01,anime,0.0,False,235653,0.00206,0.377,0.909,0.0,D,0.341,-3.378,Major,0.103,178.215,0.6920000000000001
3w2HqkKa6upwuXEULtGvnY,FLOW,Japan,6sse1QsTJstM5l5iMilNpg,CALLING,2011-01,anime,0.0,False,215373,0.000621,0.456,0.973,3.38e-06,G,0.309,-3.852,Major,0.0834,174.24900000000005,0.551
3w2HqkKa6upwuXEULtGvnY,FLOW,Japan,1GyII26IPDiiZKhPrvxrAj,FLOW - 2 ANIMEny DJ's MEGAMIX -,2011-01,anime,0.0,False,354707,0.00282,0.1939999999999999,0.927,0.0,C,0.2189999999999999,-4.284,Major,0.151,174.43900000000005,0.434
3w2HqkKa6upwuXEULtGvnY,FLOW,Japan,7HHDG4jhcQDeh6LJxFYlpM,METAL BLADE HIGH-SCHOOL,2011-01,anime,0.0,False,208667,0.00447,0.688,0.8540000000000001,1.76e-06,C,0.14,-5.789,Major,0.0977,110.032,0.278
3w2HqkKa6upwuXEULtGvnY,FLOW,Japan,3bHRv3jNhWqEm6crPEsSSI,7-seven-,2015-01,anime,0.0,False,258907,8.31e-05,0.415,0.93,1.6899999999999994e-05,D,0.3429999999999999,-3.241,Major,0.0672,170.03799999999995,0.737
3w2HqkKa6upwuXEULtGvnY,FLOW,Japan,7a7Xou8pZEaVKDvdsBgFbl,GO!!!,2015-01,anime,0.0,False,238853,0.103,0.602,0.97,0.0,B,0.198,-3.099,Major,0.071,134.001,0.901
3w2HqkKa6upwuXEULtGvnY,FLOW,Japan,0dnizL7CWN1ncKQRYX5FKF,Re:member,2015-01,anime,0.0,False,197360,0.00552,0.407,0.925,0.0,B,0.0695,-4.814,Major,0.0581,171.981,0.731
3w2HqkKa6upwuXEULtGvnY,FLOW,Japan,65TyjnyQS5tYYVnv723qDq,Sign,2015-01,anime,2.0,False,236400,0.0017699999999999,0.381,0.883,0.0,B,0.3279999999999999,-4.587,Minor,0.0906,177.91,0.63
3w2HqkKa6upwuXEULtGvnY,FLOW,Japan,6ggcnt9DtBHBIvPofqF3o2,DAYS,2015-01,anime,0.0,False,251880,0.00226,0.621,0.816,0.0,A#,0.0656,-4.763999999999999,Minor,0.0366,126.045,0.933
3w2HqkKa6upwuXEULtGvnY,FLOW,Japan,3dudCqDKZrpvVtuJVZ3nZq,ブレイブルー,2015-01,anime,0.0,False,246773,0.0109,0.583,0.942,0.0,C,0.134,-3.564,Minor,0.0393,131.014,0.691
3w2HqkKa6upwuXEULtGvnY,FLOW,Japan,2kl1BRE817ZE4VMAN4wG5n,COLORS,2015-01,anime,0.0,False,219067,0.0323,0.462,0.879,0.0,C#,0.102,-4.567,Major,0.0515,136.049,0.406
3w2HqkKa6upwuXEULtGvnY,FLOW,Japan,5qwYmecW785Fr94hsYx8Mp,WORLD END,2015-01,anime,0.0,False,228733,3.46e-05,0.418,0.956,0.0,C,0.321,-3.533,Major,0.0495,178.032,0.624
3w2HqkKa6upwuXEULtGvnY,FLOW,Japan,2vlnIvbgCCMuEj3DqnyPw9,愛愛愛に撃たれてバイバイバイ,2015-01,anime,0.0,False,251480,7.670000000000001e-05,0.498,0.93,0.0,F#,0.344,-3.355,Minor,0.0386,96.447,0.7
3w2HqkKa6upwuXEULtGvnY,FLOW,Japan,22aA1xGOUICLTejHMaqCBM,CHA-LA HEAD-CHA-LA,2015-01,anime,0.0,False,203747,0.000318,0.476,0.968,0.0,D,0.3229999999999999,-4.138999999999999,Major,0.0688,162.96,0.536
3w2HqkKa6upwuXEULtGvnY,FLOW,Japan,0a6FFRVvyjIPjfqAp0nrbr,HERO 〜希望の歌〜,2015-01,anime,0.0,False,218800,0.00159,0.465,0.973,0.0,C,0.206,-3.565,Major,0.0589,175.045,0.66
3w2HqkKa6upwuXEULtGvnY,FLOW,Japan,63O9pw91ZZ8SPIg9SAhVGW,CALLING,2015-01,anime,0.0,False,216880,0.000423,0.4589999999999999,0.954,2.91e-06,G,0.3429999999999999,-4.853,Major,0.065,173.98,0.589
3w2HqkKa6upwuXEULtGvnY,FLOW,Japan,3tNEKkMCW4dhlJlHzmNZGh,WORD OF THE VOICE,2015-01,anime,0.0,False,227053,0.000401,0.409,0.926,0.0,A#,0.342,-4.115,Major,0.0586,165.09099999999995,0.705
3w2HqkKa6upwuXEULtGvnY,FLOW,Japan,0tbRKYWrXHP0xF1dXDThfa,Hey!!!,2015-01,anime,0.0,False,222600,0.000421,0.433,0.947,0.0,G,0.331,-4.3180000000000005,Major,0.1,174.03,0.4479999999999999
3w2HqkKa6upwuXEULtGvnY,FLOW,Japan,4Lt285HYqI1gwWbsxQ8DzX,光追いかけて,2015-08,anime,0.0,False,240813,0.0039299999999999,0.544,0.897,0.0,B,0.176,-3.881,Major,0.0366,145.97899999999996,0.7
3w2HqkKa6upwuXEULtGvnY,FLOW,Japan,5u7pgHemPUDBqAWH1UqZkh,connection,2015-08,anime,0.0,False,129813,0.000391,0.171,0.684,0.397,G,0.105,-7.417000000000002,Major,0.0452,179.13299999999995,0.0754
3w2HqkKa6upwuXEULtGvnY,FLOW,Japan,75nqTM0i0NvuQfFGSousrq,光追いかけて,2015-08,anime,0.0,False,194640,0.0047799999999999,0.547,0.871,0.0,B,0.245,-4.098,Major,0.0361,146.031,0.523
3w2HqkKa6upwuXEULtGvnY,FLOW,Japan,6nAV7HfFyKtlTD1TJRcVd8,虹の空 -Instrumental-,2015-08,anime,0.0,False,246947,9.42e-05,0.409,0.899,0.91,D,0.233,-6.882999999999999,Major,0.034,95.513,0.594
3w2HqkKa6upwuXEULtGvnY,FLOW,Japan,1ogVUWY11IXxvhsSjDIszw,BURN,2016-08,anime,0.0,False,242621,0.00128,0.4379999999999999,0.941,0.0,G#,0.105,-4.103,Minor,0.0923,98.798,0.484
3w2HqkKa6upwuXEULtGvnY,FLOW,Japan,45oqCLbUNjXMkSUEMZKzDF,風ノ唄 -Instrumental-,2016-08,anime,0.0,False,260357,2.380000000000001e-05,0.486,0.84,0.812,A,0.306,-5.3660000000000005,Major,0.0377,141.969,0.645
3w2HqkKa6upwuXEULtGvnY,FLOW,Japan,2qtBH4gXnFFPTQ0gbz8KXI,BURN -Instrumental-,2016-08,anime,0.0,False,242612,1.3e-05,0.4529999999999999,0.935,0.8220000000000001,G#,0.104,-5.615,Minor,0.0542,99.017,0.616
3w2HqkKa6upwuXEULtGvnY,FLOW,Japan,6oFF8y35OnPbYrHj1OyMeN,風ノ唄 -TV Size-,2016-08,anime,0.0,False,91326,0.0297,0.5670000000000001,0.818,0.0,A,0.341,-4.525,Major,0.0339,141.97799999999995,0.927
3w2HqkKa6upwuXEULtGvnY,FLOW,Japan,44sIKMhUSov39pvQwJtJwL,F.O.E,2010-07,anime,0.0,False,71827,0.151,0.29,0.706,0.00473,C,0.0808,-14.956,Major,0.0447,87.45700000000002,0.0494
3w2HqkKa6upwuXEULtGvnY,FLOW,Japan,3H9B8mUyDjSQioRYTjQWsS,Go! Go! Drinkers,2017-06,anime,0.0,False,290733,0.00303,0.624,0.906,0.0,A,0.3279999999999999,-3.522,Major,0.0447,92.983,0.86
3w2HqkKa6upwuXEULtGvnY,FLOW,Japan,4z2ieOswSHp43fGYeKRGTO,クライムオン,2017-06,anime,0.0,False,232613,0.0696,0.708,0.684,1.1e-06,G,0.0441,-5.093,Minor,0.0347,96.014,0.953
3w2HqkKa6upwuXEULtGvnY,FLOW,Japan,3RRl4aiipErxRo8IbWQ5eO,旅の途中,2017-06,anime,0.0,False,265387,0.00555,0.5920000000000001,0.828,4.45e-06,B,0.203,-5.643,Minor,0.031,137.019,0.53
1dfeR4HaWDbWqFHLkxsg1d,Queen,Europe,6eBHgxZ1ZAe4PfsmYKSAyl,Brighton Rock,2017-06,classic rock,0.0,False,310320,0.3670000000000001,0.355,0.846,0.0178,B,0.695,-8.197000000000001,Minor,0.384,137.423,0.3939999999999999
0blbVefuxOGltDBa00dspv,LiSA,Japan,4Bw5inMgxG9gAY2sCcw79n,Catch the Moment,2017-02,anime,0.0,False,282813,0.016,0.396,0.984,6.54e-06,G,0.311,-1.058,Major,0.123,190.068,0.469
0blbVefuxOGltDBa00dspv,LiSA,Japan,64leWKgrhW8rrcjcTvp4ye,Brave Freak Out,2016-08,anime,19.0,False,255760,0.0167,0.555,0.992,8.87e-06,E,0.322,-1.7519999999999998,Minor,0.249,100.009,0.284
0blbVefuxOGltDBa00dspv,LiSA,Japan,1IrNOzlfV9duaHaOKIDAzm,AxxxiS,2016-08,anime,17.0,False,265373,0.0010199999999999,0.4920000000000001,0.98,2.79e-05,C#,0.1009999999999999,-2.46,Major,0.151,96.911,0.53
0blbVefuxOGltDBa00dspv,LiSA,Japan,5vxrWsguGf1O0CFgQwjbd9,ツヨガリ・ファンファーレ,2016-08,anime,11.0,False,302440,0.00488,0.519,0.981,0.000408,G#,0.31,-1.806,Major,0.0684,135.989,0.6409999999999999
0blbVefuxOGltDBa00dspv,LiSA,Japan,4sFYBpvtjpLl1zJnTsajB0,Brave Freak Out -Instrumental-,2016-08,anime,5.0,False,253613,3.58e-05,0.506,0.984,0.866,E,0.3289999999999999,-3.639,Minor,0.141,100.042,0.434
0blbVefuxOGltDBa00dspv,LiSA,Japan,31XPx9rsNPw1xix54s12P9,Empty MERMAiD,2015-09,anime,9.0,False,220227,0.000603,0.521,0.99,0.0,A#,0.37,-2.448,Minor,0.12,94.921,0.2789999999999999
0blbVefuxOGltDBa00dspv,LiSA,Japan,6gwawfjrnlYVWtM5zQcMKO,リスキー,2015-09,anime,7.0,False,248160,0.00435,0.243,0.964,2.52e-05,C#,0.2189999999999999,-3.506,Minor,0.282,179.987,0.272
0blbVefuxOGltDBa00dspv,LiSA,Japan,04oWAuve7IW2VWjO6sWNOH,虚無,2015-09,anime,7.0,False,269027,0.0217,0.4370000000000001,0.988,0.0,G,0.157,-3.263,Major,0.286,164.178,0.3720000000000001
0blbVefuxOGltDBa00dspv,LiSA,Japan,0Fy1lWrXfNp8I0Z1ELNVm7,traumerei,2013-08,anime,0.0,False,255360,0.018,0.512,0.985,0.0,G#,0.18,-2.382,Major,0.178,95.039,0.276
0blbVefuxOGltDBa00dspv,LiSA,Japan,0toGU4tsLs34rupiPgtPUs,I doubt it,2013-08,anime,0.0,False,205640,0.000949,0.469,0.974,1.36e-06,C#,0.13,-3.0780000000000003,Major,0.0958,100.162,0.4539999999999999
0blbVefuxOGltDBa00dspv,LiSA,Japan,4a60ZmnhOdBkNg0jAgK8xk,SPiCE,2013-08,anime,0.0,False,236880,0.00428,0.37,0.929,1.96e-06,G,0.207,-3.004,Major,0.0869,167.037,0.4539999999999999
0blbVefuxOGltDBa00dspv,LiSA,Japan,06GdjQZmJMEL2K5HHGflP6,traumerei (Instrumental),2013-08,anime,0.0,False,253720,1.83e-05,0.4370000000000001,0.989,0.821,G#,0.179,-4.706,Major,0.0683,94.992,0.295
0blbVefuxOGltDBa00dspv,LiSA,Japan,1hP8CqEdjSzUHQAP3aXsKZ,だってアタシのヒーロー。,2017-08,anime,0.0,False,234093,0.0361,0.386,0.99,0.0,G#,0.174,-0.589,Major,0.207,189.028,0.262
0k17h0D3J5VfsdmQ1iZtE9,Pink Floyd,Europe,1qCMhlmxu1GtPngYNTWxrk,Obscured by Clouds - 2016 Remix,2016-11,progressive rock,29.0,False,183493,0.0073,0.433,0.3329999999999999,0.778,A#,0.12,-15.013,Major,0.0285,82.439,0.0541
0k17h0D3J5VfsdmQ1iZtE9,Pink Floyd,Europe,2Zmd81LdWe8TC7QiBWAUBf,When You're In - 2016 Remix,2016-11,progressive rock,30.0,False,150933,0.0258,0.44,0.708,0.8140000000000001,D,0.0914,-10.9,Major,0.0587,164.634,0.122
0k17h0D3J5VfsdmQ1iZtE9,Pink Floyd,Europe,1aTHMKq0Gre2wxXKfRNyiz,Burning Bridges - 2016 Remix,2016-11,progressive rock,28.0,False,209840,0.0456,0.347,0.268,2.08e-05,G#,0.22,-14.12,Major,0.0306,117.943,0.139
0k17h0D3J5VfsdmQ1iZtE9,Pink Floyd,Europe,43Czovdbqfifr4TnkQ0ROA,The Gold It's In The... - 2016 Remix,2016-11,progressive rock,27.0,False,187253,4e-05,0.488,0.593,5.89e-06,B,0.111,-10.986,Minor,0.0473,117.941,0.268
0k17h0D3J5VfsdmQ1iZtE9,Pink Floyd,Europe,4KAdN9ZonnI02MKcFeyp5A,Wot's...Uh the Deal - 2016 Remix,2016-11,progressive rock,31.0,False,310187,0.0575,0.474,0.3979999999999999,2.94e-06,G,0.0872,-15.019,Major,0.0243,88.961,0.6409999999999999
0k17h0D3J5VfsdmQ1iZtE9,Pink Floyd,Europe,4bvu6kqLctqlz79N5OcfZ6,Mudmen - 2016 Remix,2016-11,progressive rock,27.0,False,257840,0.0665,0.4320000000000001,0.292,0.471,G#,0.1009999999999999,-11.483,Major,0.0265,107.912,0.124
0k17h0D3J5VfsdmQ1iZtE9,Pink Floyd,Europe,0S58twhe0WZR2p3d0NKUSW,Childhood's End - 2016 Remix,2016-11,progressive rock,30.0,False,273333,0.0683,0.634,0.431,9.42e-05,A,0.0975,-12.866,Major,0.0406,125.054,0.212
0k17h0D3J5VfsdmQ1iZtE9,Pink Floyd,Europe,3zNiQOrighBHe1JSwl0fRD,Free Four - 2016 Remix,2016-11,progressive rock,28.0,False,256240,0.00603,0.6659999999999999,0.428,0.000704,G,0.0839,-11.717,Major,0.0402,123.742,0.6729999999999999
0k17h0D3J5VfsdmQ1iZtE9,Pink Floyd,Europe,4KBxuRCUxcri6eRglz9tAP,Stay - 2016 Remix,2016-11,progressive rock,25.0,False,246107,0.5660000000000001,0.423,0.282,4.38e-06,G,0.1119999999999999,-12.797,Major,0.0296,119.578,0.177
0k17h0D3J5VfsdmQ1iZtE9,Pink Floyd,Europe,5l59Li7w9X9v0mogRK8csT,Absolutely Curtains - 2016 Remix,2016-11,progressive rock,24.0,False,351587,0.4270000000000001,0.119,0.193,0.337,F,0.142,-19.725,Major,0.0381,172.95,0.0342
0k17h0D3J5VfsdmQ1iZtE9,Pink Floyd,Europe,2Bet8XXKEBOvhfs81HrbTC,"Careful with That Axe, Eugene (Live at Pompeii) [2016 Remix]",2016-11,progressive rock,45.0,False,402200,0.00286,0.209,0.21,0.000325,A#,0.11,-17.148,Major,0.0323,136.024,0.0391
0k17h0D3J5VfsdmQ1iZtE9,Pink Floyd,Europe,3QLNJ3hWI76HzQsnXqTVws,Set the Controls for the Heart of the Sun (Live at Pompeii) [2016 Remix],2016-11,progressive rock,43.0,False,632107,0.0553,0.221,0.369,0.855,A,0.121,-16.936,Major,0.0439,105.596,0.0445
0k17h0D3J5VfsdmQ1iZtE9,Pink Floyd,Europe,0wUZgQ98p3ZGTR8ytVE2N5,One of These Days (Live at Pompeii) [2016 Remix],2016-11,progressive rock,44.0,False,344987,0.00175,0.259,0.517,0.8340000000000001,E,0.145,-11.261,Major,0.0438,122.338,0.0746
0k17h0D3J5VfsdmQ1iZtE9,Pink Floyd,Europe,1vrrEnNsviiG61oiV2BCA2,A Saucerful of Secrets (Live at Pompeii) [2016 Remix],2016-11,progressive rock,44.0,False,766347,0.000243,0.1939999999999999,0.546,0.6890000000000001,B,0.104,-14.597,Major,0.0654,94.516,0.0883
0k17h0D3J5VfsdmQ1iZtE9,Pink Floyd,Europe,6MhKiXTMZtoL1Mr20XiTzL,Echoes (Live at Pompeii) [2016 Remix],2016-11,progressive rock,52.0,False,1496347,0.0294,0.264,0.4,0.193,F#,0.113,-15.495,Minor,0.0424,140.369,0.143
0k17h0D3J5VfsdmQ1iZtE9,Pink Floyd,Europe,27usKDpDRFP1SQDP8KtPYf,"Careful with That Axe, Eugene (Alternative Take) [Live at Pompeii] [2016 Remix]",2016-11,progressive rock,30.0,False,365667,0.00117,0.19,0.254,0.000104,D,0.1639999999999999,-15.394,Minor,0.0316,132.615,0.0395
0MK8l3nURwwQIjafvXoJJt,ASIAN KUNG-FU GENERATION,Japan,3bo6XgGWgo7VAHsN12LnOX,遥か彼方,2003-04,j-rock,0.0,False,242667,5.429999999999999e-05,0.29,0.955,0.0512,E,0.177,-2.541,Major,0.107,174.872,0.237
0MK8l3nURwwQIjafvXoJJt,ASIAN KUNG-FU GENERATION,Japan,0ipGZvk5LhxDjh3uJ5tOkc,All right part2,2012-09,j-rock,0.0,False,214733,0.049,0.49,0.8440000000000001,0.0,G#,0.0525,-4.771,Major,0.0406,165.142,0.638
0MK8l3nURwwQIjafvXoJJt,ASIAN KUNG-FU GENERATION,Japan,1ZTp5ydzp6s9ulZpyy5YnN,それでは、また明日,2012-09,j-rock,0.0,False,222507,0.0144,0.387,0.823,1.18e-06,C,0.0678,-4.636,Minor,0.0486,175.27700000000004,0.708
0MK8l3nURwwQIjafvXoJJt,ASIAN KUNG-FU GENERATION,Japan,6KYczjHtBMrzcYsMBHGPQ4,踵で愛を打ち鳴らせ,2012-09,j-rock,0.0,False,265747,0.0235,0.435,0.777,5.19e-06,C,0.0946,-4.873,Major,0.034,153.096,0.31
0MK8l3nURwwQIjafvXoJJt,ASIAN KUNG-FU GENERATION,Japan,6HwnXzPQxPKngcGobswzY4,アネモネの咲く春に,2012-09,j-rock,0.0,False,301267,0.00431,0.5539999999999999,0.665,0.000325,E,0.0931,-4.768,Major,0.0284,91.128,0.294
0XNa1vTidXlvJ2gHSsRi4A,Franz Ferdinand,Europe,074Lzn2aFmlVgYiFmWzpA4,The Dark Of The Matinee (Chile Spice Mix),2010-07,indie rock,8.0,False,236242,0.309,0.614,0.479,0.000366,F#,0.0853,-6.107,Minor,0.0311,115.219,0.6759999999999999
0XNa1vTidXlvJ2gHSsRi4A,Franz Ferdinand,Europe,1by2yZWXqeTs4SRlBDsGov,Always Ascending,2018-02,indie rock,44.0,False,321413,0.00196,0.442,0.92,3.64e-06,G,0.11,-4.688,Major,0.107,112.585,0.255
0XNa1vTidXlvJ2gHSsRi4A,Franz Ferdinand,Europe,7zE4YHQa4c2XqcKfBKvQgD,Lazy Boy,2018-02,indie rock,40.0,False,179520,0.0157,0.61,0.853,4e-05,C,0.182,-6.007999999999999,Major,0.184,118.283,0.601
0XNa1vTidXlvJ2gHSsRi4A,Franz Ferdinand,Europe,1t18idTmPA3sWLxYUWwesw,Paper Cages,2018-02,indie rock,38.0,False,220827,0.0119,0.522,0.725,0.0,F,0.332,-4.856,Major,0.1689999999999999,200.365,0.747
0XNa1vTidXlvJ2gHSsRi4A,Franz Ferdinand,Europe,3x2GC8ebjIpE3iCZmDjFFs,Finally,2018-02,indie rock,35.0,False,189907,0.0001629999999999,0.623,0.8220000000000001,0.0,G,0.578,-4.93,Major,0.0313,110.774,0.314
0XNa1vTidXlvJ2gHSsRi4A,Franz Ferdinand,Europe,0P0oXVckXBwxgzDtQ4jpuM,The Academy Award,2018-02,indie rock,31.0,False,254013,0.294,0.489,0.512,2.19e-06,C#,0.182,-7.842,Major,0.0438,119.499,0.126
0XNa1vTidXlvJ2gHSsRi4A,Franz Ferdinand,Europe,3upKeTIso3eNrfHBF5DwTl,Lois Lane,2018-02,indie rock,29.0,False,214120,0.00288,0.6940000000000001,0.486,0.00113,C,0.0779,-7.188,Major,0.135,128.813,0.6559999999999999
0XNa1vTidXlvJ2gHSsRi4A,Franz Ferdinand,Europe,4UDHAkOfY2WKh6lw0oN7lN,Huck And Jim,2018-02,indie rock,28.0,False,215147,0.00642,0.3989999999999999,0.6609999999999999,0.00112,D,0.171,-5.356,Major,0.05,106.967,0.127
0XNa1vTidXlvJ2gHSsRi4A,Franz Ferdinand,Europe,6UZVW9DjfRKrcIVco5uwc1,Glimpse Of Love,2018-02,indie rock,39.0,False,192307,0.0233,0.4539999999999999,0.88,0.0,E,0.218,-4.32,Minor,0.122,118.238,0.546
0XNa1vTidXlvJ2gHSsRi4A,Franz Ferdinand,Europe,1Ze0nMoP6PY90k4VjInW4T,Feel The Love Go,2018-02,indie rock,39.0,False,286440,0.000583,0.523,0.7,0.0,A#,0.135,-4.332,Minor,0.131,114.297,0.525
0XNa1vTidXlvJ2gHSsRi4A,Franz Ferdinand,Europe,6aUaQOX8F9v4qn2sK9rprO,Slow Don't Kill Me Slow,2018-02,indie rock,29.0,False,318533,0.0195,0.325,0.718,0.00153,C#,0.213,-7.6320000000000014,Major,0.0544,116.059,0.237
0blbVefuxOGltDBa00dspv,LiSA,Japan,255tYHTDoBpUlemKi7m7Zz,ASH,2017-11,anime,0.0,False,239507,0.0266,0.416,0.954,2.73e-06,C#,0.2289999999999999,-2.363,Major,0.0731,95.896,0.278
51Blml2LZPmy7TTiAg47vQ,U2,Europe,7m9HnB0v25mBeXctqWQ5Vf,Pride [In The Name Of Love],2011-11,rock,8.0,False,230480,0.173,0.573,0.84,0.00213,E,0.332,-5.561,Minor,0.0448,106.017,0.722
51Blml2LZPmy7TTiAg47vQ,U2,Europe,3uXPg0BbgitUWd1Wa4xSrz,I Still Haven't Found What I'm Looking For,2011-11,rock,12.0,False,265067,0.158,0.5379999999999999,0.644,0.0,A#,0.969,-7.547999999999999,Major,0.0286,101.505,0.442
51Blml2LZPmy7TTiAg47vQ,U2,Europe,0bd2MpJB9SacuxSMFlpf41,Vertigo,2011-11,rock,8.0,False,201893,0.00819,0.44,0.816,0.00377,G,0.7140000000000001,-6.702000000000001,Major,0.0792,140.156,0.467
51Blml2LZPmy7TTiAg47vQ,U2,Europe,2Qq8d8XUH2jOvJNF23lDpe,Until The End Of The World,2011-11,rock,7.0,False,280707,0.00455,0.4579999999999999,0.794,0.8340000000000001,C,0.972,-8.3,Major,0.0633,104.146,0.7709999999999999
0XNa1vTidXlvJ2gHSsRi4A,Franz Ferdinand,Europe,3vL57lNQWn9DedKLxY0nvt,Feel The Love Go - Edit,2018-01,indie rock,23.0,False,197490,0.000825,0.593,0.6659999999999999,0.0,A#,0.618,-4.824,Minor,0.0679,114.344,0.449
0XNa1vTidXlvJ2gHSsRi4A,Franz Ferdinand,Europe,18oEs1SzGSNMFxo77T3EbE,Feel The Love Go,2018-01,indie rock,17.0,False,286440,0.000583,0.523,0.7,0.0,A#,0.135,-4.332,Minor,0.131,114.297,0.525
568ZhdwyaiCyOGJRtNYhWf,Deep Purple,Europe,5LxiXqJUzMi8mylvXZQOn3,Soldier of Fortune,2017-02,hard rock,1.0,False,193653,0.417,0.546,0.2739999999999999,2.99e-05,D,0.109,-15.07,Minor,0.027,66.809,0.228
0XNa1vTidXlvJ2gHSsRi4A,Franz Ferdinand,Europe,1frCKo4D3lktaPHfkyEuHo,Glimpse Of Love - Version,2018-01,indie rock,25.0,False,180040,0.0175,0.531,0.924,0.0,E,0.178,-5.8660000000000005,Minor,0.0835,118.514,0.546
36QJpDe2go2KgaRleHCDTp,Led Zeppelin,Europe,7F9HDTp5qh7iDxxGX4D8Ab,LA Drone - Live 1972; 2018 Remaster,2003-05,classic rock,1.0,False,14707,0.0208,0.0,0.304,0.6890000000000001,C#,0.254,-14.74,Major,0.0,0.0,0.0
36QJpDe2go2KgaRleHCDTp,Led Zeppelin,Europe,2aH2dcPnwoQwhLsXFezU2r,Immigrant Song - Live 1972; 2018 Remaster,2003-05,classic rock,41.0,False,221733,0.000486,0.287,0.94,0.482,G#,0.7959999999999999,-7.185,Minor,0.0828,115.088,0.1969999999999999
36QJpDe2go2KgaRleHCDTp,Led Zeppelin,Europe,2u7UUC5j1AStZ72gtxmXca,Heartbreaker - Live 1972; 2018 Remaster,2003-05,classic rock,36.0,False,443987,0.0116,0.35,0.8170000000000001,0.0918,E,0.347,-9.686,Minor,0.0816,105.593,0.406
36QJpDe2go2KgaRleHCDTp,Led Zeppelin,Europe,6pN1dljT8l0mFlP6p6QqBF,Black Dog - Live 1972; 2018 Remaster,2003-05,classic rock,36.0,False,340627,0.00734,0.244,0.846,0.0567,D,0.935,-9.526,Minor,0.103,84.426,0.581
36QJpDe2go2KgaRleHCDTp,Led Zeppelin,Europe,78lkVq8OU8g2P8ib9lov3v,Over the Hills and Far Away - Live 1972; 2018 Remaster,2003-05,classic rock,37.0,False,307560,0.0908,0.293,0.862,0.0481,G,0.924,-9.278,Major,0.0802,99.66,0.192
36QJpDe2go2KgaRleHCDTp,Led Zeppelin,Europe,08ucu2UJHoZ05NDoBuV0vO,Since I've Been Loving You - Live 1972; 2018 Remaster,2003-05,classic rock,37.0,False,481600,0.00639,0.37,0.677,0.00346,F,0.888,-8.552,Minor,0.0525,115.215,0.314
36QJpDe2go2KgaRleHCDTp,Led Zeppelin,Europe,2V2Igm4OpbGsedZh1M4grD,Stairway to Heaven - Live 1972; 2018 Remaster,2003-05,classic rock,42.0,False,577013,0.0616,0.308,0.583,0.00123,A,0.976,-10.307,Minor,0.043,106.661,0.2289999999999999
36QJpDe2go2KgaRleHCDTp,Led Zeppelin,Europe,58JPjsCFHyZWcZIaBti7Ru,Going to California - Live 1972; 2018 Remaster,2003-05,classic rock,40.0,False,337000,0.6629999999999999,0.483,0.442,0.0004759999999999,G,0.953,-10.928,Major,0.0307,80.656,0.172
36QJpDe2go2KgaRleHCDTp,Led Zeppelin,Europe,35AY4jDoaSQsL2gE3eYUlQ,That's The Way - Live 1972; 2018 Remaster,2003-05,classic rock,35.0,False,353827,0.312,0.414,0.449,0.00205,G,0.715,-11.512,Major,0.0392,81.053,0.283
36QJpDe2go2KgaRleHCDTp,Led Zeppelin,Europe,7oGaVEK7AJyXwsZ5N6osgy,Bron-Y-Aur Stomp - Live 1972; 2018 Remaster,2003-05,classic rock,34.0,False,293760,0.0237,0.445,0.847,0.0413,F,0.727,-10.536,Major,0.0444,111.55,0.27
36QJpDe2go2KgaRleHCDTp,Led Zeppelin,Europe,4CQIIdtrzVaPvfz9byC0zJ,Dazed and Confused - Live 1972; 2018 Remaster,2003-05,classic rock,32.0,False,1525320,0.00569,0.336,0.8490000000000001,0.37,D,0.7170000000000001,-9.195,Major,0.188,130.658,0.184
36QJpDe2go2KgaRleHCDTp,Led Zeppelin,Europe,7tzjBdY07ykxbhtAsWALai,What Is and What Should Never Be (Live) - Live 1972; 2018 Remaster,2003-05,classic rock,32.0,False,280200,0.0667,0.302,0.879,0.000134,E,0.889,-8.722000000000001,Major,0.135,90.755,0.282
36QJpDe2go2KgaRleHCDTp,Led Zeppelin,Europe,39JudCq5uR4e6bIQI0O0Hh,Dancing Days - Live 1972; 2018 Remaster,2003-05,classic rock,32.0,False,221427,0.000957,0.515,0.926,1.53e-05,F,0.971,-8.738,Major,0.0614,121.411,0.493
36QJpDe2go2KgaRleHCDTp,Led Zeppelin,Europe,7aQX6ldfIa8R0NcYv4X0CG,Moby Dick - Live 1972; 2018 Remaster,2003-05,classic rock,34.0,False,1164667,0.249,0.358,0.868,0.882,C#,0.684,-11.884,Major,0.0495,140.36,0.356
36QJpDe2go2KgaRleHCDTp,Led Zeppelin,Europe,2tv2oDLPa92DRMk7RhLRfW,Whole Lotta Love - Live 1972; 2018 Remaster,2003-05,classic rock,33.0,False,1261320,0.0329,0.377,0.7190000000000001,0.0228,D,0.989,-9.854,Major,0.086,119.513,0.4429999999999999
36QJpDe2go2KgaRleHCDTp,Led Zeppelin,Europe,6IOTugmevWGWp4k4nU12XW,Rock and Roll - Live 1972; 2018 Remaster,2003-05,classic rock,36.0,False,235613,0.00522,0.214,0.974,0.0008439999999999,A,0.977,-8.18,Major,0.0706,176.451,0.5529999999999999
36QJpDe2go2KgaRleHCDTp,Led Zeppelin,Europe,2hBhQaRYrAGVLy1dNXtMES,The Ocean - Live 1972; 2018 Remaster,2003-05,classic rock,33.0,False,260027,0.0978,0.2789999999999999,0.885,0.00673,D,0.883,-9.511,Major,0.141,186.023,0.52
36QJpDe2go2KgaRleHCDTp,Led Zeppelin,Europe,4smUdPiTEyg2qEJKH3sMHV,Bring It on Home / Bring It on Back - Live 1972; 2018 Remaster,2003-05,classic rock,34.0,False,571787,0.02,0.382,0.778,0.0272,D,0.989,-9.836,Major,0.109,106.014,0.421
12Chz98pHFMPJEknJQMWvI,Muse,Europe,636WyFxSbCDIMLPbWkfVBQ,Butterflies and Hurricanes,2004-01,alternative rock,36.0,False,301733,0.31,0.42,0.691,0.0427,A,0.109,-8.56,Major,0.0501,115.326,0.0383
12Chz98pHFMPJEknJQMWvI,Muse,Europe,2FOu8GzRClMrHBhMJ24QMZ,Butterflies and Hurricanes - Additional Guitars Remix; Full Length Version,2004-01,alternative rock,33.0,False,300266,0.0118,0.259,0.746,0.166,A,0.0666,-8.365,Major,0.0653,115.261,0.0379
12Chz98pHFMPJEknJQMWvI,Muse,Europe,6zcxB3mbefvUuRugsUiOL9,Butterflies and Hurricanes - Live at Glastonbury 2004,2004-01,alternative rock,23.0,False,376053,0.0464,0.223,0.939,0.8740000000000001,A#,0.626,-7.501,Major,0.157,115.16,0.0762
12Chz98pHFMPJEknJQMWvI,Muse,Europe,5XwYA5Xy8RJrJhlp7ioBgJ,Sing for Absolution - Acoustic Radio 2 Performance,2004-01,alternative rock,32.0,False,272746,0.498,0.273,0.3829999999999999,0.0138,B,0.0714,-10.219,Minor,0.0268,83.99799999999998,0.2
22bE4uQ6baNwSHPVcDxLCe,The Rolling Stones,Europe,5Ic4RyVeYNU1FzjyT9PQ6Q,The Rocky Road to Dublin (with The Rolling Stones),1995-01,celtic,27.0,False,304547,0.292,0.445,0.841,0.424,G,0.298,-8.674,Major,0.0362,127.117,0.768
5NGO30tJxFlKixkPSgXcFE,The Police,Europe,6wPLdwK5mYNhVH4g2kKig5,Every Little Thing She Does Is Magic,1998-01,rock,0.0,False,258693,0.115,0.564,0.862,0.0567,D,0.183,-6.9579999999999975,Major,0.0335,81.98,0.366
4Z8W4fKeB5YxbusRsdQVPb,Radiohead,Europe,5Dmzmvvlgbc6DBjVc1SEaJ,2 + 2 = 5 - Live at Earls Court,2004-03,art rock,36.0,False,215267,0.0569,0.307,0.812,0.0007559999999999,F,0.357,-8.073,Minor,0.0561,148.165,0.347
4Z8W4fKeB5YxbusRsdQVPb,Radiohead,Europe,1FAdu419Mzdz9huoMhJO8D,Remyxomatosis - Cristian Vogel RMX,2004-03,art rock,30.0,False,309920,0.0193,0.614,0.758,0.623,B,0.395,-11.014,Minor,0.04,136.394,0.121
4Z8W4fKeB5YxbusRsdQVPb,Radiohead,Europe,4xJhsaUlK1grJinlH57Tg4,I Will - Los Angeles Version,2004-03,art rock,42.0,False,133240,0.482,0.347,0.268,0.148,C#,0.0966,-13.559,Major,0.0277,163.305,0.25
4Z8W4fKeB5YxbusRsdQVPb,Radiohead,Europe,2VdQeSHJOxA1hk9PlOdWI9,Paperbag Writer,2004-03,art rock,38.0,False,238280,0.11,0.765,0.493,0.171,C#,0.138,-9.496,Major,0.0491,102.524,0.6809999999999999
4Z8W4fKeB5YxbusRsdQVPb,Radiohead,Europe,32GqgY5g7liN5uMPLYiQRO,I Am a Wicked Child,2004-03,art rock,40.0,False,186333,0.605,0.411,0.574,0.698,C,0.1369999999999999,-8.333,Major,0.0337,203.656,0.6920000000000001
4Z8W4fKeB5YxbusRsdQVPb,Radiohead,Europe,4xIaByuXiCjAUDUejIlXj3,I Am Citizen Insane,2004-03,art rock,37.0,False,212600,0.6859999999999999,0.723,0.928,0.821,G,0.107,-8.786,Major,0.066,124.021,0.556
4Z8W4fKeB5YxbusRsdQVPb,Radiohead,Europe,7DczdRehytHjEzFpexrvkz,Skttrbrain - Four Tet Remix,2004-03,art rock,31.0,False,265107,0.062,0.629,0.841,0.0196,G,0.166,-7.747999999999997,Major,0.0822,126.983,0.596
4Z8W4fKeB5YxbusRsdQVPb,Radiohead,Europe,65Qe2BvSSTOEC9ElDw3JgP,Gagging Order,2004-03,art rock,53.0,False,216000,0.847,0.306,0.267,0.305,A#,0.114,-13.797,Major,0.0291,160.33100000000005,0.168
4Z8W4fKeB5YxbusRsdQVPb,Radiohead,Europe,31IW5yO5sD6KVia4FvILUY,Fog (Again) - Live,2004-03,art rock,43.0,False,138400,0.965,0.285,0.304,0.447,D,0.8170000000000001,-14.526,Major,0.0318,133.27700000000002,0.196
4Z8W4fKeB5YxbusRsdQVPb,Radiohead,Europe,1CQ3Zf1t6SuUXPEKtgtgNt,Where Bluebirds Fly,2004-03,art rock,36.0,False,271253,0.222,0.5539999999999999,0.573,0.912,F#,0.0879,-9.961,Minor,0.17,177.986,0.746
1dfeR4HaWDbWqFHLkxsg1d,Queen,Europe,32mwlJqE38D1qCoFwVjgpZ,Bohemian Rhapsody,1992-02,classic rock,0.0,False,357933,0.16,0.391,0.384,1.54e-06,C,0.258,-9.954,Minor,0.0474,144.673,0.24
51Blml2LZPmy7TTiAg47vQ,U2,Europe,0V2bx5QVc6liQmt2iYOVD6,If God Will Send His Angels,1998-03,rock,0.0,False,271507,0.203,0.551,0.411,0.0416,F#,0.1009999999999999,-12.069,Major,0.0281,89.84,0.412
4Z8W4fKeB5YxbusRsdQVPb,Radiohead,Europe,5Ze7kVclNFiBT6XQW3Ez7R,Paranoid Android,1997-05,art rock,38.0,False,387213,0.0377,0.251,0.848,0.00591,F,0.0545,-6.501,Major,0.0579,163.709,0.207
4Z8W4fKeB5YxbusRsdQVPb,Radiohead,Europe,4CDeqY78NRvHBHLYW6ufnN,Polyethylene (Parts 1 & 2),1997-05,art rock,36.0,False,262667,0.00042,0.1939999999999999,0.424,0.000802,D,0.33,-9.018,Major,0.0337,149.559,0.253
4Z8W4fKeB5YxbusRsdQVPb,Radiohead,Europe,3rCojwN8TYQwucZUKF7jXu,Pearly,1997-05,art rock,41.0,False,213133,5.03e-05,0.355,0.758,0.105,A,0.131,-9.069,Minor,0.0415,116.859,0.3339999999999999
4Z8W4fKeB5YxbusRsdQVPb,Radiohead,Europe,0QbGfvdL2JAmXEwJXbzOfA,A Reminder,1997-05,art rock,36.0,True,231400,0.271,0.296,0.39,0.349,A,0.1969999999999999,-14.095999999999998,Major,0.0279999999999999,77.053,0.176
4Z8W4fKeB5YxbusRsdQVPb,Radiohead,Europe,02fKY7GT9rlbz1bY54VQII,Melatonin,1997-05,art rock,33.0,False,129400,0.3289999999999999,0.24,0.359,0.0706,D,0.0969999999999999,-13.482,Major,0.0455,125.534,0.0498
4Z8W4fKeB5YxbusRsdQVPb,Radiohead,Europe,2yzLpXCWjksJRAqD9sR7it,Let Down,1997-05,art rock,52.0,False,299560,0.000121,0.351,0.6759999999999999,0.113,A,0.18,-9.017,Major,0.0313,102.46,0.143
4Z8W4fKeB5YxbusRsdQVPb,Radiohead,Europe,6ll0gswcKqcY5adNlm7aDw,Pyramid Song,2001-05,art rock,35.0,False,288733,0.7859999999999999,0.12,0.336,0.4039999999999999,B,0.111,-8.298,Minor,0.0352,72.64,0.0679
4Z8W4fKeB5YxbusRsdQVPb,Radiohead,Europe,3AfvMkOfGlqyVfbheF5urG,The Amazing Sounds of Orgy,2001-05,art rock,41.0,False,218493,0.245,0.3229999999999999,0.628,0.4,C#,0.165,-11.727,Minor,0.0998,124.589,0.206
4Z8W4fKeB5YxbusRsdQVPb,Radiohead,Europe,4kIQt9cFHPBnZlWKewK3nA,Trans-Atlantic Drawl,2001-05,art rock,38.0,False,181867,0.222,0.0858,0.606,0.939,F#,0.373,-5.244,Minor,0.0592,70.789,0.0326
4Z8W4fKeB5YxbusRsdQVPb,Radiohead,Europe,4UDHicqIrYfEqE7y7Cji60,Fast-Track,2001-05,art rock,35.0,False,197640,0.0576,0.4579999999999999,0.904,0.875,C#,0.122,-7.108,Minor,0.203,103.473,0.4
4Z8W4fKeB5YxbusRsdQVPb,Radiohead,Europe,0dXk1hUqHFoQlCN4GgC7jN,Kinetic,2001-05,art rock,38.0,False,246107,0.7959999999999999,0.583,0.312,0.293,F#,0.105,-12.573,Major,0.0359,116.78,0.165
0k17h0D3J5VfsdmQ1iZtE9,Pink Floyd,Europe,6yvXVZayz0dRcIqMANONMs,Shine On You Crazy Diamond - Live,1988-11,progressive rock,45.0,False,714133,0.236,0.2739999999999999,0.41,0.00134,G,0.97,-15.906,Minor,0.0442,144.662,0.0695
0k17h0D3J5VfsdmQ1iZtE9,Pink Floyd,Europe,2x0sv0ZnbAdt7g7t7vHDBe,Learning to Fly - Live,1988-11,progressive rock,46.0,False,327027,0.0493,0.473,0.674,0.0010199999999999,C,0.988,-14.155,Major,0.0409,84.906,0.483
0k17h0D3J5VfsdmQ1iZtE9,Pink Floyd,Europe,31X185MlGFhRbVTE9wuo5T,Yet Another Movie - Live,1988-11,progressive rock,44.0,False,381173,0.0128,0.281,0.467,0.00535,G,0.473,-16.160999999999998,Major,0.0362,94.946,0.275
0k17h0D3J5VfsdmQ1iZtE9,Pink Floyd,Europe,4F2kiSEs28UWaayRQEQrD2,Round and Around - Live,1988-11,progressive rock,42.0,False,33600,0.0782,0.386,0.3989999999999999,0.871,B,0.605,-22.84800000000001,Minor,0.0504,159.666,0.203
0k17h0D3J5VfsdmQ1iZtE9,Pink Floyd,Europe,6TVrplQKYT9rYWEQqdfkf8,Sorrow - Live,1988-11,progressive rock,44.0,False,568627,0.0107,0.258,0.621,0.1939999999999999,A,0.18,-13.69,Major,0.0443,94.941,0.108
0k17h0D3J5VfsdmQ1iZtE9,Pink Floyd,Europe,2qMkCVnNcP6E5tCTR0yzZ1,The Dogs of War - Live,1988-11,progressive rock,40.0,False,439400,0.157,0.2739999999999999,0.555,0.00599,C,0.953,-13.48,Major,0.106,86.045,0.106
0k17h0D3J5VfsdmQ1iZtE9,Pink Floyd,Europe,1rWHnBJbQYxNoUo894ZN5s,On the Turning Away - Live,1988-11,progressive rock,45.0,False,477267,0.00743,0.294,0.4039999999999999,0.0154,G,0.965,-15.364,Major,0.0348,101.93,0.118
0k17h0D3J5VfsdmQ1iZtE9,Pink Floyd,Europe,1ZBfMHYRpikRyO7ty9xXBd,One of These Days - Live,1988-11,progressive rock,44.0,False,376693,0.00887,0.303,0.78,0.745,E,0.594,-15.47,Major,0.208,128.907,0.113
0k17h0D3J5VfsdmQ1iZtE9,Pink Floyd,Europe,1ibpQFoKoawNqgJaXaVR3k,Time - Live,1988-11,progressive rock,44.0,False,316507,0.0482,0.368,0.758,0.0121,A,0.872,-14.947,Major,0.0966,129.328,0.349
0k17h0D3J5VfsdmQ1iZtE9,Pink Floyd,Europe,4pChZzpj83G2UzQcGjb5Rh,Wish You Were Here - Live,1988-11,progressive rock,46.0,False,289093,0.578,0.461,0.263,1.5e-05,G,0.8009999999999999,-16.48,Major,0.0337,125.612,0.1939999999999999
0k17h0D3J5VfsdmQ1iZtE9,Pink Floyd,Europe,2FAwGIz9pMUp9HjcuIqQWG,Us and Them - Live,1988-11,progressive rock,40.0,False,442040,0.115,0.41,0.2319999999999999,0.00707,D,0.7929999999999999,-15.312,Major,0.0288,75.512,0.156
0k17h0D3J5VfsdmQ1iZtE9,Pink Floyd,Europe,6Je8S4eMH9D37JRn1QmNhY,Money - Live,1988-11,progressive rock,39.0,False,592160,0.283,0.368,0.579,0.1639999999999999,B,0.716,-13.852,Minor,0.0617,135.071,0.51
0k17h0D3J5VfsdmQ1iZtE9,Pink Floyd,Europe,67RumCZoIMSrMrmSJCMAyB,"Another Brick in the Wall, Pt. 2 - Live",1988-11,progressive rock,39.0,False,329000,0.0497,0.461,0.7240000000000001,0.0363,C,0.81,-14.108,Major,0.0551,105.827,0.648
0k17h0D3J5VfsdmQ1iZtE9,Pink Floyd,Europe,2ELFNW358ybLF1iZRpKYxi,Comfortably Numb - Live,1988-11,progressive rock,45.0,False,536507,0.0018899999999999,0.155,0.605,0.00558,B,0.99,-12.804,Minor,0.0383,65.657,0.33
0k17h0D3J5VfsdmQ1iZtE9,Pink Floyd,Europe,1sbb1bl7qsr7LEALYEj8Nw,Run Like Hell - Live,1988-11,progressive rock,39.0,False,432360,0.0331,0.518,0.757,0.418,A,0.977,-14.879,Major,0.048,122.45,0.283
0k17h0D3J5VfsdmQ1iZtE9,Pink Floyd,Europe,6YdueMw0uSDFj62Ly4Oegp,"Shine On You Crazy Diamond (Pts. 1-5, 7) - Live",1995-01,progressive rock,0.0,False,815160,0.321,0.209,0.472,0.000799,G,0.45,-12.319,Minor,0.0386,144.741,0.114
0k17h0D3J5VfsdmQ1iZtE9,Pink Floyd,Europe,1tunGfzyFhlpXRDJyj29Ij,Astronomy Domine - Live,1995-01,progressive rock,0.0,False,260640,0.000993,0.2019999999999999,0.7440000000000001,0.407,A,0.882,-12.385,Major,0.0504,141.753,0.143
0k17h0D3J5VfsdmQ1iZtE9,Pink Floyd,Europe,44rQQujhahuq2cEGl2fiDT,What Do You Want from Me - Live,1995-01,progressive rock,0.0,False,249360,0.0185,0.478,0.6609999999999999,2.88e-05,E,0.7659999999999999,-11.968,Minor,0.0411,108.074,0.405
0k17h0D3J5VfsdmQ1iZtE9,Pink Floyd,Europe,60uvkaYFgUaw862cvTgGM5,Learning to Fly - Live,1995-01,progressive rock,0.0,False,315840,0.0878,0.478,0.669,0.000865,C,0.851,-12.385,Major,0.0393,170.12099999999995,0.514
0k17h0D3J5VfsdmQ1iZtE9,Pink Floyd,Europe,5YPpKosiAzKoclFFqE0rdA,Keep Talking - Live,1995-01,progressive rock,0.0,False,412960,0.225,0.475,0.6970000000000001,0.000593,E,0.659,-12.297,Minor,0.0562,99.994,0.292
0k17h0D3J5VfsdmQ1iZtE9,Pink Floyd,Europe,75hr3otyl2HRH2UCFqf2tx,Coming Back to Life - Live,1995-01,progressive rock,0.0,False,416000,0.434,0.295,0.49,0.000951,C,0.952,-12.872,Major,0.0325,89.72399999999998,0.139
0k17h0D3J5VfsdmQ1iZtE9,Pink Floyd,Europe,7y08Kl6Q865SM0xp31yLI5,Hey You - Live,1995-01,progressive rock,0.0,False,279240,0.314,0.325,0.402,8.01e-05,E,0.873,-14.550999999999998,Minor,0.0347,114.62,0.191
0k17h0D3J5VfsdmQ1iZtE9,Pink Floyd,Europe,48X9GrhPwuXx20nlRwrIG2,A Great Day for Freedom - Live,1995-01,progressive rock,0.0,False,270227,0.423,0.177,0.352,0.000329,C,0.918,-14.217,Major,0.0321,168.248,0.176
0k17h0D3J5VfsdmQ1iZtE9,Pink Floyd,Europe,5YAzmqb3i4ltub07mU90Vs,Sorrow - Live,1995-01,progressive rock,0.0,False,649067,0.0867,0.428,0.684,0.366,A,0.937,-11.987,Major,0.0427,95.008,0.105
0k17h0D3J5VfsdmQ1iZtE9,Pink Floyd,Europe,6ZN6ziJYlKwdZf4A0mOGoS,High Hopes - Live,1995-01,progressive rock,0.0,False,472267,0.518,0.4539999999999999,0.374,0.0104,C,0.944,-14.035,Minor,0.0257,75.113,0.157
0k17h0D3J5VfsdmQ1iZtE9,Pink Floyd,Europe,1DuLUalpWPKR9ryXEz1TK7,"Another Brick in the Wall, (Pt. 2) - Live",1995-01,progressive rock,0.0,False,427333,0.0486,0.638,0.547,0.105,C,0.99,-12.563,Major,0.0354,101.996,0.342
0k17h0D3J5VfsdmQ1iZtE9,Pink Floyd,Europe,7wAUJ2BbuEI8Yd55cUBXtp,Speak to Me - Live,1995-01,progressive rock,0.0,False,150267,0.000821,0.361,0.0851,0.391,C#,0.625,-32.574,Major,0.0981,99.798,0.0383
0k17h0D3J5VfsdmQ1iZtE9,Pink Floyd,Europe,6Ln2ZVuXBUC6b1B4UhWBbM,Breathe (In the Air) - Live,1995-01,progressive rock,0.0,False,153600,0.141,0.34,0.34,1.83e-05,B,0.789,-16.514,Minor,0.0398,124.081,0.299
0k17h0D3J5VfsdmQ1iZtE9,Pink Floyd,Europe,6ZqvipvN3k6ge35y9xIz5o,On the Run - Live,1995-01,progressive rock,0.0,False,227933,0.121,0.325,0.62,0.872,B,0.132,-22.483,Minor,0.091,81.725,0.193
0k17h0D3J5VfsdmQ1iZtE9,Pink Floyd,Europe,3XUNTGIEGLByxGB5BirCrL,Time - Live,1995-01,progressive rock,0.0,False,406600,0.285,0.354,0.529,0.00218,A,0.752,-14.219,Major,0.0558,127.253,0.315
0k17h0D3J5VfsdmQ1iZtE9,Pink Floyd,Europe,4mdhTaiGMpwy6U1tDUhfQl,The Great Gig in the Sky - Live,1995-01,progressive rock,0.0,False,352000,0.599,0.295,0.294,0.251,F,0.995,-15.308,Major,0.034,59.602,0.0603
0k17h0D3J5VfsdmQ1iZtE9,Pink Floyd,Europe,0iNGV0ysIfAJGdRwhs8Rag,Money - Live,1995-01,progressive rock,0.0,False,534160,0.335,0.3829999999999999,0.588,0.00777,B,0.918,-11.958,Minor,0.0696,124.319,0.544
0k17h0D3J5VfsdmQ1iZtE9,Pink Floyd,Europe,3OMcDnlrXbY5k5MOAquCIC,Us and Them - Live,1995-01,progressive rock,0.0,False,417933,0.222,0.379,0.348,0.00235,D,0.7809999999999999,-12.902,Major,0.0276,77.487,0.2239999999999999
0k17h0D3J5VfsdmQ1iZtE9,Pink Floyd,Europe,5Km2Lr4mw28XVrFIwbqTId,Any Colour You Like - Live,1995-01,progressive rock,0.0,False,201067,0.1639999999999999,0.321,0.611,0.944,A,0.309,-13.411,Minor,0.0489,142.216,0.7170000000000001
0k17h0D3J5VfsdmQ1iZtE9,Pink Floyd,Europe,6xzKp8AsgjlZoSTc7QqYn7,Brain Damage - Live,1995-01,progressive rock,0.0,False,225973,0.41,0.284,0.25,0.000331,D,0.46,-16.283,Major,0.0333,134.166,0.218
0k17h0D3J5VfsdmQ1iZtE9,Pink Floyd,Europe,3HoCEzyAr57HwuUS4X0Vtc,Eclipse - Live,1995-01,progressive rock,0.0,False,157600,0.114,0.122,0.725,5.63e-06,E,0.8859999999999999,-13.697,Minor,0.218,171.382,0.1989999999999999
0k17h0D3J5VfsdmQ1iZtE9,Pink Floyd,Europe,411GLjM61AhutwQGmDRIne,Wish You Were Here - Live,1995-01,progressive rock,0.0,False,395000,0.5760000000000001,0.387,0.3670000000000001,0.00022,G,0.982,-16.976,Major,0.0521,130.668,0.355
0k17h0D3J5VfsdmQ1iZtE9,Pink Floyd,Europe,6roY6Z2b0Q7DH3ZM4SRoTz,Comfortably Numb - Live,1995-01,progressive rock,0.0,False,569267,0.047,0.2239999999999999,0.494,0.00158,B,0.989,-12.241,Minor,0.0362,123.566,0.218
0k17h0D3J5VfsdmQ1iZtE9,Pink Floyd,Europe,0bebnw7kENPj3s4IThDJpp,Run Like Hell - Live,1995-01,progressive rock,0.0,False,516560,0.0494,0.5760000000000001,0.84,0.258,D,0.972,-13.181,Major,0.0839,121.269,0.195
7Ln80lUS6He07XvHI8qqHH,Arctic Monkeys,Europe,2MgHR3W3xEwn7EQu0ZEihw,Tranquility Base Hotel & Casino,2018-05,indie,35.0,True,211968,0.0402,0.589,0.773,0.00894,A,0.226,-6.638,Minor,0.0296,142.181,0.792
12Chz98pHFMPJEknJQMWvI,Muse,Europe,6uLN5FcelAPEZ5WW1gSNbw,The Dark Side (Alternate Reality Version),2018-11,alternative rock,39.0,False,234173,0.924,0.278,0.364,0.0042299999999999,C,0.127,-11.915,Minor,0.031,95.149,0.0934
12Chz98pHFMPJEknJQMWvI,Muse,Europe,3z7e1YhpDI6M3Cl8ztlt2D,Propaganda (Acoustic),2018-11,alternative rock,36.0,False,178627,0.107,0.769,0.664,0.0312,D,0.309,-4.841,Major,0.209,95.009,0.706
12Chz98pHFMPJEknJQMWvI,Muse,Europe,0A0z2PjpgmnaROhc4r43ek,Break It to Me (Sam de Jong Remix),2018-11,alternative rock,36.0,False,188200,0.0412,0.569,0.81,2.11e-06,A#,0.105,-4.88,Minor,0.0803,179.9,0.153
12Chz98pHFMPJEknJQMWvI,Muse,Europe,5JHgklCirwRuOYtc55D9sB,Thought Contagion (Live),2018-11,alternative rock,36.0,False,248027,0.0006929999999999,0.418,0.8190000000000001,0.0228,F,0.91,-5.6960000000000015,Major,0.0437,140.08700000000002,0.28
12Chz98pHFMPJEknJQMWvI,Muse,Europe,0Tjw5aLMwzCki7ADdLwddL,Dig Down (Acoustic Gospel Version),2018-11,alternative rock,39.0,False,237187,0.8170000000000001,0.522,0.475,3.29e-06,C,0.172,-7.249,Major,0.0291,127.059,0.2019999999999999
12Chz98pHFMPJEknJQMWvI,Muse,Europe,5ZWVJkzUQlHaRtW5mgRrll,The Void (Acoustic),2018-11,alternative rock,37.0,False,274427,0.916,0.25,0.356,0.00216,G,0.0927,-10.939,Minor,0.0308,144.265,0.124
12Chz98pHFMPJEknJQMWvI,Muse,Europe,1TIVeF4bivHZNKYO3A8bT3,The Dark Side (Alternate Reality Version) [Instrumental] - Alternate Reality Version; Instrumental,2018-11,alternative rock,36.0,False,173040,0.942,0.153,0.405,0.8640000000000001,C,0.105,-12.262,Minor,0.0361,93.338,0.0596
12Chz98pHFMPJEknJQMWvI,Muse,Europe,3yya5qQNJZUhwt1Yn46p1L,Supremacy - Live at Rome Olympic Stadium,2013-11,alternative rock,39.0,False,316413,0.000743,0.249,0.8809999999999999,0.115,A,0.974,-7.104,Minor,0.0469,158.607,0.256
12Chz98pHFMPJEknJQMWvI,Muse,Europe,6AHgA7QTtbrXzm9Ftiq9Rg,Panic Station - Live at Rome Olympic Stadium,2013-11,alternative rock,39.0,True,192373,0.0085,0.552,0.929,7.59e-05,C,0.986,-5.2970000000000015,Major,0.0537,105.031,0.532
12Chz98pHFMPJEknJQMWvI,Muse,Europe,2h9iS5iELVA2jKtaY9DFgZ,Resistance - Live at Rome Olympic Stadium,2013-11,alternative rock,40.0,False,332227,0.0039,0.456,0.941,0.0463,A,0.6629999999999999,-6.627000000000002,Minor,0.0638,135.05100000000002,0.162
12Chz98pHFMPJEknJQMWvI,Muse,Europe,57IRQzhQiU3RHYFxofASv1,Hysteria - Live at Rome Olympic Stadium,2013-11,alternative rock,41.0,False,306147,6.5e-06,0.282,0.902,0.5920000000000001,B,0.993,-6.624,Minor,0.067,93.03,0.151
12Chz98pHFMPJEknJQMWvI,Muse,Europe,6wTia4XcRsCSyGCOKV8jEL,Animals - Live at Rome Olympic Stadium,2013-11,alternative rock,36.0,False,261160,0.0163,0.449,0.906,0.215,B,0.78,-6.7970000000000015,Major,0.05,170.019,0.319
12Chz98pHFMPJEknJQMWvI,Muse,Europe,1c9IiRvi0Ehis1hDhkfohf,Knights of Cydonia - Live at Rome Olympic Stadium,2013-11,alternative rock,44.0,False,499373,0.000317,0.272,0.935,0.12,A,0.981,-6.215,Major,0.09,138.661,0.131
12Chz98pHFMPJEknJQMWvI,Muse,Europe,1nj4l24EQcI1AuhuOXhi6R,Explorers - Live at Rome Olympic Stadium,2013-11,alternative rock,36.0,False,354267,0.193,0.191,0.552,0.000989,C,0.758,-8.795,Major,0.0296,92.08,0.0876
12Chz98pHFMPJEknJQMWvI,Muse,Europe,6S42sxyoFYMCOe41FJoW76,Follow Me - Live at Rome Olympic Stadium,2013-11,alternative rock,38.0,False,232147,0.00507,0.294,0.848,0.00047,D#,0.976,-5.907,Major,0.0517,134.974,0.0648
12Chz98pHFMPJEknJQMWvI,Muse,Europe,6V32iK1yvpQPnRa5KuibUv,Madness - Live at Rome Olympic Stadium,2013-11,alternative rock,43.0,True,277827,0.0839,0.474,0.605,0.0957,A,0.752,-8.343,Major,0.0385,91.987,0.205
12Chz98pHFMPJEknJQMWvI,Muse,Europe,4m3D498vkAiWB7ajO1RAKp,Guiding Light - Live at Rome Olympic Stadium,2013-11,alternative rock,35.0,False,258440,0.0298,0.476,0.899,8.98e-05,C,0.94,-4.833,Major,0.0666,147.938,0.228
12Chz98pHFMPJEknJQMWvI,Muse,Europe,2nvFPUDTbJpefU0iqSLWq7,Supermassive Black Hole - Live at Rome Olympic Stadium,2013-11,alternative rock,41.0,False,245213,0.0249,0.478,0.975,0.233,E,0.991,-5.127999999999999,Minor,0.0602,120.033,0.22
12Chz98pHFMPJEknJQMWvI,Muse,Europe,3fM1dfdFwNoCuenLcovLXB,Uprising - Live at Rome Olympic Stadium,2013-11,alternative rock,42.0,True,335000,2.05e-05,0.517,0.931,0.0692,C,0.929,-5.393,Major,0.0527,128.032,0.2189999999999999
12Chz98pHFMPJEknJQMWvI,Muse,Europe,1vYKGFkCti8OqWvPSQiof1,Starlight - Live at Rome Olympic Stadium,2013-11,alternative rock,43.0,False,267853,0.0001159999999999,0.493,0.959,0.0223,A#,0.974,-5.39,Major,0.0553,121.597,0.174
36QJpDe2go2KgaRleHCDTp,Led Zeppelin,Europe,6rfvuWLzWCHZD2HCsmapSk,The Battle of Evermore - 1990 Remaster,1971-11,classic rock,0.0,False,351667,0.634,0.421,0.54,0.00151,E,0.062,-13.291,Minor,0.0362,146.733,0.342
36QJpDe2go2KgaRleHCDTp,Led Zeppelin,Europe,4kOCN0SaJiIlMYn0Qgdr8m,Misty Mountain Hop - 1990 Remaster,1971-11,classic rock,0.0,False,278720,0.308,0.467,0.7170000000000001,0.107,D,0.6459999999999999,-8.568999999999999,Major,0.0328,132.661,0.83
36QJpDe2go2KgaRleHCDTp,Led Zeppelin,Europe,3ugy4UZMgDleeBReUjtqP9,Four Sticks - 1993 Remaster,1971-11,classic rock,0.0,False,284960,0.0365,0.51,0.775,0.773,D,0.092,-11.303,Major,0.0607,107.001,0.444
36QJpDe2go2KgaRleHCDTp,Led Zeppelin,Europe,5yM7n12a0w0ZIxgwoobENF,When the Levee Breaks - 1990 Remaster,1971-11,classic rock,0.0,False,427800,0.0018399999999999,0.28,0.7290000000000001,0.73,F,0.103,-9.106,Major,0.0332,142.754,0.8009999999999999
36QJpDe2go2KgaRleHCDTp,Led Zeppelin,Europe,0D58ERdLBDRgT86BPnH8ps,Black Dog - Remaster,1971-11,classic rock,52.0,False,295387,0.396,0.4370000000000001,0.8640000000000001,0.0314,E,0.242,-7.842,Minor,0.0904,81.39399999999998,0.7490000000000001
36QJpDe2go2KgaRleHCDTp,Led Zeppelin,Europe,7dWfTdoKjUip1fAW7cdcIX,Rock and Roll - Remaster,1971-11,classic rock,52.0,False,220561,0.000582,0.317,0.887,0.00258,A,0.0891,-7.292000000000002,Major,0.0375,169.613,0.871
36QJpDe2go2KgaRleHCDTp,Led Zeppelin,Europe,3frf3zTgzt3YIx9ylpUoqU,Misty Mountain Hop - Remaster,1971-11,classic rock,51.0,False,278907,0.379,0.47,0.8059999999999999,0.0624,D,0.86,-7.165,Major,0.0369,132.359,0.787
36QJpDe2go2KgaRleHCDTp,Led Zeppelin,Europe,2kVhHxpxXhWr5OuuBtMLME,Four Sticks - Remaster,1971-11,classic rock,50.0,False,285227,0.174,0.507,0.8370000000000001,0.8140000000000001,D,0.0906,-10.465,Major,0.0624,107.013,0.318
36QJpDe2go2KgaRleHCDTp,Led Zeppelin,Europe,1YVc2NJBwOtAebQiSUbt5T,Going to California - Remaster,1971-11,classic rock,55.0,False,212161,0.943,0.503,0.265,0.045,D,0.0867,-15.913,Major,0.0333,78.044,0.522
36QJpDe2go2KgaRleHCDTp,Led Zeppelin,Europe,7psfcbjfnXwYIezHstNa1a,When the Levee Breaks - Remaster,1971-11,classic rock,52.0,False,428851,0.00217,0.271,0.7659999999999999,0.52,F,0.0707,-8.03,Major,0.0329,142.914,0.8029999999999999
36QJpDe2go2KgaRleHCDTp,Led Zeppelin,Europe,6MSoJM9UIFHozmBCduQRje,The Battle of Evermore - Remaster,1971-11,classic rock,49.0,False,351678,0.6559999999999999,0.42,0.662,0.000423,E,0.096,-9.828,Minor,0.0341,147.94899999999996,0.3779999999999999
36QJpDe2go2KgaRleHCDTp,Led Zeppelin,Europe,4Sc5qEOSFI5rfS9IDyu0GO,Four Sticks - Remaster,1971-11,classic rock,48.0,False,285227,0.174,0.507,0.8370000000000001,0.8140000000000001,D,0.0906,-10.465,Major,0.0624,107.013,0.318
36QJpDe2go2KgaRleHCDTp,Led Zeppelin,Europe,59Zl5fFDhkGhFv0TGeyqbv,Black Dog - Basic Track with Guitar Overdubs,1971-11,classic rock,43.0,False,274640,0.291,0.418,0.6559999999999999,0.0119,D,0.113,-9.908,Major,0.0522,80.87100000000002,0.6609999999999999
36QJpDe2go2KgaRleHCDTp,Led Zeppelin,Europe,35a7EjRYYLLyH4prB1zExl,Rock and Roll - Alternate Mix,1971-11,classic rock,41.0,False,219680,0.00258,0.341,0.952,0.00318,A,0.0995,-7.045,Major,0.0497,169.925,0.7140000000000001
36QJpDe2go2KgaRleHCDTp,Led Zeppelin,Europe,3gyroWpKKzkVkOhLJ57Tv5,The Battle of Evermore - Mandolin / Guitar Mix from Headley Grange,1971-11,classic rock,40.0,False,253373,0.74,0.491,0.477,0.905,G,0.118,-15.987,Major,0.0633,146.38,0.6829999999999999
36QJpDe2go2KgaRleHCDTp,Led Zeppelin,Europe,7llNWna9CEKr88Ng4vAwiI,Stairway to Heaven - Sunset Sound Mix,1971-11,classic rock,42.0,False,483667,0.6559999999999999,0.316,0.298,0.00337,G,0.174,-13.803,Major,0.0423,81.993,0.3
36QJpDe2go2KgaRleHCDTp,Led Zeppelin,Europe,4Y4xWuvM7MKGKxECXfnKtV,Four Sticks - Alternate Mix,1971-11,classic rock,36.0,False,273107,0.023,0.49,0.924,0.622,D,0.299,-6.959,Major,0.0658,106.87,0.326
36QJpDe2go2KgaRleHCDTp,Led Zeppelin,Europe,7s2HYAN8PSba9OGqgTL7mo,Going to California - Mandolin / Guitar Mix,1971-11,classic rock,44.0,False,214227,0.949,0.502,0.263,0.726,D,0.0887,-18.419,Major,0.0385,77.891,0.5760000000000001
36QJpDe2go2KgaRleHCDTp,Led Zeppelin,Europe,1zLAyTaKUdiZSmOifuu2kv,When the Levee Breaks - Alternate UK Mix in Progress,1971-11,classic rock,40.0,False,430827,0.0116,0.276,0.826,0.22,F,0.0916,-6.2479999999999976,Major,0.0358,142.345,0.797
4Z8W4fKeB5YxbusRsdQVPb,Radiohead,Europe,12VTgfn13lUx12D7MOYfsn,Ill Wind,2016-01,art rock,48.0,False,254113,0.8690000000000001,0.515,0.491,0.564,F,0.0977,-11.1,Minor,0.0274,146.908,0.223
7Ln80lUS6He07XvHI8qqHH,Arctic Monkeys,Europe,3Fsa3uzHEJGgUjo5CA7UTw,I Bet You Look Good On The Dancefloor,2005-11,indie,26.0,False,176467,0.000112,0.5379999999999999,0.966,0.0,F#,0.3339999999999999,-3.621,Minor,0.0358,103.172,0.733
7Ln80lUS6He07XvHI8qqHH,Arctic Monkeys,Europe,3GORZuTznTm8Aopg6dah6v,Chun Li Flying Bird Kick,2005-11,indie,19.0,False,280693,0.00325,0.669,0.846,0.82,G,0.0651,-5.384,Major,0.0295,107.034,0.552
51Blml2LZPmy7TTiAg47vQ,U2,Europe,0uQ8ai2RWkf6pPS4GSIO73,Instant Karma,2007-06,rock,28.0,False,193187,0.000393,0.6459999999999999,0.8320000000000001,0.00297,F#,0.1119999999999999,-5.084,Minor,0.0383,117.997,0.782
0k17h0D3J5VfsdmQ1iZtE9,Pink Floyd,Europe,08cSHYIgFt69siP7pxDSL2,Shine On You Crazy Diamond (Parts 1-5) - Live at Knebworth 1990,2019-11,progressive rock,24.0,False,677440,0.217,0.241,0.452,0.0826,D,0.936,-12.11,Minor,0.0361,144.28799999999995,0.0938
0k17h0D3J5VfsdmQ1iZtE9,Pink Floyd,Europe,6nunttbju0sb6U7ao7fedl,Marooned Jam - 1994 Recording,2019-11,progressive rock,29.0,False,199240,0.0045899999999999,0.348,0.473,0.7040000000000001,B,0.118,-14.783,Minor,0.0475,151.241,0.286
0k17h0D3J5VfsdmQ1iZtE9,Pink Floyd,Europe,4topvmlYQ0WQe9sSmJH0YF,One Slip - Remix 2019,2019-11,progressive rock,20.0,False,309933,0.211,0.5670000000000001,0.556,0.0279999999999999,F,0.1009999999999999,-13.701,Minor,0.0382,116.975,0.439
0k17h0D3J5VfsdmQ1iZtE9,Pink Floyd,Europe,0J1rqXgA2di8SAwf6flmcY,Lost for Words - Tour Rehearsal 1994,2019-11,progressive rock,27.0,False,334880,0.183,0.667,0.4589999999999999,0.0247,C,0.121,-13.939,Major,0.0282,98.038,0.351
0k17h0D3J5VfsdmQ1iZtE9,Pink Floyd,Europe,4y7fXAK8R5CiAibNAl7Iua,Us and Them - 2019 remix [Live],2019-11,progressive rock,22.0,False,459813,0.118,0.337,0.379,2.8300000000000014e-05,D,0.982,-10.804,Major,0.027,75.628,0.16
0k17h0D3J5VfsdmQ1iZtE9,Pink Floyd,Europe,6jIoGDMRysca2lGg7KYGmV,Comfortably Numb - Live at Knebworth 1990,2019-11,progressive rock,23.0,False,463000,0.00554,0.226,0.578,0.0139999999999999,B,0.8640000000000001,-11.492,Minor,0.0362,133.35299999999998,0.149
0k17h0D3J5VfsdmQ1iZtE9,Pink Floyd,Europe,0dTx0BkWs1Ew6tVO7Ikr1G,Sorrow - Remix 2019,2019-11,progressive rock,20.0,False,526480,0.0199,0.469,0.59,0.564,A,0.0837,-11.614,Major,0.0323,95.996,0.151
0k17h0D3J5VfsdmQ1iZtE9,Pink Floyd,Europe,1sBMXOXdWkhsho4mPlMOl7,Learning to Fly - 2019 remix [Live],2019-11,progressive rock,21.0,False,319907,0.0583,0.322,0.621,0.0165,C,0.789,-11.729,Major,0.0377,85.101,0.599
0k17h0D3J5VfsdmQ1iZtE9,Pink Floyd,Europe,64dwO6k2xQYy4cuNdsyNdI,"High Hopes - Early Version, 1994 Recording",2019-11,progressive rock,31.0,False,415827,0.349,0.608,0.259,0.0038399999999999,C,0.143,-13.58,Minor,0.03,148.157,0.192
0k17h0D3J5VfsdmQ1iZtE9,Pink Floyd,Europe,6wDeZntXr5oWaXbAFLUHRf,On the Turning Away - Remix 2019,2019-11,progressive rock,27.0,False,340827,0.0223,0.442,0.387,0.00469,G,0.109,-11.162,Major,0.0282,100.02,0.1169999999999999
0k17h0D3J5VfsdmQ1iZtE9,Pink Floyd,Europe,57Nc8KTrSOGqgjxfGzqRP1,Wish You Were Here - Live at Knebworth 1990,2019-11,progressive rock,25.0,False,283827,0.3,0.418,0.382,0.00207,G,0.737,-14.1,Major,0.0304,128.959,0.262
0k17h0D3J5VfsdmQ1iZtE9,Pink Floyd,Europe,7I0KQYg6KaIe4Q8RoH5FXG,Run Like Hell - 2019 remix [Live],2019-11,progressive rock,29.0,False,465813,0.0522,0.446,0.915,0.1889999999999999,E,0.952,-9.551,Minor,0.1,122.343,0.158
568ZhdwyaiCyOGJRtNYhWf,Deep Purple,Europe,5lLuXP0jBz7I9mC9BK22iS,Highway Star,2007-01,hard rock,20.0,False,441240,1.5399999999999998e-05,0.2739999999999999,0.852,0.643,G,0.412,-7.2010000000000005,Major,0.0791,96.99,0.148
568ZhdwyaiCyOGJRtNYhWf,Deep Purple,Europe,6Sa4ni4vjDAi4T9sm2cmZf,Black Night,2007-01,hard rock,13.0,False,341653,0.000195,0.359,0.892,0.125,E,0.985,-7.791,Minor,0.0532,139.07299999999998,0.365
568ZhdwyaiCyOGJRtNYhWf,Deep Purple,Europe,5MXxk33h2OVtuemFCsfEDz,Talk About Love,2007-01,hard rock,10.0,False,245373,0.000759,0.417,0.889,0.00366,E,0.7170000000000001,-6.839,Minor,0.0516,103.671,0.384
568ZhdwyaiCyOGJRtNYhWf,Deep Purple,Europe,0bBlUjc4t8ENBKAMpEo5VL,A Twist In The Tale,2007-01,hard rock,10.0,False,258200,2.44e-05,0.377,0.938,0.121,A,0.916,-6.81,Minor,0.0972,131.36,0.379
568ZhdwyaiCyOGJRtNYhWf,Deep Purple,Europe,1WWh0qp2Prj7sXgfHXLrQ7,Perfect Strangers,2007-01,hard rock,19.0,False,401653,0.000167,0.346,0.816,0.5760000000000001,G,0.885,-7.245,Major,0.0329,99.937,0.192
568ZhdwyaiCyOGJRtNYhWf,Deep Purple,Europe,1Ib9JVN9Ki0l120EwDxXhS,The Mule,2007-01,hard rock,11.0,False,140080,4.03e-06,0.379,0.882,0.86,G,0.0864,-6.702000000000001,Major,0.054,139.178,0.285
568ZhdwyaiCyOGJRtNYhWf,Deep Purple,Europe,1pdKkXXybPJAGovqckf96R,Beethoven's Ninth,2007-01,hard rock,15.0,False,488747,0.0215,0.302,0.716,0.922,G,0.97,-8.885,Major,0.0494,104.922,0.236
568ZhdwyaiCyOGJRtNYhWf,Deep Purple,Europe,6MSHCEggEnFCKqEc3nW9ZY,Knocking At Your Back Door,2007-01,hard rock,13.0,False,542653,0.000714,0.4,0.815,0.0121,A,0.904,-6.824,Minor,0.0601,133.184,0.251
568ZhdwyaiCyOGJRtNYhWf,Deep Purple,Europe,0gTgGCoelEa9iBvbSjI3Kh,Anyone's Daughter,2007-01,hard rock,12.0,False,232173,0.0974,0.537,0.575,0.0004769999999999,G,0.926,-12.64,Major,0.0391,113.492,0.307
568ZhdwyaiCyOGJRtNYhWf,Deep Purple,Europe,0FAQXjSUuLtsPjyREzgIPS,Child In Time,2007-01,hard rock,15.0,False,670147,0.000906,0.31,0.665,0.244,A,0.381,-9.45,Minor,0.0473,115.136,0.182
568ZhdwyaiCyOGJRtNYhWf,Deep Purple,Europe,0dWSBfHUrHwUKZQUXThEV0,Anya,2007-01,hard rock,15.0,False,734840,0.00132,0.24,0.78,0.102,A,0.97,-9.331,Minor,0.0654,168.97299999999996,0.357
568ZhdwyaiCyOGJRtNYhWf,Deep Purple,Europe,0jAUZGBm20cnSpFBZar7NY,The Battle Rages On,2007-01,hard rock,12.0,False,374560,0.000752,0.366,0.8340000000000001,0.435,G,0.774,-7.354,Major,0.0579999999999999,101.188,0.335
568ZhdwyaiCyOGJRtNYhWf,Deep Purple,Europe,5JbUQ4O16oBTKS966fXmkf,Lazy,2007-01,hard rock,12.0,False,525333,0.000387,0.3979999999999999,0.8140000000000001,0.775,A,0.778,-8.747,Minor,0.0818,125.531,0.247
568ZhdwyaiCyOGJRtNYhWf,Deep Purple,Europe,3BBK5ozwGo1Cn9205hYDcQ,In The Hall Of The Mountain King,2007-01,hard rock,9.0,False,114853,0.0022199999999999,0.3989999999999999,0.524,0.472,C,0.371,-11.387,Major,0.0609,133.959,0.308
568ZhdwyaiCyOGJRtNYhWf,Deep Purple,Europe,2hDZ84OdwLwOD1rhwOA84D,Space Truckin',2007-01,hard rock,10.0,False,146667,0.000154,0.3939999999999999,0.8109999999999999,0.0028399999999999,G,0.519,-6.737,Major,0.0621,140.453,0.447
568ZhdwyaiCyOGJRtNYhWf,Deep Purple,Europe,2UNSozV7ugDOAi0HxS3SWA,Woman From Tokyo,2007-01,hard rock,10.0,False,129080,6.32e-05,0.371,0.883,0.0301,A,0.541,-5.944,Major,0.0827,138.94299999999998,0.42
568ZhdwyaiCyOGJRtNYhWf,Deep Purple,Europe,2AlA0JQoLgDYckHLtRJRGt,Paint It Black,2007-01,hard rock,10.0,False,305880,6.01e-05,0.2019999999999999,0.889,0.156,E,0.821,-6.55,Minor,0.187,174.009,0.344
568ZhdwyaiCyOGJRtNYhWf,Deep Purple,Europe,1uI13eh9saSyYYQ8lZpCKy,Speed King,2007-01,hard rock,9.0,False,437747,0.000112,0.4529999999999999,0.622,0.674,G,0.531,-9.869,Major,0.0466,99.536,0.23
568ZhdwyaiCyOGJRtNYhWf,Deep Purple,Europe,25ab5rI3yRnN4KNfMyfc5x,Hush,2007-01,hard rock,23.0,False,213227,0.000134,0.441,0.794,0.626,A#,0.976,-7.392,Major,0.0475,106.418,0.2189999999999999
568ZhdwyaiCyOGJRtNYhWf,Deep Purple,Europe,3W9Zz4DG2iZMNVO3eBPvnP,Smoke On The Water,2007-01,hard rock,20.0,False,748440,0.0123,0.346,0.821,0.00463,C,0.963,-8.44,Minor,0.105,127.053,0.265
568ZhdwyaiCyOGJRtNYhWf,Deep Purple,Europe,56g4uLimIX2Y6IQM7mCk6Z,Hush,2019-07,hard rock,0.0,False,248493,0.519,0.556,0.821,0.742,F,0.91,-6.9670000000000005,Major,0.0677,109.662,0.561
568ZhdwyaiCyOGJRtNYhWf,Deep Purple,Europe,5UZdDLc6UHPAFkE9hYHuCm,Kentucky Woman,2019-07,hard rock,0.0,False,284987,0.0381,0.342,0.524,0.00225,C,0.3670000000000001,-7.144,Major,0.0336,169.866,0.3339999999999999
568ZhdwyaiCyOGJRtNYhWf,Deep Purple,Europe,2JNtyIEB4ddOoP24t6BcKx,Chasing Shadows,1969-06,hard rock,21.0,False,334827,0.00108,0.4639999999999999,0.935,0.3779999999999999,C,0.129,-11.333,Major,0.0727,106.626,0.621
568ZhdwyaiCyOGJRtNYhWf,Deep Purple,Europe,18rKgCdOQYnPN31w1BAh2F,Blind,1969-06,hard rock,17.0,False,326400,0.011,0.541,0.7070000000000001,0.0097299999999999,B,0.0929,-10.549,Minor,0.0276,98.289,0.47
568ZhdwyaiCyOGJRtNYhWf,Deep Purple,Europe,6xgIJC7mBhh9ZENhNKDiLp,Lalena,1969-06,hard rock,22.0,False,305773,0.514,0.433,0.213,0.000859,B,0.0976,-16.384,Minor,0.0389,70.92,0.0969
568ZhdwyaiCyOGJRtNYhWf,Deep Purple,Europe,1fCGevomT82yIQSBE2wFkp,Fault Line,1969-06,hard rock,15.0,False,106267,0.0002529999999999,0.27,0.575,0.78,A,0.799,-14.185,Major,0.0983,93.415,0.472
568ZhdwyaiCyOGJRtNYhWf,Deep Purple,Europe,1CdLPRtuj6jCtZxdtrT5uO,The Painter,1969-06,hard rock,19.0,False,231600,0.00218,0.4639999999999999,0.913,0.157,F#,0.238,-7.895,Minor,0.126,108.951,0.6890000000000001
568ZhdwyaiCyOGJRtNYhWf,Deep Purple,Europe,0Lkoi27lq9iqT5uGnpCRK1,Why Didn't Rosemary?,1969-06,hard rock,16.0,False,304160,0.00069,0.414,0.867,0.505,C,0.0641,-8.787,Major,0.16,130.612,0.6409999999999999
568ZhdwyaiCyOGJRtNYhWf,Deep Purple,Europe,48lJcu4pozFylNsv4co6gF,Bird Has Flown,1969-06,hard rock,14.0,False,336040,0.0868,0.502,0.674,0.271,A,0.0672,-10.592,Major,0.0732,126.161,0.266
568ZhdwyaiCyOGJRtNYhWf,Deep Purple,Europe,2EgKboJ85SyP3geuEZrSYt,April,1969-06,hard rock,24.0,False,730267,0.126,0.347,0.358,0.228,G,0.132,-11.673,Minor,0.0311,87.774,0.204
568ZhdwyaiCyOGJRtNYhWf,Deep Purple,Europe,18pErZOTNfTEhS5a9DsIBU,Bird Has Flown (Bonus Track) - Alternate A-Side Version,1969-06,hard rock,18.0,False,174493,0.00381,0.539,0.703,0.357,C,0.2319999999999999,-8.144,Major,0.051,131.645,0.562
568ZhdwyaiCyOGJRtNYhWf,Deep Purple,Europe,2g01n6EhK7yBbh2jseqWGc,Emmaretta (Bonus Track) - Studio B-Side,1969-06,hard rock,17.0,False,180973,0.257,0.557,0.862,0.00265,D,0.3379999999999999,-7.51,Major,0.128,97.082,0.664
568ZhdwyaiCyOGJRtNYhWf,Deep Purple,Europe,1MucpoPBFSqjlidzlxEsYA,Emmaretta (Bonus Track) - BBC Top Gear session,1969-06,hard rock,8.0,False,189760,0.0483,0.5539999999999999,0.732,4.25e-06,D,0.0765,-8.141,Major,0.0571,99.404,0.925
568ZhdwyaiCyOGJRtNYhWf,Deep Purple,Europe,0OyHEnlnNrBBzMVhMZMK7U,Lalena (Bonus Track) - BBC Radio Session,1969-06,hard rock,8.0,False,213507,0.413,0.261,0.375,1.11e-05,B,0.103,-10.255999999999998,Minor,0.0318,74.273,0.319
568ZhdwyaiCyOGJRtNYhWf,Deep Purple,Europe,0NL6pyZIXIcuS7uPnYvvIE,The Painter (Bonus Track) - BBC Radio Session,1969-06,hard rock,7.0,False,138293,0.0102,0.426,0.8320000000000001,7.78e-06,F#,0.126,-7.045,Minor,0.0539,119.88,0.906
0blbVefuxOGltDBa00dspv,LiSA,Japan,3PBKWXHVIcHtN64Oshbl7a,unlasting,2019-10,anime,0.0,False,295219,0.506,0.428,0.447,0.0,G,0.0943,-5.888999999999999,Minor,0.0389,119.225,0.332
4Z8W4fKeB5YxbusRsdQVPb,Radiohead,Europe,1JCRjdd5Er8nb1ppgTzwVT,I Want None of This,2005-09,art rock,42.0,False,193653,0.99,0.2339999999999999,0.1,0.0198,D,0.107,-13.347,Minor,0.0353,74.734,0.0602
4Z8W4fKeB5YxbusRsdQVPb,Radiohead,Europe,1lPCUFuewqILJlb23WR5ps,Prove Yourself - Drill Version,1992-05,art rock,36.0,False,152973,0.00027,0.369,0.528,0.0752,C,0.107,-13.25,Major,0.0312,108.625,0.476
4Z8W4fKeB5YxbusRsdQVPb,Radiohead,Europe,2l0UEegDXNWsnZ7kzR8UJd,Stupid Car,1992-05,art rock,38.0,False,145560,0.907,0.193,0.0206,0.0,D,0.0827,-20.702,Major,0.0453,86.01299999999998,0.0953
4Z8W4fKeB5YxbusRsdQVPb,Radiohead,Europe,7lQXS7U5oVVlIYNzSTyumy,You - Drill Version,1992-05,art rock,35.0,False,204400,0.00117,0.4589999999999999,0.522,0.142,A,0.0959,-14.543,Major,0.0292,112.091,0.251
4Z8W4fKeB5YxbusRsdQVPb,Radiohead,Europe,6N6oVGA9zBx1rYSJdNm7jd,Thinking About You - Drill Version,1992-05,art rock,32.0,False,135587,0.00656,0.407,0.871,0.0138,G,0.187,-12.258,Major,0.0461,120.364,0.534
0XNa1vTidXlvJ2gHSsRi4A,Franz Ferdinand,Europe,4q4ioPQlf1ykRBK7XZpba4,Jacqueline,2004-11,indie rock,0.0,False,229027,0.00011,0.31,0.696,0.00371,C,0.37,-8.565,Minor,0.0581,152.56799999999996,0.358
0XNa1vTidXlvJ2gHSsRi4A,Franz Ferdinand,Europe,0sT2kFHfaDS7scyav4kWe4,Tell Her Tonight,2004-11,indie rock,0.0,False,137573,0.0002109999999999,0.534,0.593,0.0,B,0.152,-7.419,Minor,0.039,123.926,0.66
0XNa1vTidXlvJ2gHSsRi4A,Franz Ferdinand,Europe,4RDEEdMP1UvE5u9h6wcWst,Take Me Out,2004-11,indie rock,0.0,False,237027,0.000423,0.278,0.6759999999999999,0.000899,A,0.136,-8.821,Major,0.0371,104.545,0.494
0XNa1vTidXlvJ2gHSsRi4A,Franz Ferdinand,Europe,6mHUGanFO3g5CWiZDZERGR,The Dark Of The Matinée,2004-11,indie rock,0.0,False,243467,0.00547,0.4539999999999999,0.672,3.21e-06,F#,0.179,-8.596,Minor,0.0292,114.446,0.735
0XNa1vTidXlvJ2gHSsRi4A,Franz Ferdinand,Europe,2UW8syFg8TgvPALJsQ1SmA,Auf Achse,2004-11,indie rock,0.0,False,259773,0.00512,0.494,0.741,0.0762,D,0.1,-8.325,Minor,0.0277,125.562,0.4029999999999999
0XNa1vTidXlvJ2gHSsRi4A,Franz Ferdinand,Europe,2rHPiAvNqzVIwA7dNKFZSn,Cheating On You,2004-11,indie rock,0.0,False,156733,1.5399999999999998e-05,0.281,0.897,0.147,D,0.18,-7.697,Minor,0.0475,156.063,0.496
0XNa1vTidXlvJ2gHSsRi4A,Franz Ferdinand,Europe,45k0ziRV2wSTDA4QRDsIRz,This Fire,2004-11,indie rock,0.0,False,254693,0.00255,0.5429999999999999,0.8740000000000001,0.0,G,0.1639999999999999,-9.46,Major,0.0529,138.086,0.6729999999999999
0XNa1vTidXlvJ2gHSsRi4A,Franz Ferdinand,Europe,0VcnZZnFMOx5DtFo5A4bci,Darts Of Pleasure,2004-11,indie rock,0.0,False,179667,0.00093,0.3979999999999999,0.7390000000000001,2.2e-06,E,0.604,-7.65,Minor,0.0427,144.953,0.7959999999999999
0XNa1vTidXlvJ2gHSsRi4A,Franz Ferdinand,Europe,1f0Nq7k7u1YBzHf5eh1vSm,Michael,2004-11,indie rock,0.0,False,201307,0.00548,0.428,0.871,0.000299,F#,0.208,-6.662000000000001,Minor,0.0421,158.474,0.78
0XNa1vTidXlvJ2gHSsRi4A,Franz Ferdinand,Europe,3d1jfOJJjX2HtJmMp1Wrup,Come On Home,2004-11,indie rock,0.0,False,226400,0.000728,0.58,0.871,0.246,A,0.0762,-8.894,Minor,0.0452,116.409,0.508
0XNa1vTidXlvJ2gHSsRi4A,Franz Ferdinand,Europe,5EJoQtNwDrylRxzZ0zwzeK,40',2004-11,indie rock,0.0,False,204267,0.00128,0.573,0.564,0.0863,G,0.127,-9.137,Minor,0.0366,104.013,0.563
0XNa1vTidXlvJ2gHSsRi4A,Franz Ferdinand,Europe,1nWGlZX5YobN4E10hCWzHL,This Fffire - Rich Costey Re-record,2004-11,indie rock,0.0,False,212427,0.0247,0.439,0.929,4.23e-06,E,0.0419,-4.356,Minor,0.104,146.368,0.618
0XNa1vTidXlvJ2gHSsRi4A,Franz Ferdinand,Europe,7tRN6xLTF4FvkOWGVZgGOE,Van Tango,2004-11,indie rock,0.0,False,206133,0.000487,0.642,0.643,0.0,C#,0.0706,-7.692,Major,0.027,101.457,0.6809999999999999
0XNa1vTidXlvJ2gHSsRi4A,Franz Ferdinand,Europe,2dB50miczbxzXOEsLMiaHB,Shopping For Blood,2004-11,indie rock,0.0,False,214040,0.00351,0.58,0.614,0.7120000000000001,A#,0.236,-10.432,Major,0.0314,136.878,0.472
0XNa1vTidXlvJ2gHSsRi4A,Franz Ferdinand,Europe,4XPQdROzXhRzDf1vzHJZO5,"All For You, Sophia",2004-11,indie rock,0.0,False,180293,0.0772,0.515,0.6809999999999999,0.155,A,0.303,-8.137,Minor,0.0303,124.677,0.731
0XNa1vTidXlvJ2gHSsRi4A,Franz Ferdinand,Europe,5nS4kG9u7CCLCUOOZe38AM,Words So Leisured,2004-11,indie rock,0.0,False,138173,0.86,0.425,0.23,0.0291,E,0.0993,-13.997,Minor,0.0432,126.643,0.38
568ZhdwyaiCyOGJRtNYhWf,Deep Purple,Europe,3IRNPhfoHbDkj34u779OIu,Smoke On The Water,2003-03,hard rock,0.0,False,339173,0.15,0.597,0.743,0.124,F,0.077,-7.568,Minor,0.03,114.49,0.79
0XNa1vTidXlvJ2gHSsRi4A,Franz Ferdinand,Europe,2InK6ZHxQ5mIGffXUAgjcI,Right Action,2014-02,indie rock,20.0,False,183004,0.0567,0.5579999999999999,0.94,0.00165,G,0.349,-2.952,Major,0.0698,119.685,0.49
4Z8W4fKeB5YxbusRsdQVPb,Radiohead,Europe,1FjiS6GG0In1unLqKBIeRe,Treefingers - Extended Version,2000-10,art rock,35.0,False,285600,0.82,0.0809,0.18,0.847,F#,0.104,-20.953000000000007,Major,0.0422,78.92399999999998,0.0384
4Z8W4fKeB5YxbusRsdQVPb,Radiohead,Europe,2yZcpCXt4IIDWHBIFwvkGk,Talk Show Host - Nellee Hooper Mix,1996-10,art rock,43.0,False,257227,0.3339999999999999,0.444,0.6509999999999999,0.0274,C,0.0829,-11.434,Minor,0.055,176.96200000000005,0.4970000000000001
4Z8W4fKeB5YxbusRsdQVPb,Radiohead,Europe,3A143ninuG91ayhWgkjvKX,The Gloaming - The 33.33333 Remix,2003-08,art rock,25.0,False,213013,0.00654,0.379,0.738,0.938,B,0.175,-14.535,Minor,0.0646,215.886,0.187
0bAsR2unSRpn6BQPEnNlZm,Aimer,Japan,0jhif8VL8EwY81ySs22tP5,花びらたちのマーチ,2019-04,anime,0.0,False,192080,0.0312,0.648,0.638,0.0,C#,0.33,-5.117,Major,0.0273,104.956,0.301
1dfeR4HaWDbWqFHLkxsg1d,Queen,Europe,15REietcfaODAsQGbv7q5Q,We Will Rock You,2017-08,classic rock,0.0,False,121387,0.669,0.68,0.411,0.0,D,0.284,-10.274,Major,0.073,81.509,0.51
568ZhdwyaiCyOGJRtNYhWf,Deep Purple,Europe,1fGgkJEZ53S6iho2yKqF0K,Dealer,2017-02,hard rock,0.0,False,230840,8.49e-05,0.456,0.8190000000000001,0.0127,A,0.315,-13.214,Major,0.0483,88.738,0.534
568ZhdwyaiCyOGJRtNYhWf,Deep Purple,Europe,5kLlANgKu7kSIIHgzqUrn0,Black Night (Single Version),2019-11,hard rock,0.0,False,207453,0.0548,0.495,0.865,0.81,A,0.214,-9.195,Major,0.0811,134.767,0.726
568ZhdwyaiCyOGJRtNYhWf,Deep Purple,Europe,285rb6qNCWoHNk035TV81G,Black Night (Single Version),2019-08,hard rock,0.0,False,207453,0.0548,0.495,0.865,0.81,A,0.214,-9.195,Major,0.0811,134.767,0.726
568ZhdwyaiCyOGJRtNYhWf,Deep Purple,Europe,6sCmXDSH8wlp2qprm4HC2b,Soldier of Fortune,2018-09,hard rock,1.0,False,193653,0.417,0.546,0.2739999999999999,2.99e-05,D,0.109,-15.07,Minor,0.027,66.809,0.228
568ZhdwyaiCyOGJRtNYhWf,Deep Purple,Europe,0wesboScRvbriPFqMW6UOy,Black Night,2018-09,hard rock,0.0,False,207467,0.165,0.4970000000000001,0.787,0.522,A,0.17,-11.039,Major,0.0734,134.59799999999998,0.812
0k17h0D3J5VfsdmQ1iZtE9,Pink Floyd,Europe,2cebGDEkFRmNxMWcNJn6v8,"Side 1, Pt. 1: Things Left Unsaid",2014-11,progressive rock,44.0,False,266733,0.957,0.115,0.118,0.8909999999999999,D#,0.19,-23.409,Major,0.0393,84.671,0.0322
0k17h0D3J5VfsdmQ1iZtE9,Pink Floyd,Europe,6jEbXVZywyaJnEiBI3GsrH,"Side 1, Pt. 2: It's What We Do",2014-11,progressive rock,45.0,False,377307,0.517,0.283,0.3329999999999999,0.754,E,0.627,-14.984000000000002,Minor,0.0314,144.438,0.0482
0k17h0D3J5VfsdmQ1iZtE9,Pink Floyd,Europe,4naSB82Lzv9R6s0ZRZ8Q8W,"Side 1, Pt. 3: Ebb And Flow",2014-11,progressive rock,42.0,False,114560,0.992,0.215,0.0357,0.887,C,0.256,-26.315,Major,0.0356,80.971,0.0491
0k17h0D3J5VfsdmQ1iZtE9,Pink Floyd,Europe,5FIKKxTv8FnAjtgAheU862,"Side 2, Pt. 1: Sum",2014-11,progressive rock,42.0,False,288360,0.036,0.511,0.491,0.86,E,0.6729999999999999,-16.055,Minor,0.0516,112.033,0.0963
0k17h0D3J5VfsdmQ1iZtE9,Pink Floyd,Europe,1mMrTFKOROzGNpgsQ31wfY,"Side 2, Pt. 2: Skins",2014-11,progressive rock,40.0,False,157013,0.0345,0.31,0.68,0.875,A,0.525,-16.726,Major,0.0506,124.798,0.2739999999999999
0k17h0D3J5VfsdmQ1iZtE9,Pink Floyd,Europe,7I5jWjlfKbowYoDmeWEdND,"Side 2, Pt. 3: Unsung",2014-11,progressive rock,40.0,False,67120,0.978,0.507,0.131,0.908,C,0.1159999999999999,-18.799,Major,0.0468,129.85,0.0511
0k17h0D3J5VfsdmQ1iZtE9,Pink Floyd,Europe,4Ptku8GHNGaI5GJnmEpZF1,"Side 2, Pt. 4: Anisina",2014-11,progressive rock,42.0,False,196800,0.552,0.382,0.4039999999999999,0.638,C,0.127,-11.612,Major,0.0278,143.907,0.312
0k17h0D3J5VfsdmQ1iZtE9,Pink Floyd,Europe,5a2AbdlDvBRpu7yg6fTehj,"Side 3, Pt. 1: The Lost Art of Conversation",2014-11,progressive rock,40.0,False,102947,0.4039999999999999,0.141,0.0419,0.395,C#,0.185,-23.997,Minor,0.035,90.219,0.0712
0k17h0D3J5VfsdmQ1iZtE9,Pink Floyd,Europe,7npQbR646LjCg0qBhvWE2s,"Side 3, Pt. 2: On Noodle Street",2014-11,progressive rock,40.0,False,102013,0.875,0.5670000000000001,0.122,0.598,C#,0.107,-21.50800000000001,Minor,0.0296,105.483,0.4
0k17h0D3J5VfsdmQ1iZtE9,Pink Floyd,Europe,2M9kdmwWuGSNYYzzOxFKyB,"Side 3, Pt. 3: Night Light",2014-11,progressive rock,40.0,False,102200,0.99,0.255,0.0972,0.706,C,0.12,-24.991,Minor,0.0378,130.748,0.0549
0k17h0D3J5VfsdmQ1iZtE9,Pink Floyd,Europe,5Cs8YMRH3hfaLK4HPUFe9l,"Side 3, Pt. 4: Allons-y (1)",2014-11,progressive rock,41.0,False,117280,0.17,0.523,0.561,0.7609999999999999,E,0.359,-13.781,Minor,0.0361,113.095,0.316
0k17h0D3J5VfsdmQ1iZtE9,Pink Floyd,Europe,2wWncVXYwtlorzhk8S1jU5,"Side 3, Pt. 5: Autumn '68",2014-11,progressive rock,38.0,False,95147,0.421,0.168,0.2,0.892,E,0.111,-19.205,Minor,0.0414,54.32,0.0358
0k17h0D3J5VfsdmQ1iZtE9,Pink Floyd,Europe,618H64JuNjoDCzgf4SFJOH,"Side 3, Pt. 6: Allons-y (2)",2014-11,progressive rock,40.0,False,92413,0.136,0.414,0.537,0.932,A,0.109,-13.341,Major,0.0379,113.079,0.0935
0k17h0D3J5VfsdmQ1iZtE9,Pink Floyd,Europe,5zezxlbGoSr1q3GJ4PMRUW,"Side 3, Pt. 7: Talkin' Hawkin'",2014-11,progressive rock,41.0,False,209120,0.293,0.173,0.389,0.6990000000000001,A,0.1119999999999999,-14.244000000000002,Major,0.0333,83.48200000000001,0.0654
0k17h0D3J5VfsdmQ1iZtE9,Pink Floyd,Europe,2TUmSjVZxvwbcV8xyqLgyu,"Side 4, Pt. 1: Calling",2014-11,progressive rock,39.0,False,217933,0.564,0.142,0.201,0.942,C,0.132,-21.894,Major,0.0337,86.029,0.0394
0k17h0D3J5VfsdmQ1iZtE9,Pink Floyd,Europe,3U7q3RR3DFEzEjU1J1FU1E,"Side 4, Pt. 2: Eyes To Pearls",2014-11,progressive rock,39.0,False,111173,0.7859999999999999,0.392,0.1889999999999999,0.8759999999999999,B,0.123,-20.601,Minor,0.0315,126.341,0.0746
0k17h0D3J5VfsdmQ1iZtE9,Pink Floyd,Europe,5tJTrkpPZwMXX6U2bNO1ka,"Side 4, Pt. 3: Surfacing",2014-11,progressive rock,42.0,False,166253,0.239,0.298,0.442,0.537,C,0.57,-14.63,Major,0.0298,67.095,0.0758
0k17h0D3J5VfsdmQ1iZtE9,Pink Floyd,Europe,2nMRGpC0iszLNkJxBQuQ2a,"Side 4, Pt. 4: Louder Than Words",2014-11,progressive rock,46.0,False,396853,0.605,0.507,0.319,5.36e-05,A,0.349,-13.488,Major,0.0297,112.994,0.0958
0k17h0D3J5VfsdmQ1iZtE9,Pink Floyd,Europe,2uDAJwIA8AD9UTvh8P6nlt,TBS9,2014-11,progressive rock,38.0,False,147947,0.27,0.223,0.13,0.0291,C,0.053,-20.86,Major,0.0346,131.065,0.063
0k17h0D3J5VfsdmQ1iZtE9,Pink Floyd,Europe,7uzDP9C0T7YbHiYSHMDCWy,TBS14,2014-11,progressive rock,39.0,False,251053,0.376,0.412,0.402,0.718,E,0.14,-13.82,Minor,0.0381,129.07,0.445
0k17h0D3J5VfsdmQ1iZtE9,Pink Floyd,Europe,3PlQesESfSzOqAeB42nvTa,Nervana,2014-11,progressive rock,39.0,False,330733,0.00137,0.268,0.642,0.924,D,0.123,-12.805,Major,0.0372,207.971,0.472
24b231EnCM3BkpiuWs5VBE,SID,Japan,6mHV1XXo8e00o7ydEUN64h,嘘,2018-04,anime,0.0,False,205533,0.00745,0.4539999999999999,0.945,0.0,B,0.276,-2.678,Minor,0.0566,90.022,0.691
24b231EnCM3BkpiuWs5VBE,SID,Japan,0Okzq1yehLp5RIufzYpFO7,レイン,2018-04,anime,0.0,False,254840,0.023,0.45,0.792,0.0,C#,0.142,-4.013,Minor,0.0324,94.767,0.5670000000000001
0bAsR2unSRpn6BQPEnNlZm,Aimer,Japan,4SgrbIUnv66buOpGfbAKvV,春はゆく,2020-03,anime,0.0,False,303053,0.239,0.429,0.4529999999999999,0.0,F,0.105,-5.857,Minor,0.0279,80.02600000000002,0.1939999999999999
0bAsR2unSRpn6BQPEnNlZm,Aimer,Japan,7xwQQCoLDxifcTYyBE7FGg,marie,2020-03,anime,0.0,False,305427,0.525,0.536,0.496,0.0,G#,0.11,-5.501,Minor,0.0266,95.959,0.138
0bAsR2unSRpn6BQPEnNlZm,Aimer,Japan,4vmii8woPMsjUipYO6PCFr,Run Riot,2020-03,anime,0.0,False,252373,0.0245,0.3279999999999999,0.932,0.0,F#,0.294,-3.221,Major,0.0651,171.928,0.469
0bAsR2unSRpn6BQPEnNlZm,Aimer,Japan,1lhLfwG7QLAhvBLZHX5tDJ,花の唄 end of spring ver. - end of spring version,2020-03,anime,0.0,False,351667,0.00827,0.457,0.7879999999999999,1.17e-06,F,0.135,-5.79,Minor,0.0297,79.914,0.289
1YLxQZIGsaZq9rvFu8zeRz,Sayuri,Japan,1i0qzWu9j32pYCbfYOLGap,夜明けの詩-「め」弾き語りver.- - me Hikigatari Version,2020-06,anime,0.0,False,282800,0.7759999999999999,0.5539999999999999,0.654,0.0,G#,0.09,-3.051,Minor,0.0494,125.049,0.4379999999999999
1YLxQZIGsaZq9rvFu8zeRz,Sayuri,Japan,3d8gMtR1RAFU8WNeG9lCfU,ミカヅキ-「め」弾き語りver.- - me Hikigatari Version,2020-06,anime,0.0,False,261333,0.752,0.737,0.639,9.41e-06,B,0.119,-1.116,Major,0.0353,126.045,0.479
1YLxQZIGsaZq9rvFu8zeRz,Sayuri,Japan,4lg1b9KMH5OWt0wrB8RBdd,平行線-「め」弾き語りver.- - me Hikigatari Version,2020-06,anime,0.0,False,308493,0.703,0.7490000000000001,0.606,1.09e-06,C#,0.0923,-1.036,Major,0.0499,94.95,0.505
1YLxQZIGsaZq9rvFu8zeRz,Sayuri,Japan,4gzVvGlG7ZCtBLfZCaBPfz,アノニマス-「め」弾き語りver.- - me Hikigatari Version,2020-06,anime,0.0,False,265960,0.821,0.815,0.7929999999999999,0.0,F,0.285,-0.409,Minor,0.0456,123.899,0.5589999999999999
1YLxQZIGsaZq9rvFu8zeRz,Sayuri,Japan,5SJV8AFhACG3MnsLGYLWbx,フラレガイガール-「め」弾き語りver.- - me Hikigatari Version,2020-06,anime,0.0,False,370973,0.8740000000000001,0.623,0.476,0.0,E,0.106,-2.492,Major,0.0534,149.92,0.368
1YLxQZIGsaZq9rvFu8zeRz,Sayuri,Japan,5Ck8hcNpMmO7y10nZtfPtn,それは小さな光のような-「め」弾き語りver.- - me Hikigatari Version,2020-06,anime,0.0,False,269947,0.8340000000000001,0.775,0.5670000000000001,0.0,A#,0.185,-2.189,Major,0.0477,144.078,0.208
1YLxQZIGsaZq9rvFu8zeRz,Sayuri,Japan,3BeNOEvEZHdSYhQ7ONfn5p,birthday song-「め」弾き語りver.- - me Hikigatari Version,2020-06,anime,0.0,False,318053,0.7290000000000001,0.794,0.551,0.0,D#,0.0651,-2.125,Major,0.0405,106.107,0.696
1YLxQZIGsaZq9rvFu8zeRz,Sayuri,Japan,6jk2f7XNrzmPKjamArh1dO,航海の唄-「め」弾き語りver.- - me Hikigatari Version,2020-06,anime,0.0,False,272160,0.8059999999999999,0.732,0.616,0.0,A,0.109,-1.0,Major,0.0392,89.99,0.706
1YLxQZIGsaZq9rvFu8zeRz,Sayuri,Japan,4g9kuIi6XmiF4uVt0eNGYi,オッドアイ-「め」弾き語りver.- - me Hikigatari Version,2020-06,anime,0.0,False,295213,0.619,0.79,0.426,0.0,A#,0.0604,-2.667,Major,0.0362,97.95,0.512
1YLxQZIGsaZq9rvFu8zeRz,Sayuri,Japan,6pbcAGFIWxFGDjgPIXhyNp,蜂と見世物-「め」弾き語りver.- - me Hikigatari Version,2020-06,anime,0.0,False,229067,0.83,0.535,0.691,0.0,D#,0.102,-1.619,Minor,0.0379,127.961,0.53
1YLxQZIGsaZq9rvFu8zeRz,Sayuri,Japan,4Z4MMdcDjYrl4SXueeZEVW,るーららるーらーるららるーらー-「め」弾き語りver.- - me Hikigatari Version,2020-06,anime,0.0,False,194560,0.746,0.848,0.66,0.0008789999999999,D#,0.143,-1.5590000000000002,Minor,0.0466,140.102,0.6609999999999999
1YLxQZIGsaZq9rvFu8zeRz,Sayuri,Japan,14J8UMRVxsHe8SicE8tGje,月と花束-「め」弾き語りver.- - me Hikigatari Version,2020-06,anime,0.0,False,276120,0.866,0.598,0.647,0.0,B,0.193,-1.082,Major,0.0602,175.114,0.574
1YLxQZIGsaZq9rvFu8zeRz,Sayuri,Japan,40N3GiGyj8qxpvZ1mdh42G,来世で会おう-「め」弾き語りver.- - me Hikigatari Version,2020-06,anime,0.0,False,275947,0.851,0.701,0.642,1.13e-05,G#,0.3389999999999999,-1.11,Major,0.0385,145.91299999999995,0.5379999999999999
1YLxQZIGsaZq9rvFu8zeRz,Sayuri,Japan,28HD8nvZbgYTWasgXCgR6P,レイメイ-「め」弾き語りver.- - me Hikigatari Version,2020-06,anime,0.0,False,314212,0.852,0.69,0.722,0.0,C#,0.0668,-1.284,Major,0.0397,92.506,0.581
1YLxQZIGsaZq9rvFu8zeRz,Sayuri,Japan,5Fr0qtZlLYsOhveI2BF4b2,十億年-「め」弾き語りver.- - me Hikigatari Version,2020-06,anime,0.0,False,326747,0.84,0.6990000000000001,0.531,5.94e-06,D#,0.0873,-1.771,Minor,0.0441,165.87400000000005,0.3329999999999999
568ZhdwyaiCyOGJRtNYhWf,Deep Purple,Europe,59Qn6zHGeVzg6Brhqcmjoz,Soldier of Fortune,2016-11,hard rock,0.0,False,193653,0.417,0.546,0.2739999999999999,2.99e-05,D,0.109,-15.07,Minor,0.027,66.809,0.228
1dfeR4HaWDbWqFHLkxsg1d,Queen,Europe,1Vdn6Ll4Je52FR1yF8ciKk,Don't Stop Me Now - 2011 Remaster,2018-07,classic rock,0.0,False,209507,0.0741,0.5660000000000001,0.862,0.0011099999999999,F,0.532,-6.072,Major,0.205,156.433,0.593
36QJpDe2go2KgaRleHCDTp,Led Zeppelin,Europe,3tcaltthSz9s6awB6koVRo,Good Times Bad Times - Remaster,2007-01,classic rock,47.0,False,167733,0.0803,0.457,0.718,2.13e-06,D,0.0513,-9.994,Major,0.0881,93.395,0.6859999999999999
36QJpDe2go2KgaRleHCDTp,Led Zeppelin,Europe,0ducHx1R45CnEloZ6tUVuC,Babe I'm Gonna Leave You - Remaster,2007-01,classic rock,48.0,False,402920,0.365,0.408,0.465,6.01e-05,E,0.215,-11.772,Minor,0.0338,135.668,0.151
36QJpDe2go2KgaRleHCDTp,Led Zeppelin,Europe,1uBMgVAUYLnzVL5uQT88FP,Whole Lotta Love - Remaster,2007-01,classic rock,53.0,False,329760,0.0627,0.444,0.892,0.0354,A,0.417,-11.367,Major,0.424,88.06299999999996,0.3939999999999999
36QJpDe2go2KgaRleHCDTp,Led Zeppelin,Europe,3Qjm0halGOZZGIS1tNaXlI,Ramble On - Remaster,2007-01,classic rock,49.0,False,268880,0.179,0.451,0.555,0.00327,D,0.077,-13.15,Major,0.0344,98.683,0.8340000000000001
36QJpDe2go2KgaRleHCDTp,Led Zeppelin,Europe,3I7a9joX0lJnK9XzE38GnD,Heartbreaker - Remaster,2007-01,classic rock,48.0,False,255507,0.0701,0.397,0.723,0.0703,D,0.142,-9.197,Major,0.0884,96.894,0.5429999999999999
36QJpDe2go2KgaRleHCDTp,Led Zeppelin,Europe,3Wunwn44wcWRNB4zb03AvA,Since I've Been Loving You - Remaster,2007-01,classic rock,47.0,False,444800,0.00216,0.3879999999999999,0.356,0.0762,F,0.139,-11.187,Minor,0.0348,118.199,0.3379999999999999
36QJpDe2go2KgaRleHCDTp,Led Zeppelin,Europe,7HQrFPtLEpgTJaEVujH8OO,Rock and Roll - Remaster,2007-01,classic rock,51.0,False,220880,0.00091,0.317,0.879,0.0014199999999999,A,0.0972,-7.532999999999999,Major,0.0406,169.53400000000005,0.8490000000000001
36QJpDe2go2KgaRleHCDTp,Led Zeppelin,Europe,3nsUVlntPIksDvhHdZZhiu,Black Dog - Remaster,2007-01,classic rock,53.0,False,295507,0.4,0.407,0.866,0.0409,E,0.27,-8.048,Minor,0.0996,80.813,0.723
36QJpDe2go2KgaRleHCDTp,Led Zeppelin,Europe,3BGwxsmbbOe2jmZfh5CUAO,When the Levee Breaks - Remaster,2007-01,classic rock,47.0,False,430320,0.0021,0.266,0.759,0.579,F,0.0561,-8.224,Major,0.0328,143.929,0.813
36QJpDe2go2KgaRleHCDTp,Led Zeppelin,Europe,12wlYeErSUNGg1B5d64077,Stairway to Heaven - Remaster,2007-01,classic rock,52.0,False,485013,0.609,0.3379999999999999,0.332,0.00432,A,0.142,-12.254,Minor,0.0352,81.95700000000002,0.204
36QJpDe2go2KgaRleHCDTp,Led Zeppelin,Europe,6gQOsok1o9YY6vU1W5ZzWX,The Song Remains the Same - Remaster,2007-01,classic rock,41.0,False,331360,0.0657,0.256,0.8,0.657,G,0.244,-8.394,Major,0.0539,143.638,0.684
36QJpDe2go2KgaRleHCDTp,Led Zeppelin,Europe,5iNr7y6iWNkwVvVeOXSLT5,D'yer Mak'er - Remaster,2007-01,classic rock,45.0,False,262760,0.25,0.526,0.918,4.54e-05,A,0.0778,-8.789,Minor,0.0771,164.453,0.578
36QJpDe2go2KgaRleHCDTp,Led Zeppelin,Europe,6mkBbzyfK0EpywDk17taBg,Trampled Under Foot - Remaster,2007-01,classic rock,42.0,False,336667,0.238,0.568,0.8370000000000001,0.3279999999999999,D,0.0754,-7.744,Minor,0.059,111.186,0.833
36QJpDe2go2KgaRleHCDTp,Led Zeppelin,Europe,5kxqPQ5Gasw1jXyBDCPDkN,Houses of the Holy - Remaster,2007-01,classic rock,41.0,False,244680,0.15,0.631,0.85,0.0627,A,0.562,-8.52,Major,0.0347,123.086,0.944
36QJpDe2go2KgaRleHCDTp,Led Zeppelin,Europe,5v2vkoTamoisazJFanHJjk,Kashmir - Remaster,2007-01,classic rock,51.0,False,517120,0.4479999999999999,0.484,0.609,0.0007,D,0.0415,-8.81,Major,0.0483,80.483,0.61
36QJpDe2go2KgaRleHCDTp,Led Zeppelin,Europe,4KF1kzyeyPrgafyVm2UgQg,Nobody's Fault but Mine - Remaster,2007-01,classic rock,41.0,False,388787,0.0571,0.278,0.767,0.1669999999999999,A,0.221,-9.454,Major,0.0736,93.236,0.439
36QJpDe2go2KgaRleHCDTp,Led Zeppelin,Europe,4wCMKxkE3eMOTtlAx0NFEM,Achilles Last Stand - Remaster,2007-01,classic rock,44.0,False,630880,0.0211,0.3289999999999999,0.867,0.00856,D,0.134,-8.789,Major,0.0506,145.81,0.315
36QJpDe2go2KgaRleHCDTp,Led Zeppelin,Europe,7uBnSdqm07uMBrp7nBmMu9,In the Evening - Remaster,2007-01,classic rock,39.0,False,413920,0.0138,0.4320000000000001,0.7859999999999999,0.102,D,0.144,-8.23,Major,0.0451,104.062,0.4370000000000001
0XNa1vTidXlvJ2gHSsRi4A,Franz Ferdinand,Europe,3wr2ZyahX0i5OE5zvJtCla,Darts Of Pleasure,2005-08,indie rock,4.0,False,242360,0.00161,0.275,0.966,0.000665,G,0.92,-3.939,Major,0.16,165.468,0.445
0k17h0D3J5VfsdmQ1iZtE9,Pink Floyd,Europe,0iJfN2CqrX7O8hkzgAMMAf,Cluster One,1994-01,progressive rock,55.0,False,355634,0.767,0.222,0.0555,0.923,C,0.118,-22.118,Major,0.0321,98.941,0.033
568ZhdwyaiCyOGJRtNYhWf,Deep Purple,Europe,06vc4Xgzwh5RduVBplSndq,Soldier of Fortune,2018-08,hard rock,0.0,False,193653,0.417,0.546,0.2739999999999999,2.99e-05,D,0.109,-15.07,Minor,0.027,66.809,0.228
